exchange,source_slug,market_id,event_group,outcome_index,outcome_name,token_id,synthetic_binary,title,yes_sub_title,no_sub_title,volume,created_at,end_date,resolver_type,resolver_evidence,market_family,predicate,subject,obj,scope,deadline,season,threshold,direction,contract_key,entity_signature,parse_confidence,parse_reason
kalshi,zelensky_suit,KXBILATERALMENTION-25JUN06-NATO,KXBILATERALMENTION-25JUN06,,,,False,What will Trump say during next bilateral meeting with a foreign leader in the Oval Office?,NATO,NATO,13242.0,2025-06-05 18:01:18.417885-07:00,2025-07-16 20:23:45.910361-07:00,,,,,,,,,,,,,,0.0,no supported template
kalshi,zelensky_suit,KXBOYCOTTWC-26,KXBOYCOTTWC-26,,,,False,Will any NATO member state boycott the USA World Cup in 2026?,Before 2026,Before 2026,2259.0,2025-04-01 06:15:35.633521-07:00,2026-06-11 07:00:00-07:00,,,,,,,,,,,,,,0.0,no supported template
kalshi,mineral_rights;zelensky_suit,KXELECTUKRAINE-26,KXELECTUKRAINE-26,,,,False,Will Ukraine hold a presidential election before 2026?,Before 2026,Before 2026,111438.0,2025-03-05 08:30:49.987302-08:00,2026-01-01 07:00:00-08:00,,,election,hold_election,,,ukraine_presidential,year:2025,2026,,,election|hold_election|ukraine_presidential|year:2025|2026,election|hold_election|ukraine_presidential|2026,0.86,election template
kalshi,zelensky_suit,KXEUROVISIONTELEVOTE-25-UKR,KXEUROVISIONTELEVOTE-25,,,,False,Who will win the Televote in Eurovision 2025?,Ukraine,Ukraine,0.0,2025-05-15 14:56:04.975108-07:00,2025-12-31 07:00:00-08:00,,,,,,,,,,,,,,0.0,no supported template
kalshi,zelensky_suit,KXFLIGHTSRUSSIA-25,KXFLIGHTSRUSSIA-25,,,,False,Will U.S. direct flights to Russia resume in 2025?,In 2025,In 2025,37136.0,2025-03-18 18:55:27.941249-07:00,2025-12-31 07:00:00-08:00,,,,,,,,,,,,,,0.0,no supported template
kalshi,mineral_rights;zelensky_suit,KXFRIDMAN-26JAN01-VP,KXFRIDMAN-26JAN01,,,,False,"Will Vladimir Putin go on the Lex Fridman Podcast before Jan 1, 2026?",Vladimir Putin,Vladimir Putin,8995.0,2024-12-02 21:23:56.926902-08:00,2026-01-01 07:00:00-08:00,,,,,,,,,,,,,,0.0,no supported template
kalshi,zelensky_suit,KXFTACOUNTRIES-26-RUS,KXFTACOUNTRIES-26,,,,False,"Will Trump make a new  before Jan 1, 2026?",Russia,Russia,10741.0,2025-05-17 13:05:30.654542-07:00,2026-01-01 07:00:00-08:00,,,,,,,,,,,,,,0.0,no supported template
kalshi,mineral_rights,KXGOVTRECOGSYRIA-25-RU,KXGOVTRECOGSYRIA-25,,,,False,Will Russia reocgnize the new government of opposition-led government of Syria before Apr 2025?,Russia,Russia,60317.0,2024-12-17 10:07:23.956119-08:00,2025-04-01 05:49:57.981480-07:00,,,,,,,,,,,,,,0.0,no supported template
kalshi,zelensky_suit,KXLEADERMEETPOPE-26-VPUT,KXLEADERMEETPOPE-26,,,,False,Who will Pope Leo XIV meet with before 2026?,Vladimir Putin,Vladimir Putin,1402.0,2025-06-18 15:39:15.537975-07:00,2026-01-01 07:00:00-08:00,,,,,,,,,,,,,,0.0,no supported template
kalshi,zelensky_suit,KXLEADEROUT-25-VPUT,KXLEADEROUT-25,,,,False,Vladimir Putin out this year?,Vladimir Putin,Vladimir Putin,4073.0,2025-05-19 08:31:28.775998-07:00,2025-08-01 07:00:00-07:00,,,office_exit,leave_office,vladimir_putin,,,year:2025,,,,office_exit|leave_office|vladimir_putin|year:2025,office_exit|leave_office|vladimir_putin,0.88,office exit template
kalshi,mineral_rights;zelensky_suit,KXMARALAGO-26-VZ,KXMARALAGO-26,,,,False,"Will Volodymyr Zelenskyy be reported to visit Mar-a-Lago before Jan 1, 2026?",Volodymyr Zelenskyy,Volodymyr Zelenskyy,6576.0,2024-12-04 14:02:04.433022-08:00,2026-01-01 07:00:00-08:00,,,leader_contact,visit,volodymyr_zelenskyy,mar_a_lago,,year:2025,,,,leader_contact|visit|volodymyr_zelenskyy|mar_a_lago|year:2025,leader_contact|visit|volodymyr_zelenskyy|mar_a_lago,0.92,leader contact template
kalshi,zelensky_suit,KXMENWORLDCUP-26-UA,KXMENWORLDCUP-26,,,,False,Will the Ukraine win the 2026 Men's World Cup?,Ukraine,Ukraine,10745.0,2025-05-14 11:24:06.529784-07:00,2028-07-18 07:00:00-07:00,,,sports,win,ukraine,,fifa_world_cup,,2026,,,sports|win|ukraine|fifa_world_cup|2026,sports|win|ukraine|fifa_world_cup|2026,0.86,sports outcome template
kalshi,mineral_rights;zelensky_suit,KXMOONMAN-31-R,KXMOONMAN-31,,,,False,Which country will be the next to send humans to the Moon?,Russia,Russia,1494.0,2024-11-27 15:38:20.969040-08:00,2031-01-01 07:00:00-08:00,,,,,,,,,,,,,,0.0,no supported template
kalshi,zelensky_suit,KXMUSKVISIT-25-RUS,KXMUSKVISIT-25,,,,False,What countries will Elon Musk visit this year?,Russia,Russia,213.0,2025-03-18 05:34:11.150579-07:00,2025-12-31 07:00:00-08:00,,,,,,,,,,,,,,0.0,no supported template
kalshi,mineral_rights;zelensky_suit,KXNOBELPEACE-25-VZEL,KXNOBELPEACE-25,,,,False,Who will win the Nobel Peace Prize?,Volodymyr Zelenskyy,Volodymyr Zelenskyy,103929.0,2025-02-25 07:44:01.250653-08:00,2025-10-10 04:59:46.024250-07:00,,,,,,,,,,,,,,0.0,no supported template
kalshi,zelensky_suit,KXPOPEVISITNEXT-26-UA,KXPOPEVISITNEXT-26,,,,False,Which country will the Pope visit next?,Ukraine,Ukraine,2263.0,2025-06-18 15:36:17.896349-07:00,2026-01-01 07:00:00-08:00,,,,,,,,,,,,,,0.0,no supported template
kalshi,zelensky_suit,KXPOPEVISITSECOND-26-UA,KXPOPEVISITSECOND-26,,,,False,Which country will the Pope visit next?,Ukraine,Ukraine,0.0,2025-06-18 19:20:30.062750-07:00,2026-01-01 07:00:00-08:00,,,,,,,,,,,,,,0.0,no supported template
kalshi,mineral_rights;zelensky_suit,KXPRESVISIT-26-RU,KXPRESVISIT-26,,,,False,Will Trump visit Russia in the first year?,Russia,Russia,203808.0,2024-12-17 10:23:47.012876-08:00,2026-01-01 07:00:00-08:00,,,leader_contact,visit,donald_trump,russia,,period:first_year,,,,leader_contact|visit|donald_trump|russia|period:first_year,leader_contact|visit|donald_trump|russia,0.92,leader contact template
kalshi,mineral_rights;zelensky_suit,KXPRESVISIT-26-UKR,KXPRESVISIT-26,,,,False,Will Trump visit Ukraine in the first year?,Ukraine,Ukraine,23975.0,2024-12-17 10:23:47.012875-08:00,2026-01-01 07:00:00-08:00,,,leader_contact,visit,donald_trump,ukraine,,period:first_year,,,,leader_contact|visit|donald_trump|ukraine|period:first_year,leader_contact|visit|donald_trump|ukraine,0.92,leader contact template
kalshi,mineral_rights;zelensky_suit,KXSECSTATEVISIT-26-RUS,KXSECSTATEVISIT-26,,,,False,Will the Secretary of State visit Russia before 2026?,Russia,Russia,8172.0,2025-02-25 13:32:22.730495-08:00,2026-01-01 07:00:00-08:00,,,,,,,,,,,,,,0.0,no supported template
kalshi,zelensky_suit,KXTIMEDECADE20S-30-VZEL,KXTIMEDECADE20S-30,,,,False,Who will Time name as Person of the Decade?,Volodymyr Zelenskyy,Volodymyr Zelenskyy,797.0,2025-05-29 19:02:35.850153-07:00,2030-01-31 07:00:00-08:00,,,,,,,,,,,,,,0.0,no supported template
kalshi,zelensky_suit,KXTPSUKR-25,KXTPSUKR-25,,,,False,Will Temporary Protected Status for Ukraine end in 2025?,In 2025,In 2025,11557.0,2025-03-18 18:34:52.385787-07:00,2025-12-31 07:00:00-08:00,,,,,,,,,,,,,,0.0,no supported template
kalshi,mineral_rights;zelensky_suit,KXUKRAINERESIGN-26,KXUKRAINERESIGN-26,,,,False,"Will Volodymyr Zelenskyy resign before Jan 1, 2026?",Before 2026,Before 2026,200256.0,2025-03-05 08:31:39.586364-08:00,2026-01-01 07:00:00-08:00,,,office_exit,resign,volodymyr_zelenskyy,,,year:2025,,,,office_exit|resign|volodymyr_zelenskyy|year:2025,office_exit|resign|volodymyr_zelenskyy,0.88,office exit template
kalshi,mineral_rights;zelensky_suit,KXUKRIMPEACH-26,KXUKRIMPEACH-26,,,,False,Will Zelenskyy be removed from office by the Ukrainian parliamenent before 2026?,Before 2026,Before 2026,32893.0,2025-03-05 08:33:32.142719-08:00,2026-01-01 07:00:00-08:00,,,office_exit,removed_from_office,volodymyr_zelenskyy,,,year:2025,,,,office_exit|removed_from_office|volodymyr_zelenskyy|year:2025,office_exit|removed_from_office|volodymyr_zelenskyy,0.88,office exit template
kalshi,mineral_rights,KXUSAMBNATO-25-APR,KXUSAMBNATO-25,,,,False,When will Trump's nominee for Ambassador to NATO be confirmed?,Before Apr 2025,Before Apr 2025,6079.0,2025-03-14 19:07:00.715424-07:00,2025-04-01 07:00:00-07:00,,,,,,,,,,,,,,0.0,no supported template
kalshi,mineral_rights,KXUSAMBNATO-25-DEC,KXUSAMBNATO-25,,,,False,When will Trump's nominee for Ambassador to NATO be confirmed?,Before Dec 2025,Before Dec 2025,0.0,2025-03-14 19:07:00.715425-07:00,2025-04-02 07:52:32.593051-07:00,,,,,,,,,,,,,,0.0,no supported template
kalshi,mineral_rights,KXUSAMBNATO-25-JUL,KXUSAMBNATO-25,,,,False,When will Trump's nominee for Ambassador to NATO be confirmed?,Before Jul 2025,Before Jul 2025,0.0,2025-03-14 19:07:00.715425-07:00,2025-04-02 07:52:20.407794-07:00,,,,,,,,,,,,,,0.0,no supported template
kalshi,mineral_rights,KXUSAMBNATO-25-JUN,KXUSAMBNATO-25,,,,False,When will Trump's nominee for Ambassador to NATO be confirmed?,Before Jun 2025,Before Jun 2025,0.0,2025-03-14 19:07:00.715425-07:00,2025-04-02 07:52:09.253723-07:00,,,,,,,,,,,,,,0.0,no supported template
kalshi,mineral_rights,KXUSAMBNATO-25-MAY,KXUSAMBNATO-25,,,,False,When will Trump's nominee for Ambassador to NATO be confirmed?,Before May 2025,Before May 2025,3700.0,2025-03-14 19:07:00.715425-07:00,2025-04-02 07:51:56.363803-07:00,,,,,,,,,,,,,,0.0,no supported template
kalshi,mineral_rights,KXWHVISIT-25-VP,KXWHVISIT-25,,,,False,"Will Vladimir Putin visit the White House before Apr 1, 2025?",Vladimir Putin,Vladimir Putin,88110.0,2025-01-29 15:14:16.694023-08:00,2025-04-01 07:00:00-07:00,,,leader_contact,visit,vladimir_putin,the_white_house,,before:2025-04-01,,,,leader_contact|visit|vladimir_putin|the_white_house|before:2025-04-01,leader_contact|visit|vladimir_putin|the_white_house,0.92,leader contact template
kalshi,zelensky_suit,KXWHVISIT-26JAN-VPUT,KXWHVISIT-26JAN,,,,False,"Will Vladimir Putin visit the White House before Jan 1, 2026?",Vladimir Putin,Vladimir Putin,23188.0,2025-05-01 16:14:42.680313-07:00,2026-01-01 07:00:00-08:00,,,leader_contact,visit,vladimir_putin,the_white_house,,year:2025,,,,leader_contact|visit|vladimir_putin|the_white_house|year:2025,leader_contact|visit|vladimir_putin|the_white_house,0.92,leader contact template
kalshi,zelensky_suit,KXWHVISIT-26JAN-VZEL,KXWHVISIT-26JAN,,,,False,"Will Volodymyr Zelenskyy visit the White House before Jan 1, 2026?",Volodymyr Zelenskyy,Volodymyr Zelenskyy,36535.0,2025-05-01 16:14:42.680313-07:00,2025-08-23 11:38:52.146315-07:00,,,leader_contact,visit,volodymyr_zelenskyy,the_white_house,,year:2025,,,,leader_contact|visit|volodymyr_zelenskyy|the_white_house|year:2025,leader_contact|visit|volodymyr_zelenskyy|the_white_house,0.92,leader contact template
kalshi,mineral_rights;zelensky_suit,KXWLEADER-25-VP,KXWLEADER-25,,,,False,Will Trump meet with Vladimir Putin before 2026?,Vladimir Putin,Vladimir Putin,284943.0,2025-01-03 15:46:35.854834-08:00,2025-08-15 12:19:58.491357-07:00,,,leader_contact,meet,donald_trump,vladimir_putin,,year:2025,,,,leader_contact|meet|donald_trump|vladimir_putin|year:2025,leader_contact|meet|donald_trump|vladimir_putin,0.92,leader contact template
kalshi,mineral_rights,KXWLEADERUKR-25MAR-VZEL,KXWLEADERUKR-25MAR,,,,False,Will Trump meet with Volodomyr Zelenskyy before 2025?,Volodomyr Zelenskyy,Volodomyr Zelenskyy,144172.0,2025-03-05 09:33:30.674741-08:00,2025-03-31 07:00:00-07:00,,,leader_contact,meet,donald_trump,volodymyr_zelenskyy,,year:2024,,,,leader_contact|meet|donald_trump|volodymyr_zelenskyy|year:2024,leader_contact|meet|donald_trump|volodymyr_zelenskyy,0.92,leader contact template
polymarket,mineral_rights,507311,0x9de98a4e1f5736ced9bdb199025024b77c1a0df3927c651b4e60a33fb4289695,0,Yes,102006319303460238827563664446951754516041393632850360444322469125777577388771,False,Will Shakhtar Donetsk win the UEFA Champions League?,,,25469002.1878365,2024-09-17 10:36:10.084639-07:00,2025-05-31 05:00:00-07:00,,,sports,win,shakhtar_donetsk,,uefa_champions_league,,,,,sports|win|shakhtar_donetsk|uefa_champions_league,sports|win|shakhtar_donetsk|uefa_champions_league,0.86,sports outcome template
polymarket,mineral_rights,507984,0xfca3e637b1b126a59dd2aac2ca89d501f30c0aacb5dbf9b7b5f1d2c18ca00a55,0,Yes,50284187941943469569202009194355917949339120733469101749033950310686959468007,False,Will Dynamo Kyiv win the UEFA Europa League?,,,6108207.296014,2024-09-24 12:11:29.177343-07:00,2025-05-21 05:00:00-07:00,,,,,,,,,,,,,,0.0,no supported template
polymarket,mineral_rights,510319,0xa5ac4cdcfff44ddfb0d332d33575f766414465786fb7d4350782db40d5e9da11,0,Yes,84888738552927367074645370589243532246434846262240067551074642775011167355434,False,Trump ends Ukraine war in first 90 days?,,,56491984.2956951,2024-10-21 11:09:12.014074-07:00,2025-04-20 05:00:00-07:00,,,,,,,,,,,,,,0.0,no supported template
polymarket,mineral_rights,514344,0x5b2691a691ece9066c2b855815e6c8784011833b17d85c65976dc7494b18e002,0,Yes,79681138582996578936112424473443297360371347707818627875085391658883171031838,False,Will Russia abandon Syrian naval base before April?,,,2431621.702986,2024-12-01 09:00:48.764766-08:00,2025-03-31 05:00:00-07:00,,,,,,,,,,,,,,0.0,no supported template
polymarket,mineral_rights,514345,0x4fccc0dcb625ea55ff1ca0409bb44fe1952c04bc16cf5255002ceb2cc3791888,0,Yes,73432865330187359615116518915785578019135296136481914503949203524570605991453,False,Will Russia pull out of Syria before April 2025?,,,736775.609243,2024-12-01 09:06:14.413039-08:00,2025-03-31 05:00:00-07:00,,,,,,,,,,,,,,0.0,no supported template
polymarket,mineral_rights,515428,0x0828fb562474c6c4647fb3471db0e85ce5c1f65c0765817ebd456b85aa306ba2,0,Yes,40451307696519568366199028857248155148021305424168844087204231770158762576473,False,Will Russia recognize Syrian government by March 31?,,,219520.737802,2024-12-11 13:43:25.007768-08:00,2025-03-31 05:00:00-07:00,,,,,,,,,,,,,,0.0,no supported template
polymarket,mineral_rights,516143,0x4cfe8afc969fc85f4aa92ef01e8c82b84f773ea1cdf198d694ef9da1155393eb,0,Yes,25742247876332768458781360292043764039507900813404980298479194684402595556451,False,Will Putin meet with Trump in first 100 days?,,,6796181.626846,2024-12-20 10:24:41.141666-08:00,2025-04-29 05:00:00-07:00,,,leader_contact,meet,donald_trump,vladimir_putin,,period:first_100_days,,,,leader_contact|meet|donald_trump|vladimir_putin|period:first_100_days,leader_contact|meet|donald_trump|vladimir_putin,0.92,leader contact template
polymarket,mineral_rights,516187,0x73b046b7970a1780f1d7a0cacf73413325911dd87cdc5b63cfdc27496110fb1b,0,Yes,56333219586489855674685549932194420713208928308331628771337419037140355178076,False,Will Turkey leave NATO by June 30?,,,65478.635547,2024-12-20 14:37:35.317833-08:00,2025-06-30 05:00:00-07:00,,,,,,,,,,,,,,0.0,no supported template
polymarket,mineral_rights,516189,0x98f8c3c5ce0af4b45b30b1323e132f1f430cea4df5de4089dade2e23082e1743,0,Yes,71685983838843709915160975671540060908877886707703474939962098991499689519711,False,Will Ukraine join NATO before July?,,,148817.631713,2024-12-20 14:56:49.481643-08:00,2025-06-30 05:00:00-07:00,,,,,,,,,,,,,,0.0,no supported template
polymarket,mineral_rights,516190,0x4b1470a1d83fe0e9e5e7edfd68ca0517fdd1386e412d2203d27a5c2832ed60c1,0,Yes,83080252071092689902932666850490074811760131055025811650818073654402601835484,False,Will Putin remain President of Russia through June?,,,1098391.834422,2024-12-20 15:16:42.922838-08:00,2025-06-30 05:00:00-07:00,,,,,,,,,,,,,,0.0,no supported template
polymarket,mineral_rights,516315,0xa07f15fdd0baa90adf78bd4d66543083334a7e5235a95fa5f241c4e519ea83f6,0,Yes,9252583647094848244431316973245869222379640287360099162283052699401101960353,False,Will US leave NATO by June 30?,,,622057.522977,2024-12-23 08:00:13.432307-08:00,2025-06-30 05:00:00-07:00,,,,,,,,,,,,,,0.0,no supported template
polymarket,mineral_rights;zelensky_suit,516715,0x9bacdaac65cbe257e96e58daf343c56879ea9003bdaed7cdb8cfcd1a82121d3a,0,Yes,5802460671946751538636185453975614627729230853286731735057811449821051691611,False,Ukraine joins NATO in 2025?,,,245327.51675,2024-12-29 10:45:23.330261-08:00,2025-12-31 04:00:00-08:00,,,,,,,,,,,,,,0.0,no supported template
polymarket,mineral_rights;zelensky_suit,516719,0x8ee2f1640386310eb5e7ffa596ba9335f2d324e303d21b0dfea6998874445791,0,Yes,15974786252393396629980467963784550802583781222733347534844974829144359265969,False,Russia x Ukraine ceasefire in 2025?,,,73752993.267722,2024-12-29 10:47:35.140745-08:00,2025-12-31 04:00:00-08:00,,,,,,,,,,,,,,0.0,no supported template
polymarket,mineral_rights;zelensky_suit,517073,0x949052e68f38931266d5d755f89a8cffab18b7837891d018a550457feec2e754,0,Yes,46900460840406661483474634104595482418501684854096906918305683910102403871123,False,Assad leaves Russia before 2026?,,,61480.487731,2025-01-02 06:55:56.326639-08:00,2025-12-31 04:00:00-08:00,,,,,,,,,,,,,,0.0,no supported template
polymarket,mineral_rights,517693,0x60e45f2a5cccd16fd60eda5f96670f946b2281b7ce59595b621eee05de4eda49,0,Yes,69226537548379102137110260910766942274764101034650179979960227372969528243604,False,Will Russia abandon Syrian naval base before July?,,,133894.428883,2025-01-06 13:13:00.580668-08:00,2025-06-30 05:00:00-07:00,,,,,,,,,,,,,,0.0,no supported template
polymarket,mineral_rights;zelensky_suit,518889,0xc0531ca3aa67e9aec21f8265fdacf39f960c24f3faed1a3e5ac9b4613e6fcd98,0,Yes,76417393963448037479806799796874747547221511591996743269503725518742470496274,False,Will Donald Trump visit Russia in 2025?,,,986854.873282,2025-01-16 09:57:52.426541-08:00,2025-12-31 04:00:00-08:00,,,leader_contact,visit,donald_trump,russia,,year:2025,,,,leader_contact|visit|donald_trump|russia|year:2025,leader_contact|visit|donald_trump|russia,0.92,leader contact template
polymarket,mineral_rights;zelensky_suit,518890,0x08e4a29cfed319d93843bf78a0953f70c203fdc98051bb4a886483b4cc2ceb8a,0,Yes,1820990530457734990844221236379424325571531338274179313320944848555296238885,False,Will Donald Trump visit Ukraine in 2025?,,,79206.386456,2025-01-16 09:58:54.179238-08:00,2025-12-31 04:00:00-08:00,,,leader_contact,visit,donald_trump,ukraine,,year:2025,,,,leader_contact|visit|donald_trump|ukraine|year:2025,leader_contact|visit|donald_trump|ukraine,0.92,leader contact template
polymarket,mineral_rights,519048,0x45dfeb8088ef684004f6da7ab453cb1e7cacb14330b06a4eb7ba556e47201c43,0,Yes,74534059827731044353009484655251717921023956616694121520435859117169009979824,False,Zelenskyy out as Ukraine president before July?,,,3541319.915162,2025-01-17 10:03:25.827092-08:00,2025-06-30 05:00:00-07:00,,,office_exit,leave_office,volodymyr_zelenskyy,,,before:2025-07-01,,,,office_exit|leave_office|volodymyr_zelenskyy|before:2025-07-01,office_exit|leave_office|volodymyr_zelenskyy,0.88,office exit template
polymarket,mineral_rights,519628,0x5412ae25e97078f814157de948459d59c6221b4c4c495fdd57b536543ad36729,0,Yes,39327269875426915204597944387916069897800289788920336317845465327697809453999,False,Russia x Ukraine ceasefire before July?,,,17125742.5248,2025-01-22 10:49:18.013328-08:00,2025-06-30 05:00:00-07:00,,,,,,,,,,,,,,0.0,no supported template
polymarket,mineral_rights,519711,0x0ff3c9a02e75c984371ca27a0527e66d01f9781f3e0889c8a777c7eabf7e2d27,0,Yes,111156766687709638910206270286171712912234553400919220719575426074300830941063,False,Fauci extradited to Russia before April?,,,683822.076241,2025-01-22 15:31:37.945342-08:00,2025-03-31 05:00:00-07:00,,,,,,,,,,,,,,0.0,no supported template
polymarket,mineral_rights,519736,0x9e7a49b1879cbbe71acddda37f20a510dc130a77d35872abf61200d5626b1987,0,Yes,63894828884807366836211275957245556698359823645556214866812004935138375830618,False,Ukraine lowers conscription age before May 9?,,,206610.641303,2025-01-23 08:01:15.076734-08:00,2025-05-09 05:00:00-07:00,,,,,,,,,,,,,,0.0,no supported template
polymarket,mineral_rights,519844,0xe8834c7ad3a6f044bd8657185dfdccd74d34e5914c7b7b187cd983224553b3ba,0,Yes,40914113765279699847589045742755525912767460490196542143342551731171071232917,False,Will Trump meet with Volodymyr Zelenskyy in his first 100 days?,,,541368.592052,2025-01-23 14:55:08.028755-08:00,2025-04-29 05:00:00-07:00,,,leader_contact,meet,donald_trump,volodymyr_zelenskyy,,period:first_100_days,,,,leader_contact|meet|donald_trump|volodymyr_zelenskyy|period:first_100_days,leader_contact|meet|donald_trump|volodymyr_zelenskyy,0.92,leader contact template
polymarket,mineral_rights,521017,0x9594bd3e3ccbdba06624e883d13e58fa5c96bbd583ed8ec39ff1925c7122757c,0,Yes,63182977171719536185590504061028033371838908242930582322019726404858111508240,False,Will Russia capture Pokrovsk by March 31?,,,227697.921172,2025-01-30 10:26:51.130879-08:00,2025-03-31 05:00:00-07:00,,,,,,,,,,,,,,0.0,no supported template
polymarket,mineral_rights,521025,0xb303fceda7906a905f697c1f9eac462da9cd8c9b1a8d18898363437a7be31561,0,Yes,50391907985844971368730434370554275352555306650304559981296724287110163889372,False,Will Russia capture Pokrovsk by June 30?,,,577005.485231,2025-01-30 10:39:25.051758-08:00,2025-06-30 05:00:00-07:00,,,,,,,,,,,,,,0.0,no supported template
polymarket,mineral_rights,521026,0xd5a64f75a5d7107e53e7c3eaf52865624a0c79ad8c41379faef4285494991326,0,Yes,49473000926194462184545427213242554383104595845909786504578023251386790224858,False,Will Russia capture Pokrovsk by December 31?,,,958806.306985,2025-01-30 10:40:05.309161-08:00,2025-06-30 05:00:00-07:00,,,,,,,,,,,,,,0.0,no supported template
polymarket,mineral_rights,521041,0xd6243623b48dbccc42461df4e3c478a467de726eee19a477df0911f77b38cba6,0,Yes,83524440200143860657028178945801858366378129256359488825050609853223919531809,False,Will Russia capture Siversk before May?,,,121791.363829,2025-01-30 12:29:41.477847-08:00,2025-04-30 05:00:00-07:00,,,,,,,,,,,,,,0.0,no supported template
polymarket,mineral_rights,521100,0x33acd15d84b5b0cb3125425fff9abb9f84260ad6cdd658e57230627c83ede60f,0,Yes,14990029861718662869816237869973544862792282285138092644462921007650993247380,False,Will Russia recapture Sudzha by April 30?,,,302652.40591,2025-01-30 16:18:49.374361-08:00,2025-04-30 05:00:00-07:00,,,,,,,,,,,,,,0.0,no supported template
polymarket,mineral_rights;zelensky_suit,521103,0x07f106c0b60e94d96a63954f0536811c1a0b054b958f26bb749689b620b72f50,0,Yes,103909253011351322759892776638669457027523901655815490042130382730360706229706,False,NATO/EU troops fighting in Ukraine in 2025?,,,170793.703881,2025-01-30 16:57:35.244062-08:00,2025-12-31 04:00:00-08:00,,,,,,,,,,,,,,0.0,no supported template
polymarket,mineral_rights,521499,0x87b7ea66b816a057a5d18f8f230ec016e8c9225a8c97a15e678c3de157305737,0,Yes,47692708638309429756044208432818720002044706296619873136468383174493259480485,False,Will Russia recapture Sudzha by June 30?,,,80628.548248,2025-02-02 19:54:27.695953-08:00,2025-06-30 05:00:00-07:00,,,,,,,,,,,,,,0.0,no supported template
polymarket,mineral_rights,521603,0x3ea4ec25d0491fa7c374ed61762ec9d604c52b56df0d8c5f30ccdb71a838bc1e,0,Yes,18833065283746804110550289341323864262410877417777323132151715138616977528841,False,Will Ukraine win Eurovision 2025?,,,1734956.735678,2025-02-03 11:56:09.782359-08:00,2025-05-17 05:00:00-07:00,,,,,,,,,,,,,,0.0,no supported template
polymarket,mineral_rights,521607,0x1663edea3eba0d1ae8f064276dd426cb0497a19bb5188dae48a2f8fa8ea34da8,0,Yes,60725874250423703620094276151916802462347260149939877434146037169740775578517,False,Ukraine agrees to Trump mineral deal before April?,,,7079947.244644,2025-02-03 12:08:04.503107-08:00,2025-03-31 05:00:00-07:00,,,,,,,,,,,,,,0.0,no supported template
polymarket,mineral_rights;zelensky_suit,522056,0x07555b0e89abe017ddde72e5d04f26f6b26a7f221cca5fcae54ca99dd984774d,0,Yes,96601928894191559916157952751631886797424000157973909225754084049773554405468,False,Ukraine agrees not to join NATO in 2025? ,,,1643257.827825,2025-02-06 13:55:33.636794-08:00,2025-12-31 04:00:00-08:00,,,,,,,,,,,,,,0.0,no supported template
polymarket,mineral_rights;zelensky_suit,522057,0x591f785022238c7ea2563553d93c024e451a18ea74d9bbd79a6126c0267c588a,0,Yes,48477409091695386761559202853239391470463303066983260592312960625658563043275,False,"Ukraine recognizes Russian sovereignty over its territory by December 31, 2025?",,,2130098.430134,2025-02-06 14:01:49.644084-08:00,2025-12-31 04:00:00-08:00,,,,,,,,,,,,,,0.0,no supported template
polymarket,mineral_rights;zelensky_suit,522878,0x0b5d28cc85d295a39897b524329653628d7de3378920ab63247c8af9d7ee03d3,0,Putin,5442743401928862894180841736263512191564084389996775978514134400673743050598,True,Will Trump meet with Putin or Zelenskyy first?,,,465247.688699,2025-02-11 10:41:56.219533-08:00,2025-12-31 04:00:00-08:00,,,leader_contact,meet,donald_trump,volodymyr_zelenskyy,,,,,,leader_contact|meet|donald_trump|volodymyr_zelenskyy,leader_contact|meet|donald_trump|volodymyr_zelenskyy,0.92,leader contact template
polymarket,mineral_rights;zelensky_suit,522878,0x0b5d28cc85d295a39897b524329653628d7de3378920ab63247c8af9d7ee03d3,1,Zelenskyy,55264189025055373090161890959631464405045385380191735792739072809428026021736,True,Will Trump meet with Putin or Zelenskyy first?,,,465247.688699,2025-02-11 10:41:56.219533-08:00,2025-12-31 04:00:00-08:00,,,leader_contact,meet,donald_trump,volodymyr_zelenskyy,,,,,,leader_contact|meet|donald_trump|volodymyr_zelenskyy,leader_contact|meet|donald_trump|volodymyr_zelenskyy,0.92,leader contact template
polymarket,mineral_rights,522894,0x07ee279bba9504331b98ed151db364f9562f5cf80baec6d7ab37b5e32221a6d6,0,Yes,81020312652589627285197771109762839746287006928172707150877539028691834065212,False,Will Russia capture Kupiansk by April 30?,,,65384.620266,2025-02-11 11:12:53.838311-08:00,2025-04-30 05:00:00-07:00,,,,,,,,,,,,,,0.0,no supported template
polymarket,mineral_rights;zelensky_suit,522895,0xe252404a63e04d8199105b91833a47471317be7307e2471a9349375694bc39c8,0,Yes,62643694748826312587911382162440534823433709821141516597510649054633548502810,False,Will Russia capture Kupiansk by August 31?,,,830318.639654,2025-02-11 11:13:47.985923-08:00,2025-08-31 05:00:00-07:00,,,,,,,,,,,,,,0.0,no supported template
polymarket,mineral_rights,523197,0x70d6726f639283c79ff2394d67edeb20c343da15a16242abc0ca253938422adf,0,Yes,76517872896411850784270344965682992803318434169987777444136970978963357739156,False,Will Trump visit Russia in first 100 days?,,,735454.119765,2025-02-12 13:46:09.799621-08:00,2025-04-29 05:00:00-07:00,,,leader_contact,visit,donald_trump,russia,,period:first_100_days,,,,leader_contact|visit|donald_trump|russia|period:first_100_days,leader_contact|visit|donald_trump|russia,0.92,leader contact template
polymarket,mineral_rights,523198,0xa503070c5f90c70e460260460637f50ded4d8886e0a3969c76c557d5377b42f3,0,Yes,17636133037698655711537839367918666335877935696344385855077943944327611242596,False,Will Putin visit the U.S. before July?,,,141775.399659,2025-02-12 13:58:11.712371-08:00,2025-06-30 05:00:00-07:00,,,leader_contact,visit,vladimir_putin,the_u_s,,before:2025-07-01,,,,leader_contact|visit|vladimir_putin|the_u_s|before:2025-07-01,leader_contact|visit|vladimir_putin|the_u_s,0.92,leader contact template
polymarket,mineral_rights;zelensky_suit,523343,0xf3d74c153a35436ff82a5f78200104975c5841140ace763f2954adb340cca511,0,Yes,22255463452594162709449800579658835371746668793825841462318307382376621533755,False,Ukraine election called in 2025?,,,982716.694339,2025-02-13 11:39:17.849008-08:00,2025-12-31 04:00:00-08:00,,,election,election_called,,,ukraine_presidential,year:2025,2025,,,election|election_called|ukraine_presidential|year:2025|2025,election|election_called|ukraine_presidential|2025,0.86,election template
polymarket,mineral_rights;zelensky_suit,523413,0x1b74c3efe140a09049e0eb6b6a2112e00fa4d199cdc718c1a58af1abf6d9e49d,0,Yes,46975241878566226675389813084558441099978633579735672808077735156890286559886,False,Will any country leave NATO in 2025?,,,277041.272422,2025-02-13 14:27:44.964669-08:00,2025-12-31 04:00:00-08:00,,,,,,,,,,,,,,0.0,no supported template
polymarket,mineral_rights;zelensky_suit,523420,0x9388fd0115ced362ce81ba2d3433903f2ae5c78263355d7038ae74ac96c85ac1,0,Yes,110303218457795832861589414223072133732424840017074962598980991451216787898529,False,"Ukraine election held by December 31, 2025?",,,1589428.067032,2025-02-13 15:40:57.211688-08:00,2025-12-31 04:00:00-08:00,,,,,,,,,,,,,,0.0,no supported template
polymarket,mineral_rights;zelensky_suit,524021,0x79fe1c0701d145ed4b74e6b7b3658acbc9b016b70e7321afdb777ad14e8c236c,0,Yes,97262919156133260921887403057581420516585464065308475066791456615017669503669,False,U.S. recognizes Russian sovereignty over Crimea in 2025? ,,,801266.380276,2025-02-18 12:42:06.673333-08:00,2025-12-31 04:00:00-08:00,,,,,,,,,,,,,,0.0,no supported template
polymarket,mineral_rights,524143,0x42b1922e8f436430a99511ad0a8029fd84a62d8bc91ac52b22455399ce598152,0,Yes,1179039883486402183499490082435825463500517700553032674433043579228770785112,False,Will Trump audit Ukraine aid before May?,,,843458.400258,2025-02-19 11:25:01.345821-08:00,2025-04-30 05:00:00-07:00,,,,,,,,,,,,,,0.0,no supported template
polymarket,mineral_rights,524145,0xbd1c9c355583f950c76a09bb2e305789043712121800bb5a7abe491a5ee58871,0,Yes,66356062315875533075062405949409720397580573066885585702377343083606583765118,False,Will Trump meet with Zelenskyy before July?,,,183568.45293,2025-02-19 11:45:56.258685-08:00,2025-06-30 05:00:00-07:00,,,leader_contact,meet,donald_trump,volodymyr_zelenskyy,,before:2025-07-01,,,,leader_contact|meet|donald_trump|volodymyr_zelenskyy|before:2025-07-01,leader_contact|meet|donald_trump|volodymyr_zelenskyy,0.92,leader contact template
polymarket,mineral_rights;zelensky_suit,524147,0x83769fd5022537ff59ca1ccfdfb1c9915983788003e00e905508e22e67404f28,0,Yes,43469326409739858395690572881501444443817974097672167644298447954120789600137,False,Will Trump meet with Volodymyr Zelenskyy in 2025?,,,129300.49074,2025-02-19 11:49:57.167284-08:00,2025-12-31 04:00:00-08:00,,,leader_contact,meet,donald_trump,volodymyr_zelenskyy,,year:2025,,,,leader_contact|meet|donald_trump|volodymyr_zelenskyy|year:2025,leader_contact|meet|donald_trump|volodymyr_zelenskyy,0.92,leader contact template
polymarket,mineral_rights,524166,0xe26bf05dd86c73fe3658387fb47a5f376fe353955e04a7411f1a93c0ae640c0f,0,Yes,35057502241937192778389704257086579693609237940626705268567244417790426578086,False,Will Russia capture Yunakivka before April? ,,,120713.280213,2025-02-19 13:34:24.581306-08:00,2025-03-31 05:00:00-07:00,,,,,,,,,,,,,,0.0,no supported template
polymarket,mineral_rights;zelensky_suit,524285,0x1ecb710da7d97b76c1c99180d8f3d2afe052d09b68eca89b4cf3ce37a7a0a426,0,Yes,65482627758879803524003778479202246178420046841505286705606240559010331503838,False,US recognizes Russian sovereignty over Ukraine?,,,1238681.423725,2025-02-20 08:41:56.546019-08:00,2025-12-31 04:00:00-08:00,,,,,,,,,,,,,,0.0,no supported template
polymarket,mineral_rights,524286,0x73e5aa827f6705f18dd71da26f074cef281ec747afc5285fd967a02c365d059c,0,Yes,115114197311499111543193572783859493614053250846925313706441259864891207898704,False,US lifts Russia sanctions before April?,,,315785.626562,2025-02-20 08:51:44.938428-08:00,2025-03-31 05:00:00-07:00,,,,,,,,,,,,,,0.0,no supported template
polymarket,mineral_rights,524291,0x12da9018becd98b431fb377ae57087ebbe8ad4a1cf82c832fb0aed7c4b6b791d,0,Yes,106785705064968660332067023300536266535388124753272914243541205698423062856246,False,Will Trump visit Russia before July?,,,324865.427332,2025-02-20 09:56:09.361837-08:00,2025-06-30 05:00:00-07:00,,,leader_contact,visit,donald_trump,russia,,before:2025-07-01,,,,leader_contact|visit|donald_trump|russia|before:2025-07-01,leader_contact|visit|donald_trump|russia,0.92,leader contact template
polymarket,mineral_rights;zelensky_suit,524292,0x58f04e4d6d4207be5ffcaa8e12ceaaff491bea2f66a67f1c701744e59c3a920c,0,Yes,23363560824318474668781482335102625289561748638527872548758492627125630990827,False,Will Trump withdraw the U.S. from NATO in 2025?,,,228935.133447,2025-02-20 10:23:30.223532-08:00,2025-12-31 04:00:00-08:00,,,,,,,,,,,,,,0.0,no supported template
polymarket,mineral_rights,524309,0x69c2da9742638186de095a52f9a6aa9e04ecd622f8d5351160a6ab56bbfa08ba,0,Yes,62739431005727143581337651607856141421574040080327270423566759351110690651138,False,Will the US sanction Ukraine before April?,,,82810.752088,2025-02-20 11:37:11.217747-08:00,2025-03-31 05:00:00-07:00,,,,,,,,,,,,,,0.0,no supported template
polymarket,mineral_rights,524310,0x97004cec761044f6eb772191377b3a352d3ec05ec0249a1bf5ca442ba1fac097,0,Yes,82246973513888061559569421022652964687465272762066736721360354291228748283806,False,Will Ukraine agree to pay back U.S. aid before July?,,,1529637.779795,2025-02-20 11:47:32.053121-08:00,2025-06-30 05:00:00-07:00,,,,,,,,,,,,,,0.0,no supported template
polymarket,mineral_rights;zelensky_suit,524348,0x827af1ac5895766ceda8258b54844be5f1a31428a3b4bc4a8be8259776d44700,0,Yes,52960782840877996381169383667062216635147767148703288363719115614339176853095,False,"Will Karoline Leavitt say ""Putin"" 3+ times during next White House press briefing?",,,3408.054773,2025-02-20 14:35:53.285157-08:00,2025-12-31 04:00:00-08:00,,,,,,,,,,,,,,0.0,no supported template
polymarket,mineral_rights,524477,0x2820f9e0e7fac7f3cc909bccdd212c6f3de818a6b0e4ca401c24beba941a2249,0,Yes,83547673164506671794819260938344653989875088069034224812175182562166039721574,False,Trump in Russia on Victory Day May 9?,,,1143264.619709,2025-02-21 10:25:09.107922-08:00,2025-05-09 05:00:00-07:00,,,,,,,,,,,,,,0.0,no supported template
polymarket,mineral_rights;zelensky_suit,525157,0xb58d0e3b3dd34b2b8d8997e6ce36ca3873bdd6034fe0dde633f11e50d4b18c69,0,Yes,74129046843921940913413587682588886122583847748489066762857187137233978267670,False,Zelensky resigns in 2025?,,,639799.279247,2025-02-24 15:06:16.266385-08:00,2025-12-31 04:00:00-08:00,,,office_exit,resign,volodymyr_zelenskyy,,,year:2025,,,,office_exit|resign|volodymyr_zelenskyy|year:2025,office_exit|resign|volodymyr_zelenskyy,0.88,office exit template
polymarket,mineral_rights;zelensky_suit,525231,0x216cfc5952a75a6c2005fa90a1f49524401abdde826aaa916af4c88a70426363,0,Yes,27854589915558666949911110700107109304807510472832754346848714713106576041207,False,Trump agrees to send U.S. peacekeeping force to Ukraine?,,,96453.374455,2025-02-25 14:26:52.989952-08:00,2025-12-31 04:00:00-08:00,,,,,,,,,,,,,,0.0,no supported template
polymarket,mineral_rights;zelensky_suit,525232,0x235acc369ccd9f0c10a74aa4cb6e5c0c6783eaec22b4843f6fe0e171ad8e4057,0,Yes,73663957466489274595176785305097386128325404078001917490010407904837134882577,False,EU/NATO country announces peacekeeping force in Ukraine in 2025?,,,133019.206562,2025-02-25 14:31:00.303884-08:00,2025-12-31 04:00:00-08:00,,,,,,,,,,,,,,0.0,no supported template
polymarket,mineral_rights;zelensky_suit,525437,0x5b2e8b20438de32ab995a59630103b9ad71e87d7488b49ff417bbd348a026326,0,Yes,12198166341436727947405729209814148041740036263965322192437253954048906701116,False,Will Karoline Leavitt say Zelensky 3+ times during next White House press briefing?-02262025,,,1646.182951,2025-02-26 10:57:55.551434-08:00,2025-12-31 04:00:00-08:00,,,,,,,,,,,,,,0.0,no supported template
polymarket,mineral_rights;zelensky_suit,525442,0x322afd91e6bedddd2526aa648a69bcf28e99478703585573a560660b012d9f9a,0,Yes,108057916747365167542504013787062021441684619476265070483570121865318046932052,False,Will Karoline Leavitt say NATO during next White House press briefing?-02262025,,,2278.299285,2025-02-26 10:57:59.430322-08:00,2025-12-31 04:00:00-08:00,,,,,,,,,,,,,,0.0,no supported template
polymarket,mineral_rights,526195,0xb472c7c5aaa18a76d8d17adeb37d82f6e60455939b51d915ac58761810e7bc7e,0,Yes,12982586453466445749194861647506890885462622298228855644485956568156721995084,False,Trump meets with Zelenskyy in March?,,,341877.570084,2025-02-28 10:35:51.118127-08:00,2025-03-31 05:00:00-07:00,,,,,,,,,,,,,,0.0,no supported template
polymarket,mineral_rights,526201,0xbcafacec21088537778de406ac00826232d7d9df6eaa316686eef825333d64f8,0,Yes,14030780821490845641014798526978615898126738690825975440643648080367106351536,False,Trump cuts Ukraine aid before April?,,,60067.961274,2025-02-28 11:16:35.003479-08:00,2025-03-31 05:00:00-07:00,,,,,,,,,,,,,,0.0,no supported template
polymarket,mineral_rights,526229,0xf73ebbd375f4b32f1ac0aee1724fa07288530b0cd3d2fbfbcfc7412d0c6bcb82,0,Yes,88551081062941956754624270296481102277138087249231124901142839087117648363109,False,Trump severs ties with Ukraine before May?,,,140572.146211,2025-02-28 11:53:55.201777-08:00,2025-04-30 05:00:00-07:00,,,,,,,,,,,,,,0.0,no supported template
polymarket,mineral_rights,526328,0xb642dea896e5fa052a9259ad7ba4b759caebb7b1b452d90a5b4c82f8065db1a2,0,Yes,112613028079131639673263586128056585565508673808219769390624850448495579144185,False,Trump announces cutting all military aid to Ukraine aid before April?,,,968146.857798,2025-02-28 13:53:43.376771-08:00,2025-03-31 05:00:00-07:00,,,,,,,,,,,,,,0.0,no supported template
polymarket,mineral_rights,526330,0x5bcb29016c13ecb705de35015e1e436fd462b975264fb105408760e3d3e41ca1,0,Yes,7233956615985758994704218592688025235205518864690983225838041466815296090257,False,Trump ends all military aid to Ukraine before April?,,,119091.78612,2025-02-28 14:07:39.525823-08:00,2025-03-31 05:00:00-07:00,,,,,,,,,,,,,,0.0,no supported template
polymarket,mineral_rights,526814,0x1b07e957981a04e688191208a4fc8b8349a93d6de03eba460fda38e647dafa5b,0,Yes,105039045108735350701067761926660919174556796573940954887933194396971464305066,False,Sea/Air ceasefire in Ukraine before May? ,,,1547772.010237,2025-03-04 08:27:13.526679-08:00,2025-04-30 05:00:00-07:00,,,,,,,,,,,,,,0.0,no supported template
polymarket,mineral_rights;zelensky_suit,526861,0xb8498bb4d013be50bd4af336c0cadf62ab0f2885cc968b742304d6edccfc7190,0,Yes,32921044856076201189154703786849418887213408387521621721061527935861828024828,False,Will Trump sign mineral deal without Zelenskyy apology?,,,973016.213858,2025-03-04 14:06:50.110242-08:00,2025-07-31 05:00:00-07:00,,,,,,,,,,,,,,0.0,no supported template
polymarket,mineral_rights,527005,0x6ee44a32b167a5d5d05a4b6522d7304a27b8682e3314528afbd99a9cf22a3ef6,0,Yes,100121345789532362055123879793212027312379236056429540221720415709850532973373,False,U.S. announces resumption of direct flights to Russia before May?,,,22139.902349,2025-03-06 09:38:55.303143-08:00,2025-04-30 05:00:00-07:00,,,,,,,,,,,,,,0.0,no supported template
polymarket,mineral_rights;zelensky_suit,527032,0x02c656172e040722a0a53c5aa8a2e597e96ddcb96cd0caa36d2cb88018b0113e,0,Yes,90544185197348445762400462367487730947998989538649021442756705113012034127717,False,"Will Karoline Leavitt say ""Zelensky"" 3+ times during next White House press briefing?",,,1266.814548,2025-03-06 11:18:56.713064-08:00,2025-12-31 04:00:00-08:00,,,,,,,,,,,,,,0.0,no supported template
polymarket,mineral_rights,527081,0x3ce5ee714234737803479a56eb108db5773073f9171c09f089c8d299c5e5d6c7,0,Yes,85329416514471004297478005149625146014624743562622421967455557722819447174298,False,Will Trump meet with Putin in Saudi Arabia before June?,,,1219774.204101,2025-03-06 14:00:04.633516-08:00,2025-05-31 05:00:00-07:00,,,leader_contact,meet,donald_trump,vladimir_putin,,before:2025-06-01,,,,leader_contact|meet|donald_trump|vladimir_putin|before:2025-06-01,leader_contact|meet|donald_trump|vladimir_putin,0.92,leader contact template
polymarket,mineral_rights,527278,0xcc8881bf9d7af55bb753b1c9381a8a03de4670b25df883ae6fa21856778938a4,0,Yes,76683579252562835143863542840343898007243510337054657506558517873008498105093,False,Will the US sanction Russia before May?,,,62934.400328,2025-03-07 11:45:36.524014-08:00,2025-04-30 05:00:00-07:00,,,,,,,,,,,,,,0.0,no supported template
polymarket,mineral_rights,527279,0x515b15f2d8fb8a3af69e2dcb7283a3078914f3ee6429e8c8806017b39bef190b,0,Yes,40001158490980829331315202760805197309678407198352511114569399283632572307422,False,Will Russia recapture Sudzha by March 31?,,,452812.374945,2025-03-07 12:20:49.344779-08:00,2025-04-30 05:00:00-07:00,,,,,,,,,,,,,,0.0,no supported template
polymarket,mineral_rights;zelensky_suit,527626,0x48c715b695536243a128b653e59f8214262a454811a570c4b019226291c0fa69,0,Yes,43554559475444151134965087578429452442155898771039342630775189465337055566481,False,Will Ukraine agree to cede territory to Russia in 2025?,,,1908688.199133,2025-03-10 13:27:25.518654-07:00,2025-12-31 04:00:00-08:00,,,,,,,,,,,,,,0.0,no supported template
polymarket,mineral_rights,527709,0xd3f594344cbf212feb32efe684d9600ae5b71845ef338f200320290bc37a9870,0,Yes,85002994025515696883588653696098275527901701638575491699125613029027027235329,False,Trump admin announces resumption of military aid to Ukraine in March?,,,12025.035627,2025-03-11 10:51:04.627445-07:00,2025-03-31 05:00:00-07:00,,,,,,,,,,,,,,0.0,no supported template
polymarket,mineral_rights,527738,0x72ed157680650b1881541b71e2f1562e91e58b02684927afef176d20cbd8b795,0,Yes,47217203061047134143175510127034119976779831588706440388475209755834617894086,False,Will Ukraine qualify for the Eurovision 2025 grand final?,,,97528.628132,2025-03-11 11:46:39.503718-07:00,2025-05-13 05:00:00-07:00,,,,,,,,,,,,,,0.0,no supported template
polymarket,mineral_rights;zelensky_suit,527778,0xe112e5f8d3ee38f57c7285f0b487c221cfbcb81bf78d304204f645a808c19ca4,0,Yes,106988216519643499376049198611972327812705987369690881670622752851258017055460,False,"Will Karoline Leavitt say ""Zelensky"" 2+ times during next White House press briefing?",,,1114.938704,2025-03-11 13:01:44.400394-07:00,2025-12-31 04:00:00-08:00,,,,,,,,,,,,,,0.0,no supported template
polymarket,mineral_rights;zelensky_suit,527793,0xcc248e5b3109197192b15a3fbc98f84887fd5b2e9baf2b72d94fc66b5102b760,0,Yes,34353004114733610600599108671624538601026150134280504474917975142881001506854,False,Will Volodymyr Zelenskyy be the first leader out in 2025?,,,1645702.005711,2025-03-11 13:33:12.439716-07:00,2025-12-31 04:00:00-08:00,,,office_exit,leave_office,volodymyr_zelenskyy,,,year:2025,,,,office_exit|leave_office|volodymyr_zelenskyy|year:2025,office_exit|leave_office|volodymyr_zelenskyy,0.88,office exit template
polymarket,mineral_rights;zelensky_suit,527807,0xb17868a887f1f40595b2433c741b81be879add5f0a54a14f8a7cc0684dc4a0eb,0,Yes,96309695544495520203095223116782609207881514291963878378807412991184449319557,False,Will Vladimir Putin be the first leader out in 2025?,,,1782662.475384,2025-03-11 13:33:20.224539-07:00,2025-12-31 04:00:00-08:00,,,office_exit,leave_office,vladimir_putin,,,year:2025,,,,office_exit|leave_office|vladimir_putin|year:2025,office_exit|leave_office|vladimir_putin,0.88,office exit template
polymarket,mineral_rights,527864,0x50367d046344f1a4c48dd9754792e6bbc4dd3b677987a40bd023c170a1ce52ab,0,Yes,14565754545456565688283938979080674943684657882221860483948776271627834461719,False,Trump-Putin-Xi meeting before July?,,,150874.710546,2025-03-12 09:14:48.389643-07:00,2025-06-30 05:00:00-07:00,,,,,,,,,,,,,,0.0,no supported template
polymarket,mineral_rights,527883,0xccf5ec6e7d759a1fa96e10cab0f754fbd18ce96e91d67e7200fc2947c45b9f90,0,Yes,34640517840991627193786603980769340863508486074161860354452561196139782226623,False,Russia x Ukraine Ceasefire in March?,,,1488182.343965,2025-03-12 22:11:26.319481-07:00,2025-03-31 05:00:00-07:00,,,,,,,,,,,,,,0.0,no supported template
polymarket,zelensky_suit,528950,0x04ccc9092b220092fb0d340a8461f06902cdc037f62af2de333ee4a86ad677da,0,Yes,83814989760577015840645408666689693740162147201824057667299258827292406650110,False,"Will Karoline Leavitt say ""Putin"" 5+ times during next White House press briefing?",,,213.832564,2025-03-19 07:38:25.930054-07:00,2025-12-31 04:00:00-08:00,,,,,,,,,,,,,,0.0,no supported template
polymarket,zelensky_suit,528995,0xc36780fa73c6e0115ddd61feb765f954f209f6624014544c4e4c08ea21f86ff4,0,Yes,92712087900266783712499410413985481965874857827044195926155356881342950098252,False,"Will Karoline Leavitt say ""Putin"" 5 or more times during next White House press briefing?",,,820.37339,2025-03-19 13:20:09.822443-07:00,2025-12-31 04:00:00-08:00,,,,,,,,,,,,,,0.0,no supported template
polymarket,zelensky_suit,536502,0x14dca1201ea665ce27f89534ff8869bf14e551b0138f7d2c57c1345a909a7583,0,Yes,38401695605203516602153122926538006647911743428951157094417724792317068872612,False,Will Trump meet with Vladimir Putin in 2025?,,,471641.4171,2025-04-11 11:19:31.455085-07:00,2025-12-31 04:00:00-08:00,,,leader_contact,meet,donald_trump,vladimir_putin,,year:2025,,,,leader_contact|meet|donald_trump|vladimir_putin|year:2025,leader_contact|meet|donald_trump|vladimir_putin,0.92,leader contact template
polymarket,zelensky_suit,537194,0x41eda073eeca4071d3a643a527bf8549851ff16c7e4b924a007671cb11920f98,0,Yes,75808883562514695201169204487787555859570951708948163798444132865757266366758,False,Russia x Ukraine ceasefire before October?,,,8775890.64125,2025-04-14 12:35:27.525312-07:00,2025-09-30 05:00:00-07:00,,,,,,,,,,,,,,0.0,no supported template
polymarket,zelensky_suit,537888,0x640938ae857aa2dfaa5aeb2af07ec853ab0eec5395a5d4ab1c31842f1d3ab271,0,Yes,73849230933275582377306880224601643818067786746445665179175712771203846256478,False,Will Russia capture Kupiansk by December 31?,,,1555128.092628,2025-04-17 14:24:39.276114-07:00,2025-08-31 05:00:00-07:00,,,,,,,,,,,,,,0.0,no supported template
polymarket,zelensky_suit,537889,0x6c064cca193052c93b50e9a1ef319838cf04a2d48ad9073444be273af43a46be,0,Yes,60462631124656033910210509837219647463954397639045340722009179197608220392723,False,Will Russia capture Siversk by August 31?,,,798739.343528,2025-04-17 14:27:02.316451-07:00,2025-08-31 05:00:00-07:00,,,,,,,,,,,,,,0.0,no supported template
polymarket,zelensky_suit,540816,0x9c1a953fe92c8357f1b646ba25d983aa83e90c525992db14fb726fa895cb5763,0,Yes,8501497159083948713316135768103773293754490207922884688769443031624417212426,False,Russia-Ukraine Ceasefire before GTA VI?,,,1321551.299354,2025-05-02 08:03:10.397014-07:00,2026-07-31 05:00:00-07:00,,,,,,,,,,,,,,0.0,no supported template
polymarket,zelensky_suit,543206,0x321c53d4b3f6f61ae3baa14a2c9d4dc3511aefa8766688a2694f2974a323afb8,0,Yes,97844902427391104955625058441951273034989047387329126413058214310169573089366,False,Will Pope Leo visit Ukraine first?,,,85885.367725,2025-05-09 09:57:35.467265-07:00,2025-12-31 04:00:00-08:00,,,leader_contact,visit,pope_leo_xiv,ukraine_first,,,,,,leader_contact|visit|pope_leo_xiv|ukraine_first,leader_contact|visit|pope_leo_xiv|ukraine_first,0.92,leader contact template
polymarket,zelensky_suit,545862,0xb811d71dfb09aa60982c9fb7acce9bb961c31b56fa9d3c884f260caf9b339a58,0,Yes,32766313353681529049419012789121576597396047699264482506852916797918747970002,False,Will the Vatican host Russia-Ukraine peace talks before September?,,,236348.720672,2025-05-19 14:00:48.162409-07:00,2025-08-31 05:00:00-07:00,,,,,,,,,,,,,,0.0,no supported template
polymarket,zelensky_suit,545879,0x35ae72ecea68142496d891d6b74c3ea7069e8ac7b066542298691b43d74da891,0,Yes,107578854187704970199346205360596786540836334890172752393413831106019335136283,False,Will Putin meet with Zelenskyy in 2025?,,,3149483.292259,2025-05-19 15:30:22.168295-07:00,2025-12-31 04:00:00-08:00,,,leader_contact,meet,vladimir_putin,volodymyr_zelenskyy,,year:2025,,,,leader_contact|meet|vladimir_putin|volodymyr_zelenskyy|year:2025,leader_contact|meet|vladimir_putin|volodymyr_zelenskyy,0.92,leader contact template
polymarket,zelensky_suit,545880,0x9ba0e12a339b01159f86cd697890e24ab2a25749cdaa8beb6a1a744fb4a93610,0,Yes,54741055891029747885517210657770757419022983355559924196416665512897299095102,False,Will Russia capture Pokrovsk by August 31?,,,1797521.530595,2025-05-19 15:49:27.279348-07:00,2025-08-31 05:00:00-07:00,,,,,,,,,,,,,,0.0,no supported template
polymarket,zelensky_suit,546096,0xca89fb54acccef8287e69a22b0a6133bd8d5c6311f1a51b0c7d5a72ed06033b1,0,Yes,26826908066094679861561975803786560675585135374343645230929161538391680292655,False,Will Pope Leo XIV meet with Vladimir Putin in 2025?,,,21575.186162,2025-05-20 12:23:57.727028-07:00,2025-12-31 04:00:00-08:00,,,leader_contact,meet,pope_leo_xiv,vladimir_putin,,year:2025,,,,leader_contact|meet|pope_leo_xiv|vladimir_putin|year:2025,leader_contact|meet|pope_leo_xiv|vladimir_putin,0.92,leader contact template
polymarket,zelensky_suit,546805,0x5fa63a3f820801f6bab4f95a9fc4453c004ab1881b6be2c2cb26c812f7efb997,0,Yes,52764520351434119047034479962184961804730800614485355573059721230866709386316,False,Will Russia capture Kostyantynivka by August 31?,,,820505.02216,2025-05-22 14:06:55.225812-07:00,2025-08-31 05:00:00-07:00,,,,,,,,,,,,,,0.0,no supported template
polymarket,zelensky_suit,546806,0x1df6862b69a47872e75864cac21b9ae9ea0cb552884d38aea9170c5fe5321bc6,0,Yes,58798923314292213706108095296759377158063350000880445982478753522386393910973,False,Will Russia capture Kostyantynivka by December 31?,,,1307057.244169,2025-05-22 14:11:26.543541-07:00,2025-12-31 04:00:00-08:00,,,,,,,,,,,,,,0.0,no supported template
polymarket,zelensky_suit,547955,0x25a4ea049d3bd46fe71ad8676feef9098bb37cbd9d9336280dd6188a7659813c,0,Yes,3386318893882526380002473491350762301245935618035749142205059658160331618221,False,NATO article 5 in 2025?,,,299461.748779,2025-05-28 09:58:17.692381-07:00,2025-12-31 04:00:00-08:00,,,,,,,,,,,,,,0.0,no supported template
polymarket,zelensky_suit,548080,0x0d82012de5e3275b934dcf446b1cce93705b37e9ffe22470fd6caf7411d1d1f6,0,Yes,66044657638810295187363565799805709250672136616354369296323178255753996444656,False,US x Russia military clash by December 31?,,,417000.888679,2025-05-28 14:26:40.735412-07:00,2025-12-31 04:00:00-08:00,,,,,,,,,,,,,,0.0,no supported template
polymarket,zelensky_suit,548081,0x1a5edf9d6f7813a5289f8e410c5a033abbd52576fc1a2d44aa34f2a4c86303c1,0,Yes,4666378264794326642953996404265380944436685965172624720882627526765827537319,False,Will Russia invade Finland in 2025?,,,199993.784886,2025-05-28 14:37:45.035564-07:00,2025-12-31 04:00:00-08:00,,,,,,,,,,,,,,0.0,no supported template
polymarket,zelensky_suit,548083,0x226c6d5a8de377a56641a498191c5e1f3792b81618841afb8879a5d817f13771,0,Yes,2942567299640587090091139148545794488615196042290090815333947905974415750919,False,Will Russia invade a NATO country in 2025?,,,1449791.54944,2025-05-28 14:58:51.243912-07:00,2025-12-31 04:00:00-08:00,,,,,,,,,,,,,,0.0,no supported template
polymarket,zelensky_suit,549369,0x2e43d977463a0d78a859fdd95d1570287b888ed6c9d4670532d46c22a3a7478f,0,Yes,89244604917884926160625177966654861361773687111351363433133890695112579712991,False,Will Russia capture Sumy before October?,,,381269.57535,2025-06-02 16:22:04.663794-07:00,2025-09-29 17:00:00-07:00,,,,,,,,,,,,,,0.0,no supported template
polymarket,zelensky_suit,550708,0xfef0954af0d43ea46c1ac246ac009dbcd0f76d36fd93b78d3586b23b386028ef,0,Yes,90954386001801116059251303598368900188182195794057114134644084985964418752977,False,Will Ukraine qualify for the 2026 FIFA World Cup?,,,129604.909238,2025-06-07 19:11:25.621854-07:00,2026-04-11 17:00:00-07:00,,,sports,qualify,ukraine,,fifa_world_cup,,2026,,,sports|qualify|ukraine|fifa_world_cup|2026,sports|qualify|ukraine|fifa_world_cup|2026,0.86,sports outcome template
polymarket,zelensky_suit,551479,0x81bb93bd9d3380269da1e9e25498ed9c939b5ad34316cdf232ec3624eaa6c77b,0,Yes,22961947081065929185889945206271802888185477911246905274201269809573984610013,False,Will Trump increase sanctions on Russia before August?,,,686835.999031,2025-06-10 14:44:44.469259-07:00,2025-07-31 16:55:00-07:00,,,,,,,,,,,,,,0.0,no supported template
polymarket,zelensky_suit,553680,0xc83fa4a9f366672164f699d4ee488e64c60ef2a294e294cb7db07d00156c4de8,0,Yes,17588477562114361222775795025562060064301035796869724551138530695887448157922,False,Will Putin meet with Zelenskyy before August?,,,214318.522558,2025-06-19 07:30:23.891327-07:00,2025-07-30 17:00:00-07:00,,,leader_contact,meet,vladimir_putin,volodymyr_zelenskyy,,before:2025-08-01,,,,leader_contact|meet|vladimir_putin|volodymyr_zelenskyy|before:2025-08-01,leader_contact|meet|vladimir_putin|volodymyr_zelenskyy,0.92,leader contact template
polymarket,zelensky_suit,554584,0x3a49d5b63ba20b899ebd22215daa5a9c8d21048af9b8b8300ce5a80c9d718971,0,Yes,66257878511319385296609221381166524829851881291307079841471489066734594423126,False,Will Russia capture Yablunivka before August?,,,285963.558516,2025-06-20 16:21:39.951486-07:00,2025-07-31 21:00:00-07:00,,,,,,,,,,,,,,0.0,no supported template
