sample,staleness_filter,weight,event_slug,outcome,n_obs,n_contracts,post_coef,post_se,post_t,pre_mean,post_mean,post_minus_pre
all,none,lifetime_volume,mineral_rights,pm_abs_from_50,3101,105,0.0008080655521452908,0.0003713775075946611,2.1758602382222123,0.45676378632555076,0.4568382790922426,7.449276669185823e-05
all,none,lifetime_volume,mineral_rights,pm_abs_minus_k_abs_from_50,3101,105,0.0003084869068702091,0.0003791162992163113,0.8136999319414557,0.007061052348826516,0.007410458182510707,0.0003494058336841908
all,none,lifetime_volume,mineral_rights,pm_vwap_abs_minus_k_vwap_abs_from_50,869,86,0.001189869214595585,0.0012166349928538454,0.9780001574708318,0.008473719852628375,0.007422382814419637,-0.0010513370382087385
all,none,lifetime_volume,mineral_rights,log1p_pm_shares,3101,105,-0.8091266114822562,0.06574011593718296,-12.307958389598912,8.868983982181208,8.086738856792056,-0.7822451253891511
all,none,lifetime_volume,mineral_rights,log1p_k_contracts,3101,105,0.10967864916190677,0.06343490205343875,1.7289953260984214,1.1004972647145712,1.2670388639454873,0.16654159923091605
all,none,lifetime_volume,mineral_rights,pm_flow_imbalance,2294,100,-0.048870194420204134,0.020625473792677443,-2.3694095423666957,0.11886626753364463,-0.0108344497046684,-0.12970071723831303
all,none,lifetime_volume,mineral_rights,k_flow_imbalance,1049,99,0.019760061367445,0.05023947437320435,0.39331743840823696,0.27306648936857236,0.4773549513747534,0.20428846200618106
all,none,lifetime_volume,zelensky_suit,pm_abs_from_50,2564,57,0.019704433858466944,0.001357988378822761,14.510016555184883,0.37281218110420955,0.3925138886709355,0.019701707566725957
all,none,lifetime_volume,zelensky_suit,pm_abs_minus_k_abs_from_50,2564,57,0.005472222292390503,0.0005818681285218511,9.404574720894002,-0.019856321415971392,-0.014380079672589459,0.005476241743381934
all,none,lifetime_volume,zelensky_suit,pm_vwap_abs_minus_k_vwap_abs_from_50,1219,43,0.005397064199845913,0.000951795679311747,5.67040208014874,-0.02615241075833309,-0.018086636353763598,0.008065774404569494
all,none,lifetime_volume,zelensky_suit,log1p_pm_shares,2564,57,0.2652235488890396,0.06817978046943146,3.8900616438322664,8.35167358406047,8.617204606473496,0.2655310224130272
all,none,lifetime_volume,zelensky_suit,log1p_k_contracts,2564,57,0.04323062757840943,0.09424780268960224,0.45869109246807716,4.290005989393275,4.33334401238053,0.04333802298725509
all,none,lifetime_volume,zelensky_suit,pm_flow_imbalance,2215,57,-0.006274906918743831,0.02710079242722622,-0.231539610348806,0.04223560290208794,0.028760676246084554,-0.013474926656003389
all,none,lifetime_volume,zelensky_suit,k_flow_imbalance,1310,45,-0.012622251006142431,0.043842562110626176,-0.2878994839373943,0.2406371952978431,0.22628002112186177,-0.014357174175981341
all,none,pre_event_pm_shares,mineral_rights,pm_abs_from_50,2834,95,0.0026067956746417035,0.000495112970566627,5.265052280206642,0.4398976010472679,0.44061773241118785,0.0007201313639199625
all,none,pre_event_pm_shares,mineral_rights,pm_abs_minus_k_abs_from_50,2834,95,-0.0013370340793173755,0.0003922407313755804,-3.408707898918156,0.008022195563841854,0.006728731906301055,-0.0012934636575407995
all,none,pre_event_pm_shares,mineral_rights,pm_vwap_abs_minus_k_vwap_abs_from_50,865,83,-0.005130370071681409,0.0012531635913488432,-4.0939348279017045,0.01176909973896766,0.006355995825708409,-0.00541310391325925
all,none,pre_event_pm_shares,mineral_rights,log1p_pm_shares,2834,95,-0.45594015762046336,0.05733462853167019,-7.9522649626763275,9.883765306659376,9.433140914871114,-0.45062439178826175
all,none,pre_event_pm_shares,mineral_rights,log1p_k_contracts,2834,95,-0.03766988545277712,0.07054088345591819,-0.5340149372571648,1.602650380955061,1.6851679751290134,0.08251759417395244
all,none,pre_event_pm_shares,mineral_rights,pm_flow_imbalance,2263,95,-0.05873354508986741,0.021123427724988507,-2.7804931024706296,0.052842307269504646,-0.007683050456457761,-0.0605253577259624
all,none,pre_event_pm_shares,mineral_rights,k_flow_imbalance,992,89,0.04301854234397475,0.05077650335669188,0.8472135633637581,0.3117034178179557,0.48468471458595236,0.17298129676799667
all,none,pre_event_pm_shares,zelensky_suit,pm_abs_from_50,2533,56,0.0520922834926957,0.0019737384872764974,26.392697831299973,0.34756839734422357,0.39965981841033366,0.05209142106611009
all,none,pre_event_pm_shares,zelensky_suit,pm_abs_minus_k_abs_from_50,2533,56,0.000355864284875853,0.0005297794600777261,0.6717215590495764,-0.0025345223301676857,-0.0021784166931931343,0.00035610563697455145
all,none,pre_event_pm_shares,zelensky_suit,pm_vwap_abs_minus_k_vwap_abs_from_50,1202,42,-0.0008895785072061737,0.000760669744280191,-1.1694674514075314,-0.004204965921656748,-0.003926300203969231,0.00027866571768751704
all,none,pre_event_pm_shares,zelensky_suit,log1p_pm_shares,2533,56,0.2815392636962149,0.05554272611584687,5.068877301935115,9.5969129048615,9.878506883435213,0.2815939785737136
all,none,pre_event_pm_shares,zelensky_suit,log1p_k_contracts,2533,56,0.004896463940489904,0.07326581032807879,0.06683149914760933,6.938099804877435,6.9430361487148495,0.00493634383741437
all,none,pre_event_pm_shares,zelensky_suit,pm_flow_imbalance,2188,56,0.0715259948483551,0.024169612085114877,2.959335656545567,0.014983523624802104,0.08405224088775803,0.06906871726295594
all,none,pre_event_pm_shares,zelensky_suit,k_flow_imbalance,1291,44,-0.12491638980682414,0.036313714373230624,-3.4399232345922934,0.36656084045313253,0.24314824864060774,-0.12341259181252479
all,none,equal,mineral_rights,pm_abs_from_50,3101,105,0.0024721912769520744,0.0006648423921127151,3.7184621592736034,0.40367672206269184,0.4076060177149484,0.003929295652256581
all,none,equal,mineral_rights,pm_abs_minus_k_abs_from_50,3101,105,-0.00131884672248911,0.0007292779777651394,-1.8084280105793054,0.007968447167881199,0.006686614729873837,-0.0012818324380073614
all,none,equal,mineral_rights,pm_vwap_abs_minus_k_vwap_abs_from_50,869,86,-0.0004470133123402794,0.0016370692306858059,-0.27305706072858954,0.009921457472769572,0.006758688395346891,-0.0031627690774226804
all,none,equal,mineral_rights,log1p_pm_shares,3101,105,-0.12108839683699675,0.07557923045730502,-1.602138525416715,5.640257954842733,5.58599956988261,-0.05425838496012325
all,none,equal,mineral_rights,log1p_k_contracts,3101,105,0.003306292240283526,0.07539032533589607,0.043855656883725905,1.8173161397272377,1.8316848109711152,0.014368671243877529
all,none,equal,mineral_rights,pm_flow_imbalance,2294,100,0.050624463044212774,0.027146312384795927,1.8648744008621392,-0.00794868284252108,-0.0009707187612210987,0.00697796408129998
all,none,equal,mineral_rights,k_flow_imbalance,1049,99,0.06136146235157506,0.05135634989870288,1.1948174368428952,0.2313294234971281,0.3434048970660913,0.11207547356896319
all,none,equal,zelensky_suit,pm_abs_from_50,2564,57,0.00957872035196419,0.0011584597560238905,8.268496425668369,0.38249746647212085,0.39319234624996896,0.01069487977784811
all,none,equal,zelensky_suit,pm_abs_minus_k_abs_from_50,2564,57,0.0033165450272888645,0.0006465293908952315,5.1297668350336485,0.002329290534216585,0.006090168695530094,0.0037608781613135095
all,none,equal,zelensky_suit,pm_vwap_abs_minus_k_vwap_abs_from_50,1219,43,0.0050129673542190015,0.0011045835734639921,4.538332340483984,-0.006593984401601844,0.00010553218643519538,0.006699516588037039
all,none,equal,zelensky_suit,log1p_pm_shares,2564,57,0.5553063102212059,0.08761130901631273,6.338294866908233,6.149903837808843,6.686373863369941,0.5364700255610986
all,none,equal,zelensky_suit,log1p_k_contracts,2564,57,0.20386812388899506,0.09106560704750885,2.238695051828263,3.0558253196564795,3.251929457710689,0.19610413805420945
all,none,equal,zelensky_suit,pm_flow_imbalance,2215,57,0.050632055850147406,0.029455682141832393,1.7189232150981402,-0.05581538996208835,-0.03300641860809539,0.022808971353992964
all,none,equal,zelensky_suit,k_flow_imbalance,1310,45,-0.03776585668863393,0.04589848638773447,-0.8228126820915419,0.3138514849968069,0.28354071172709083,-0.03031077326971604
all,both_legs_le_24h,lifetime_volume,mineral_rights,pm_abs_from_50,1211,92,0.004385379819329143,0.0011827528979836107,3.707773472215082,0.35556231724648235,0.39405974677766265,0.038497429531180294
all,both_legs_le_24h,lifetime_volume,mineral_rights,pm_abs_minus_k_abs_from_50,1211,92,0.0006288203193684079,0.0010919391406212383,0.5758748779814343,0.0067660894771174335,0.006399661530618153,-0.00036642794649928076
all,both_legs_le_24h,lifetime_volume,mineral_rights,pm_vwap_abs_minus_k_vwap_abs_from_50,854,86,0.0012698601791339306,0.0012267616419235326,1.0351319569650226,0.008457163004323394,0.00765686503172064,-0.0008002979726027546
all,both_legs_le_24h,lifetime_volume,mineral_rights,log1p_pm_shares,1211,92,-0.14029830150753986,0.10238207481910631,-1.370340479575412,8.030819909878199,8.780302272361004,0.7494823624828051
all,both_legs_le_24h,lifetime_volume,mineral_rights,log1p_k_contracts,1211,92,0.13831249270999077,0.18354506638186235,0.7535614845796726,4.288482074793312,3.763792901991761,-0.5246891728015513
all,both_legs_le_24h,lifetime_volume,mineral_rights,pm_flow_imbalance,1136,89,0.13537814529345668,0.04079356500909125,3.3186152096117687,-0.11061049242961903,0.034430812939224,0.14504130536884302
all,both_legs_le_24h,lifetime_volume,mineral_rights,k_flow_imbalance,904,90,0.023298301857232515,0.05452393351010129,0.42730412788204636,0.2739918013226742,0.4686483593479803,0.19465655802530613
all,both_legs_le_24h,lifetime_volume,zelensky_suit,pm_abs_from_50,1494,45,0.027940093631356407,0.002083944034285032,13.407314770303898,0.3313015553240487,0.35261909066484276,0.021317535340794058
all,both_legs_le_24h,lifetime_volume,zelensky_suit,pm_abs_minus_k_abs_from_50,1494,45,0.006478069922329475,0.0008685756070474219,7.458268307062634,-0.029543934373965648,-0.021867424535126325,0.007676509838839322
all,both_legs_le_24h,lifetime_volume,zelensky_suit,pm_vwap_abs_minus_k_vwap_abs_from_50,1205,43,0.005398641801070905,0.000957643179123424,5.637425210935598,-0.026240499110752085,-0.018161563429097846,0.008078935681654239
all,both_legs_le_24h,lifetime_volume,zelensky_suit,log1p_pm_shares,1494,45,0.22277101569707314,0.07539312501273066,2.9547921731518185,8.84631287949857,9.066837682229313,0.22052480273074337
all,both_legs_le_24h,lifetime_volume,zelensky_suit,log1p_k_contracts,1494,45,0.2312586163700997,0.13614703815580365,1.6985945452992703,5.92810808587947,6.280832867995174,0.352724782115704
all,both_legs_le_24h,lifetime_volume,zelensky_suit,pm_flow_imbalance,1424,45,-0.04991718900581217,0.03509843408182916,-1.4222055858513312,0.04421466855282739,0.012432008031525908,-0.03178266052130148
all,both_legs_le_24h,lifetime_volume,zelensky_suit,k_flow_imbalance,1249,45,-0.009571377421648018,0.04471454527385796,-0.21405512150525782,0.24072994992874694,0.22884149572377854,-0.011888454204968396
all,both_legs_le_24h,pre_event_pm_shares,mineral_rights,pm_abs_from_50,1200,87,0.008692742112666563,0.0013533940262498534,6.422920409035243,0.3370047339744777,0.3710022671193713,0.033997533144893566
all,both_legs_le_24h,pre_event_pm_shares,mineral_rights,pm_abs_minus_k_abs_from_50,1200,87,-0.005128793291700936,0.001027648840255831,-4.990803366667678,0.010212393839370965,0.006033159324299714,-0.004179234515071251
all,both_legs_le_24h,pre_event_pm_shares,mineral_rights,pm_vwap_abs_minus_k_vwap_abs_from_50,850,83,-0.005125755418785558,0.0012651936650317187,-4.0513603256597515,0.011766052440836302,0.006372137251566954,-0.0053939151892693485
all,both_legs_le_24h,pre_event_pm_shares,mineral_rights,log1p_pm_shares,1200,87,-0.3150979697587777,0.0996968503166433,-3.160560928033406,8.916183750655115,9.140277327760916,0.22409357710580124
all,both_legs_le_24h,pre_event_pm_shares,mineral_rights,log1p_k_contracts,1200,87,-0.1396137826874822,0.17400518606031204,-0.8023541473016246,4.783649433089102,4.140813982520912,-0.6428354505681897
all,both_legs_le_24h,pre_event_pm_shares,mineral_rights,pm_flow_imbalance,1128,85,0.027626040520446885,0.03682102831060128,0.7502788973574909,-0.013167684363294534,0.02731401275311589,0.04048169711641043
all,both_legs_le_24h,pre_event_pm_shares,mineral_rights,k_flow_imbalance,897,85,0.04417921702345422,0.05355588010867141,0.8249181403388236,0.3114192641506403,0.4856138685304905,0.17419460437985018
all,both_legs_le_24h,pre_event_pm_shares,zelensky_suit,pm_abs_from_50,1470,44,0.06582919211967789,0.0028176330376977416,23.363295091636996,0.31081026802851947,0.37430341588495764,0.06349314785643817
all,both_legs_le_24h,pre_event_pm_shares,zelensky_suit,pm_abs_minus_k_abs_from_50,1470,44,0.0002630523736793899,0.0007713779426709712,0.3410161985816518,-0.005759913527673579,-0.004728212274886502,0.0010317012527870763
all,both_legs_le_24h,pre_event_pm_shares,zelensky_suit,pm_vwap_abs_minus_k_vwap_abs_from_50,1188,42,-0.0008910892903777859,0.0007652697679661808,-1.1644119860451163,-0.004211573360705699,-0.00392891042849472,0.0002826629322109798
all,both_legs_le_24h,pre_event_pm_shares,zelensky_suit,log1p_pm_shares,1470,44,0.2843048678424991,0.06527012949440243,4.3558189641232605,9.94034347750212,10.253240961549029,0.31289748404690876
all,both_legs_le_24h,pre_event_pm_shares,zelensky_suit,log1p_k_contracts,1470,44,0.0833440719327251,0.10263233648633088,0.8120644505041089,8.695453943419402,8.88459088575014,0.1891369423307374
all,both_legs_le_24h,pre_event_pm_shares,zelensky_suit,pm_flow_imbalance,1401,44,0.049446069859551064,0.030936092091048223,1.598329540590518,0.04381963815450092,0.09726799137669835,0.05344835322219743
all,both_legs_le_24h,pre_event_pm_shares,zelensky_suit,k_flow_imbalance,1231,44,-0.12467373419768187,0.03716828871455166,-3.354303857117618,0.36675107658629463,0.24365008148395234,-0.12310099510234229
all,both_legs_le_24h,equal,mineral_rights,pm_abs_from_50,1211,92,0.005833393426848558,0.001596623241084911,3.6535816821035043,0.3210482876977488,0.33573467156912207,0.014686383871373276
all,both_legs_le_24h,equal,mineral_rights,pm_abs_minus_k_abs_from_50,1211,92,-0.0004727170658946411,0.0015033912219793641,-0.31443383397720126,0.006780430554891622,0.005412090923960757,-0.0013683396309308645
all,both_legs_le_24h,equal,mineral_rights,pm_vwap_abs_minus_k_vwap_abs_from_50,854,86,-0.0002514316593173918,0.0016493149824704516,-0.15244611368337965,0.009801376765355474,0.007485274900303788,-0.0023161018650516858
all,both_legs_le_24h,equal,mineral_rights,log1p_pm_shares,1211,92,0.005473375522042652,0.12510639037338167,0.043749767743336616,7.020332330542242,7.113921209658622,0.09358887911638014
all,both_legs_le_24h,equal,mineral_rights,log1p_k_contracts,1211,92,-0.04380132778220408,0.16848985160725513,-0.259964189916338,4.152688639469289,4.1064874338250945,-0.046201205644194054
all,both_legs_le_24h,equal,mineral_rights,pm_flow_imbalance,1136,89,0.07759060289944966,0.04307851752521691,1.8011437569556656,-0.04713849462627588,0.029703338939689246,0.07684183356596513
all,both_legs_le_24h,equal,mineral_rights,k_flow_imbalance,904,90,0.04822268874933703,0.05592431992624605,0.862284759348597,0.20603233238009386,0.292349093676163,0.08631676129606916
all,both_legs_le_24h,equal,zelensky_suit,pm_abs_from_50,1494,45,0.014709580728471288,0.001908590838373136,7.707037272069057,0.32690609211224103,0.3379867714911263,0.011080679378885294
all,both_legs_le_24h,equal,zelensky_suit,pm_abs_minus_k_abs_from_50,1494,45,0.005590363495790399,0.0010247269396199436,5.455466504924506,-0.006523751985754491,3.461838107850658e-05,0.006558370366832998
all,both_legs_le_24h,equal,zelensky_suit,pm_vwap_abs_minus_k_vwap_abs_from_50,1205,43,0.005088519490100047,0.001112082985875552,4.575665264848751,-0.0067326751097855665,6.773727576785185e-05,0.006800412385553419
all,both_legs_le_24h,equal,zelensky_suit,log1p_pm_shares,1494,45,0.41377277032269466,0.09965743292811516,4.15195091991941,7.007453947628842,7.399668205550519,0.39221425792167697
all,both_legs_le_24h,equal,zelensky_suit,log1p_k_contracts,1494,45,0.29500052017305584,0.13829152200056904,2.1331786352878663,5.125232501476785,5.3454851057169614,0.22025260424017645
all,both_legs_le_24h,equal,zelensky_suit,pm_flow_imbalance,1424,45,0.017768670966575577,0.03897096786764343,0.45594636055545434,-0.04057471388569429,-0.017207488777402528,0.02336722510829176
all,both_legs_le_24h,equal,zelensky_suit,k_flow_imbalance,1249,45,-0.02617675855719653,0.04644307330314876,-0.5636310583137442,0.31716369478910306,0.2980737417807933,-0.019089953008309735
uma_risk_exposed,none,lifetime_volume,mineral_rights,pm_abs_from_50,354,12,0.011718553677973781,0.003087713946440604,3.7952199851551893,0.19671112922239473,0.20938350281268975,0.012672373590295022
uma_risk_exposed,none,lifetime_volume,mineral_rights,pm_abs_minus_k_abs_from_50,354,12,0.003673197617910247,0.0027586265627628365,1.3315313016602883,0.0350489013547396,0.03862264033867333,0.003573738983933733
uma_risk_exposed,none,lifetime_volume,mineral_rights,pm_vwap_abs_minus_k_vwap_abs_from_50,211,11,0.003991672273772732,0.0036699628503512297,1.0876601307805374,0.040423768360817465,0.044187655646876337,0.0037638872860588715
uma_risk_exposed,none,lifetime_volume,mineral_rights,log1p_pm_shares,354,12,-0.0922522666336042,0.21592473652636435,-0.42724269631024986,6.43507337488185,6.337141872711152,-0.0979315021706979
uma_risk_exposed,none,lifetime_volume,mineral_rights,log1p_k_contracts,354,12,-0.558802437655336,0.2566799899994793,-2.1770393463723825,4.655257543811938,4.0831154715241915,-0.5721420722877468
uma_risk_exposed,none,lifetime_volume,mineral_rights,pm_flow_imbalance,287,12,-0.08848033549509136,0.08696687371801677,-1.017402738679349,0.130299666985749,0.049681823391260406,-0.08061784359448859
uma_risk_exposed,none,lifetime_volume,mineral_rights,k_flow_imbalance,232,11,0.21536236367894282,0.10950745526929592,1.966645678591774,0.046669401252235815,0.29010883570030505,0.24343943444806923
uma_risk_exposed,none,lifetime_volume,zelensky_suit,pm_abs_from_50,816,19,0.020442910381074552,0.0016367384250876775,12.49002899163894,0.34369099806443043,0.3641219910449755,0.02043099298054507
uma_risk_exposed,none,lifetime_volume,zelensky_suit,pm_abs_minus_k_abs_from_50,816,19,0.015208678664372977,0.001258981783504322,12.08014195570032,-0.059712046757457365,-0.044497341612485856,0.015214705144971509
uma_risk_exposed,none,lifetime_volume,zelensky_suit,pm_vwap_abs_minus_k_vwap_abs_from_50,414,15,0.015796237669115924,0.0018775601497710245,8.413172633133662,-0.057019374046235555,-0.03695419482800708,0.020065179218228472
uma_risk_exposed,none,lifetime_volume,zelensky_suit,log1p_pm_shares,816,19,0.16184652510777578,0.11164025826784515,1.449714714198141,8.66575773639338,8.8286265779742,0.1628688415808206
uma_risk_exposed,none,lifetime_volume,zelensky_suit,log1p_k_contracts,816,19,0.08761574505052548,0.21582293889664603,0.4059612268206726,4.61500073026694,4.702978992690978,0.08797826242403861
uma_risk_exposed,none,lifetime_volume,zelensky_suit,pm_flow_imbalance,718,19,-0.16143792140613195,0.04940144317412468,-3.267878649559156,0.13436573654744327,-0.029102482208811047,-0.1634682187562543
uma_risk_exposed,none,lifetime_volume,zelensky_suit,k_flow_imbalance,466,16,0.020407519506369695,0.07955583974837908,0.2565181835917393,0.2799049234477849,0.30277563904131005,0.02287071559352516
uma_risk_exposed,none,pre_event_pm_shares,mineral_rights,pm_abs_from_50,354,12,0.018154013535410653,0.003930765986363994,4.618441697721958,0.18042973848027036,0.19886892937762826,0.018439190897357904
uma_risk_exposed,none,pre_event_pm_shares,mineral_rights,pm_abs_minus_k_abs_from_50,354,12,-0.010599525179541385,0.002885722952944851,-3.673091752874155,0.026299368879720984,0.015688385731636504,-0.01061098314808448
uma_risk_exposed,none,pre_event_pm_shares,mineral_rights,pm_vwap_abs_minus_k_vwap_abs_from_50,211,11,-0.010680584372020928,0.0037465109115808687,-2.8508082917911945,0.0301843512723809,0.016748407346541334,-0.013435943925839567
uma_risk_exposed,none,pre_event_pm_shares,mineral_rights,log1p_pm_shares,354,12,-0.10810601650191358,0.24346293792733198,-0.4440347981596308,7.90924391900048,7.798135901292057,-0.11110801770842293
uma_risk_exposed,none,pre_event_pm_shares,mineral_rights,log1p_k_contracts,354,12,-0.3995236617544325,0.23636971905286133,-1.6902489174811925,5.531220133302605,5.126945281486751,-0.40427485181585343
uma_risk_exposed,none,pre_event_pm_shares,mineral_rights,pm_flow_imbalance,287,12,0.10025818095611953,0.08370003307737839,1.1978272560947927,0.02139609842555981,0.11495094996343544,0.09355485153787563
uma_risk_exposed,none,pre_event_pm_shares,mineral_rights,k_flow_imbalance,232,11,0.08711176530970514,0.10228691288173224,0.85164135719324,0.21943352063988658,0.2868162395959491,0.06738271895606252
uma_risk_exposed,none,pre_event_pm_shares,zelensky_suit,pm_abs_from_50,785,18,0.028174970334906346,0.0017927347936779582,15.71619540953006,0.3217054104052558,0.34987397405603216,0.028168563650776357
uma_risk_exposed,none,pre_event_pm_shares,zelensky_suit,pm_abs_minus_k_abs_from_50,785,18,0.008545839643051126,0.0011907004125359646,7.177153508202889,-0.035561126527040694,-0.02701547886870025,0.008545647658340445
uma_risk_exposed,none,pre_event_pm_shares,zelensky_suit,pm_vwap_abs_minus_k_vwap_abs_from_50,397,14,0.00708941821143929,0.0017058279029361486,4.155998503270266,-0.03236161403971705,-0.021198031164854605,0.011163582874862448
uma_risk_exposed,none,pre_event_pm_shares,zelensky_suit,log1p_pm_shares,785,18,0.12409436468515093,0.10398901495640353,1.1933410922026368,9.038574435481225,9.162966847200154,0.12439241171892945
uma_risk_exposed,none,pre_event_pm_shares,zelensky_suit,log1p_k_contracts,785,18,0.18740800948387357,0.1863698387938385,1.0055704866020916,5.780540062661037,5.968128306465298,0.1875882438042611
uma_risk_exposed,none,pre_event_pm_shares,zelensky_suit,pm_flow_imbalance,691,18,-0.04838609303070071,0.048365265634310026,-1.0004306271477585,0.07363826423562375,0.022032696297216266,-0.05160556793840748
uma_risk_exposed,none,pre_event_pm_shares,zelensky_suit,k_flow_imbalance,447,15,0.014599790733611175,0.07844195600868838,0.18612221668712692,0.241538792965043,0.25569617697482694,0.014157384009783947
uma_risk_exposed,none,equal,mineral_rights,pm_abs_from_50,354,12,0.013571582774625042,0.003061606196388846,4.4328309730469835,0.2052083169188338,0.22887789830860275,0.023669581389768962
uma_risk_exposed,none,equal,mineral_rights,pm_abs_minus_k_abs_from_50,354,12,-0.004583905030253002,0.002641588293645884,-1.7352836705398778,0.01693671198056216,0.012107064975269442,-0.004829647005292717
uma_risk_exposed,none,equal,mineral_rights,pm_vwap_abs_minus_k_vwap_abs_from_50,211,11,-0.00557704428498351,0.0037961135247369993,-1.4691458115362597,0.029204128903700166,0.021964004962892504,-0.007240123940807662
uma_risk_exposed,none,equal,mineral_rights,log1p_pm_shares,354,12,0.0603176371787307,0.2573921186309002,0.23434143010892292,6.091384451620061,6.098148937250092,0.006764485630030848
uma_risk_exposed,none,equal,mineral_rights,log1p_k_contracts,354,12,-0.5021898022068191,0.23840132603229094,-2.106489131435446,4.1517261062101705,3.5200850105555936,-0.6316410956545768
uma_risk_exposed,none,equal,mineral_rights,pm_flow_imbalance,287,12,0.024202645885999144,0.08849779374089133,0.27348304249099104,0.08602198897340627,0.08872844422351747,0.002706455250111206
uma_risk_exposed,none,equal,mineral_rights,k_flow_imbalance,232,11,0.08006845222634239,0.10892163564807193,0.735101449312102,0.1345532325420746,0.2590854161826604,0.1245321836405858
uma_risk_exposed,none,equal,zelensky_suit,pm_abs_from_50,816,19,0.012661733776540212,0.00229377117544082,5.520050958922205,0.3475363854840579,0.36497642969442584,0.017440044210367933
uma_risk_exposed,none,equal,zelensky_suit,pm_abs_minus_k_abs_from_50,816,19,0.007556691759733489,0.001687753260011878,4.477367597962931,0.002806095027626424,0.01149816882486059,0.008692073797234166
uma_risk_exposed,none,equal,zelensky_suit,pm_vwap_abs_minus_k_vwap_abs_from_50,414,15,0.014143757844172792,0.002715157815216186,5.209184440369865,-0.015581434920278348,0.0031387008799297553,0.018720135800208103
uma_risk_exposed,none,equal,zelensky_suit,log1p_pm_shares,816,19,0.8267167929160412,0.17035520391191566,4.85290014001278,5.517727182673049,6.297684044952919,0.77995686227987
uma_risk_exposed,none,equal,zelensky_suit,log1p_k_contracts,816,19,0.23662696802550734,0.17461617248980282,1.3551263015991593,3.182625516874147,3.387979194733663,0.2053536778595162
uma_risk_exposed,none,equal,zelensky_suit,pm_flow_imbalance,718,19,-0.008011826845403153,0.05725688671340886,-0.13992774153972437,-0.08134090593369982,-0.10355488637235756,-0.022213980438657743
uma_risk_exposed,none,equal,zelensky_suit,k_flow_imbalance,466,16,-0.09498665482720271,0.08333278856724592,-1.1398473093283399,0.3589925648608819,0.2739888938229625,-0.08500367103791939
uma_risk_exposed,both_legs_le_24h,lifetime_volume,mineral_rights,pm_abs_from_50,242,11,0.012640969923678759,0.0042389982598290046,2.9820653722534622,0.17086088477810135,0.15856799115740483,-0.012292893620696521
uma_risk_exposed,both_legs_le_24h,lifetime_volume,mineral_rights,pm_abs_minus_k_abs_from_50,242,11,0.004140619094854243,0.0036408872081890114,1.1372555253953611,0.03847551660428407,0.04544219725021223,0.006966680645928161
uma_risk_exposed,both_legs_le_24h,lifetime_volume,mineral_rights,pm_vwap_abs_minus_k_vwap_abs_from_50,205,11,0.004079047820541037,0.0038172835500531856,1.0685734415731847,0.040423768360817465,0.04573782847219054,0.005314060111373073
uma_risk_exposed,both_legs_le_24h,lifetime_volume,mineral_rights,log1p_pm_shares,242,11,0.18118119138306132,0.2270324153563816,0.7980410687110656,7.2365293280547665,7.99759045060613,0.7610611225513635
uma_risk_exposed,both_legs_le_24h,lifetime_volume,mineral_rights,log1p_k_contracts,242,11,-0.1550065129438074,0.33067645485766545,-0.4687558205815638,5.268185194390609,5.417627175723789,0.14944198133317954
uma_risk_exposed,both_legs_le_24h,lifetime_volume,mineral_rights,pm_flow_imbalance,232,11,-0.12443549025159847,0.095730527678394,-1.2998517115630928,0.13249145849150465,0.03280652997508593,-0.09968492851641872
uma_risk_exposed,both_legs_le_24h,lifetime_volume,mineral_rights,k_flow_imbalance,211,11,0.2668810009312976,0.11403266204979418,2.34039086814232,0.05023553975968703,0.3378220811118178,0.28758654135213074
uma_risk_exposed,both_legs_le_24h,lifetime_volume,zelensky_suit,pm_abs_from_50,521,16,0.022177024818518343,0.001954079760099684,11.349088850593805,0.3436991923385819,0.3607022663296977,0.01700307399111578
uma_risk_exposed,both_legs_le_24h,lifetime_volume,zelensky_suit,pm_abs_minus_k_abs_from_50,521,16,0.01680174082696006,0.001515652900815946,11.085480599096867,-0.0644330321049005,-0.044700274333440766,0.01973275777145974
uma_risk_exposed,both_legs_le_24h,lifetime_volume,zelensky_suit,pm_vwap_abs_minus_k_vwap_abs_from_50,403,15,0.015843438279992975,0.0019051440259350177,8.31613676672935,-0.0574029525902825,-0.03726578662734899,0.02013716596293351
uma_risk_exposed,both_legs_le_24h,lifetime_volume,zelensky_suit,log1p_pm_shares,521,16,0.16827435343113148,0.1305312959233151,1.2891494889470014,8.933651795813867,9.04721786042154,0.1135660646076726
uma_risk_exposed,both_legs_le_24h,lifetime_volume,zelensky_suit,log1p_k_contracts,521,16,0.38442824973182826,0.25982967532869494,1.4795394299958662,4.8644142582861685,5.2606135625488495,0.396199304262681
uma_risk_exposed,both_legs_le_24h,lifetime_volume,zelensky_suit,pm_flow_imbalance,484,16,-0.1637893434246864,0.06003091021465564,-2.728416791266638,0.143793638454592,-0.020187498107185085,-0.1639811365617771
uma_risk_exposed,both_legs_le_24h,lifetime_volume,zelensky_suit,k_flow_imbalance,429,16,0.025890524614447148,0.08238660695423784,0.31425647409934243,0.28088299015366563,0.30753842204011306,0.026655431886447423
uma_risk_exposed,both_legs_le_24h,pre_event_pm_shares,mineral_rights,pm_abs_from_50,242,11,0.021151115694788225,0.0050954548692254825,4.150976946637784,0.13823088967944722,0.1598926674372001,0.02166177775775288
uma_risk_exposed,both_legs_le_24h,pre_event_pm_shares,mineral_rights,pm_abs_minus_k_abs_from_50,242,11,-0.011351081076022047,0.0036979511988678715,-3.06955945754427,0.028909548472949555,0.017815030948590257,-0.011094517524359297
uma_risk_exposed,both_legs_le_24h,pre_event_pm_shares,mineral_rights,pm_vwap_abs_minus_k_vwap_abs_from_50,205,11,-0.010697125050745123,0.0038048956155790348,-2.8114109114967714,0.0301843512723809,0.016786971621603412,-0.013397379650777488
uma_risk_exposed,both_legs_le_24h,pre_event_pm_shares,mineral_rights,log1p_pm_shares,242,11,0.21087371883972775,0.23065060681553068,0.9142560765442943,8.200484129287116,8.436355972034915,0.23587184274779993
uma_risk_exposed,both_legs_le_24h,pre_event_pm_shares,mineral_rights,log1p_k_contracts,242,11,-0.41145062303984997,0.3044427445173986,-1.351487694975552,6.318802393679221,5.933704508355479,-0.38509788532374145
uma_risk_exposed,both_legs_le_24h,pre_event_pm_shares,mineral_rights,pm_flow_imbalance,232,11,0.008091368324797241,0.09060592097644324,0.0893028649518493,0.04399774916969515,0.05505627105216765,0.0110585218824725
uma_risk_exposed,both_legs_le_24h,pre_event_pm_shares,mineral_rights,k_flow_imbalance,211,11,0.08771326088589221,0.10748089741080981,0.8160823271751964,0.21988973864225045,0.2875049649193919,0.06761522627714148
uma_risk_exposed,both_legs_le_24h,pre_event_pm_shares,zelensky_suit,pm_abs_from_50,497,15,0.029672266908600222,0.0022566236179716367,13.148965858680103,0.3157578756967848,0.34152894841129644,0.025771072714511623
uma_risk_exposed,both_legs_le_24h,pre_event_pm_shares,zelensky_suit,pm_abs_minus_k_abs_from_50,497,15,0.009416836895561815,0.0014771177575379087,6.375142975234418,-0.039900131679007335,-0.02764671798941764,0.012253413689589696
uma_risk_exposed,both_legs_le_24h,pre_event_pm_shares,zelensky_suit,pm_vwap_abs_minus_k_vwap_abs_from_50,386,14,0.007091948946588308,0.0017312122230618403,4.096521993153106,-0.03244863289532828,-0.021260428699695078,0.011188204195633204
uma_risk_exposed,both_legs_le_24h,pre_event_pm_shares,zelensky_suit,log1p_pm_shares,497,15,0.06583714966877456,0.12133230084829057,0.542618488304239,9.281580395952695,9.323244194463589,0.04166379851089452
uma_risk_exposed,both_legs_le_24h,pre_event_pm_shares,zelensky_suit,log1p_k_contracts,497,15,0.4060629365680601,0.22709586165006304,1.78806841136441,6.078918055415079,6.567766663564322,0.4888486081492438
uma_risk_exposed,both_legs_le_24h,pre_event_pm_shares,zelensky_suit,pm_flow_imbalance,461,15,-0.052771897174604857,0.059027050017122176,-0.894029045315616,0.09522459525646541,0.04408094452811223,-0.05114365072835318
uma_risk_exposed,both_legs_le_24h,pre_event_pm_shares,zelensky_suit,k_flow_imbalance,411,15,0.015691003008391217,0.08173710160093224,0.1919691633427366,0.2419608019313222,0.25658444824517374,0.014623646313851546
uma_risk_exposed,both_legs_le_24h,equal,mineral_rights,pm_abs_from_50,242,11,0.016804948596263147,0.004420317344318162,3.801751613572289,0.15800352284582855,0.15955736954591027,0.0015538467000817124
uma_risk_exposed,both_legs_le_24h,equal,mineral_rights,pm_abs_minus_k_abs_from_50,242,11,-0.004826176071876202,0.0036014619569516614,-1.3400602670703092,0.02489427914834957,0.021264686619081007,-0.003629592529268564
uma_risk_exposed,both_legs_le_24h,equal,mineral_rights,pm_vwap_abs_minus_k_vwap_abs_from_50,205,11,-0.0058392161359904935,0.0038815330100023084,-1.5043582319004987,0.029204128903700166,0.023077670485297512,-0.006126458418402654
uma_risk_exposed,both_legs_le_24h,equal,mineral_rights,log1p_pm_shares,242,11,0.3131990092750346,0.24764169260425128,1.26472649246324,7.165173342706575,7.726356041653451,0.561182698946876
uma_risk_exposed,both_legs_le_24h,equal,mineral_rights,log1p_k_contracts,242,11,-0.28358076253790826,0.3191264111642862,-0.8886157729888453,5.340809790772743,5.251357931223825,-0.08945185954891866
uma_risk_exposed,both_legs_le_24h,equal,mineral_rights,pm_flow_imbalance,232,11,-0.08488483412767628,0.09457913018044263,-0.8975006850425553,0.10745102382242641,0.048986986157696054,-0.05846403766473036
uma_risk_exposed,both_legs_le_24h,equal,mineral_rights,k_flow_imbalance,211,11,0.08491259462905038,0.11141881335703578,0.7621028448485839,0.16726003252616783,0.27024857501763316,0.10298854249146533
uma_risk_exposed,both_legs_le_24h,equal,zelensky_suit,pm_abs_from_50,521,16,0.015112277727359402,0.003306038417652292,4.571113767664879,0.3042687421730455,0.3201741503955825,0.015905408222537
uma_risk_exposed,both_legs_le_24h,equal,zelensky_suit,pm_abs_minus_k_abs_from_50,521,16,0.013462737861917297,0.002376245004336436,5.6655512530690215,-0.016887720411988456,9.393649183916689e-05,0.01698165690382762
uma_risk_exposed,both_legs_le_24h,equal,zelensky_suit,pm_vwap_abs_minus_k_vwap_abs_from_50,403,15,0.014569776248525002,0.0027712223251879766,5.257527018348017,-0.01625929359478624,0.002971563440759341,0.01923085703554558
uma_risk_exposed,both_legs_le_24h,equal,zelensky_suit,log1p_pm_shares,521,16,0.4633740367039853,0.19485645599489618,2.3780276323824876,6.397185290507663,6.809652595646097,0.412467305138434
uma_risk_exposed,both_legs_le_24h,equal,zelensky_suit,log1p_k_contracts,521,16,0.18025224918118488,0.24548283259516596,0.7342763943026719,4.902422173778058,4.837154885330864,-0.06526728844719454
uma_risk_exposed,both_legs_le_24h,equal,zelensky_suit,pm_flow_imbalance,484,16,-0.03911458729312427,0.07199321451965028,-0.5433093598348506,0.067379814446708,-2.5457027547109593e-05,-0.06740527147425511
uma_risk_exposed,both_legs_le_24h,equal,zelensky_suit,k_flow_imbalance,429,16,-0.09219041183926706,0.08573075229214298,-1.0753482195643358,0.3848249513912659,0.2906898768859522,-0.09413507450531367
