entity_signature,pm_market_id,pm_title,pm_contract_key,kalshi_market_id,kalshi_title,kalshi_contract_key,reject_reason
leader_contact|meet|donald_trump|vladimir_putin,516143,Will Putin meet with Trump in first 100 days?,leader_contact|meet|donald_trump|vladimir_putin|period:first_100_days,KXWLEADER-25-VP,Will Trump meet with Vladimir Putin before 2026?,leader_contact|meet|donald_trump|vladimir_putin|year:2025,deadline_mismatch:period:first_100_days!=year:2025
leader_contact|meet|donald_trump|vladimir_putin,527081,Will Trump meet with Putin in Saudi Arabia before June?,leader_contact|meet|donald_trump|vladimir_putin|before:2025-06-01,KXWLEADER-25-VP,Will Trump meet with Vladimir Putin before 2026?,leader_contact|meet|donald_trump|vladimir_putin|year:2025,deadline_mismatch:before:2025-06-01!=year:2025
leader_contact|meet|donald_trump|volodymyr_zelenskyy,519844,Will Trump meet with Volodymyr Zelenskyy in his first 100 days?,leader_contact|meet|donald_trump|volodymyr_zelenskyy|period:first_100_days,KXWLEADERUKR-25MAR-VZEL,Will Trump meet with Volodomyr Zelenskyy before 2025?,leader_contact|meet|donald_trump|volodymyr_zelenskyy|year:2024,deadline_mismatch:period:first_100_days!=year:2024
leader_contact|meet|donald_trump|volodymyr_zelenskyy,524145,Will Trump meet with Zelenskyy before July?,leader_contact|meet|donald_trump|volodymyr_zelenskyy|before:2025-07-01,KXWLEADERUKR-25MAR-VZEL,Will Trump meet with Volodomyr Zelenskyy before 2025?,leader_contact|meet|donald_trump|volodymyr_zelenskyy|year:2024,deadline_mismatch:before:2025-07-01!=year:2024
leader_contact|meet|donald_trump|volodymyr_zelenskyy,524147,Will Trump meet with Volodymyr Zelenskyy in 2025?,leader_contact|meet|donald_trump|volodymyr_zelenskyy|year:2025,KXWLEADERUKR-25MAR-VZEL,Will Trump meet with Volodomyr Zelenskyy before 2025?,leader_contact|meet|donald_trump|volodymyr_zelenskyy|year:2024,deadline_mismatch:year:2025!=year:2024
leader_contact|visit|donald_trump|russia,518889,Will Donald Trump visit Russia in 2025?,leader_contact|visit|donald_trump|russia|year:2025,KXPRESVISIT-26-RU,Will Trump visit Russia in the first year?,leader_contact|visit|donald_trump|russia|period:first_year,deadline_mismatch:year:2025!=period:first_year
leader_contact|visit|donald_trump|russia,523197,Will Trump visit Russia in first 100 days?,leader_contact|visit|donald_trump|russia|period:first_100_days,KXPRESVISIT-26-RU,Will Trump visit Russia in the first year?,leader_contact|visit|donald_trump|russia|period:first_year,deadline_mismatch:period:first_100_days!=period:first_year
leader_contact|visit|donald_trump|russia,524291,Will Trump visit Russia before July?,leader_contact|visit|donald_trump|russia|before:2025-07-01,KXPRESVISIT-26-RU,Will Trump visit Russia in the first year?,leader_contact|visit|donald_trump|russia|period:first_year,deadline_mismatch:before:2025-07-01!=period:first_year
leader_contact|visit|donald_trump|ukraine,518890,Will Donald Trump visit Ukraine in 2025?,leader_contact|visit|donald_trump|ukraine|year:2025,KXPRESVISIT-26-UKR,Will Trump visit Ukraine in the first year?,leader_contact|visit|donald_trump|ukraine|period:first_year,deadline_mismatch:year:2025!=period:first_year
