ticker,cutoff_utc,cutoff_label,cutoff_local,trade_ts_utc,price
KXELECTUKRAINE-26,2025-03-17 12:00:00+00:00,2025_03_17_open_0500_PT,2025-03-17 05:00:00-07:00,2025-03-17 09:17:09.691482+00:00,0.43
KXFRIDMAN-26JAN01-VP,2025-03-17 12:00:00+00:00,2025_03_17_open_0500_PT,2025-03-17 05:00:00-07:00,2025-03-14 05:37:00.226106+00:00,0.4
KXMARALAGO-26-VZ,2025-03-17 12:00:00+00:00,2025_03_17_open_0500_PT,2025-03-17 05:00:00-07:00,2025-03-08 10:35:32.381174+00:00,0.21
KXMOONMAN-31-R,2025-03-17 12:00:00+00:00,2025_03_17_open_0500_PT,2025-03-17 05:00:00-07:00,2024-12-01 07:12:28.152982+00:00,0.1
KXNOBELPEACE-25-VZEL,2025-03-17 12:00:00+00:00,2025_03_17_open_0500_PT,2025-03-17 05:00:00-07:00,2025-03-17 09:33:41.337778+00:00,0.16
KXPRESVISIT-26-RU,2025-03-17 12:00:00+00:00,2025_03_17_open_0500_PT,2025-03-17 05:00:00-07:00,2025-03-16 12:44:11.315077+00:00,0.32
KXPRESVISIT-26-UKR,2025-03-17 12:00:00+00:00,2025_03_17_open_0500_PT,2025-03-17 05:00:00-07:00,2025-03-16 12:39:18.497108+00:00,0.22
KXSECSTATEVISIT-26-RUS,2025-03-17 12:00:00+00:00,2025_03_17_open_0500_PT,2025-03-17 05:00:00-07:00,2025-03-15 15:31:21.772688+00:00,0.66
KXUKRAINERESIGN-26,2025-03-17 12:00:00+00:00,2025_03_17_open_0500_PT,2025-03-17 05:00:00-07:00,2025-03-17 11:26:13.354218+00:00,0.23
KXUKRIMPEACH-26,2025-03-17 12:00:00+00:00,2025_03_17_open_0500_PT,2025-03-17 05:00:00-07:00,2025-03-16 19:59:54.669816+00:00,0.11
KXWLEADER-25-VP,2025-03-17 12:00:00+00:00,2025_03_17_open_0500_PT,2025-03-17 05:00:00-07:00,2025-03-17 11:46:43.628562+00:00,0.88
KXELECTUKRAINE-26,2025-03-18 00:00:00+00:00,2025_03_17_close_1700_PT,2025-03-17 17:00:00-07:00,2025-03-17 20:18:35.640338+00:00,0.46
KXFRIDMAN-26JAN01-VP,2025-03-18 00:00:00+00:00,2025_03_17_close_1700_PT,2025-03-17 17:00:00-07:00,2025-03-14 05:37:00.226106+00:00,0.4
KXMARALAGO-26-VZ,2025-03-18 00:00:00+00:00,2025_03_17_close_1700_PT,2025-03-17 17:00:00-07:00,2025-03-08 10:35:32.381174+00:00,0.21
KXMOONMAN-31-R,2025-03-18 00:00:00+00:00,2025_03_17_close_1700_PT,2025-03-17 17:00:00-07:00,2024-12-01 07:12:28.152982+00:00,0.1
KXNOBELPEACE-25-VZEL,2025-03-18 00:00:00+00:00,2025_03_17_close_1700_PT,2025-03-17 17:00:00-07:00,2025-03-17 09:33:41.337778+00:00,0.16
KXPRESVISIT-26-RU,2025-03-18 00:00:00+00:00,2025_03_17_close_1700_PT,2025-03-17 17:00:00-07:00,2025-03-17 19:32:03.602118+00:00,0.4
KXPRESVISIT-26-UKR,2025-03-18 00:00:00+00:00,2025_03_17_close_1700_PT,2025-03-17 17:00:00-07:00,2025-03-17 15:15:58.487258+00:00,0.18
KXSECSTATEVISIT-26-RUS,2025-03-18 00:00:00+00:00,2025_03_17_close_1700_PT,2025-03-17 17:00:00-07:00,2025-03-15 15:31:21.772688+00:00,0.66
KXUKRAINERESIGN-26,2025-03-18 00:00:00+00:00,2025_03_17_close_1700_PT,2025-03-17 17:00:00-07:00,2025-03-17 21:42:52.540688+00:00,0.24
KXUKRIMPEACH-26,2025-03-18 00:00:00+00:00,2025_03_17_close_1700_PT,2025-03-17 17:00:00-07:00,2025-03-17 17:27:59.028756+00:00,0.11
KXWLEADER-25-VP,2025-03-18 00:00:00+00:00,2025_03_17_close_1700_PT,2025-03-17 17:00:00-07:00,2025-03-17 23:12:17.211500+00:00,0.88
KXELECTUKRAINE-26,2025-03-18 12:00:00+00:00,2025_03_18_open_0500_PT,2025-03-18 05:00:00-07:00,2025-03-18 08:41:40.339708+00:00,0.48
KXFRIDMAN-26JAN01-VP,2025-03-18 12:00:00+00:00,2025_03_18_open_0500_PT,2025-03-18 05:00:00-07:00,2025-03-14 05:37:00.226106+00:00,0.4
KXMARALAGO-26-VZ,2025-03-18 12:00:00+00:00,2025_03_18_open_0500_PT,2025-03-18 05:00:00-07:00,2025-03-08 10:35:32.381174+00:00,0.21
KXMOONMAN-31-R,2025-03-18 12:00:00+00:00,2025_03_18_open_0500_PT,2025-03-18 05:00:00-07:00,2024-12-01 07:12:28.152982+00:00,0.1
KXNOBELPEACE-25-VZEL,2025-03-18 12:00:00+00:00,2025_03_18_open_0500_PT,2025-03-18 05:00:00-07:00,2025-03-17 09:33:41.337778+00:00,0.16
KXPRESVISIT-26-RU,2025-03-18 12:00:00+00:00,2025_03_18_open_0500_PT,2025-03-18 05:00:00-07:00,2025-03-18 10:11:55.628466+00:00,0.4
KXPRESVISIT-26-UKR,2025-03-18 12:00:00+00:00,2025_03_18_open_0500_PT,2025-03-18 05:00:00-07:00,2025-03-18 11:26:15.682733+00:00,0.22
KXSECSTATEVISIT-26-RUS,2025-03-18 12:00:00+00:00,2025_03_18_open_0500_PT,2025-03-18 05:00:00-07:00,2025-03-15 15:31:21.772688+00:00,0.66
KXUKRAINERESIGN-26,2025-03-18 12:00:00+00:00,2025_03_18_open_0500_PT,2025-03-18 05:00:00-07:00,2025-03-18 10:16:05.809490+00:00,0.24
KXUKRIMPEACH-26,2025-03-18 12:00:00+00:00,2025_03_18_open_0500_PT,2025-03-18 05:00:00-07:00,2025-03-18 08:32:46.450636+00:00,0.11
KXWLEADER-25-VP,2025-03-18 12:00:00+00:00,2025_03_18_open_0500_PT,2025-03-18 05:00:00-07:00,2025-03-18 06:58:51.509256+00:00,0.91
KXELECTUKRAINE-26,2025-03-19 00:00:00+00:00,2025_03_18_close_1700_PT,2025-03-18 17:00:00-07:00,2025-03-18 08:41:40.339708+00:00,0.48
KXFRIDMAN-26JAN01-VP,2025-03-19 00:00:00+00:00,2025_03_18_close_1700_PT,2025-03-18 17:00:00-07:00,2025-03-14 05:37:00.226106+00:00,0.4
KXMARALAGO-26-VZ,2025-03-19 00:00:00+00:00,2025_03_18_close_1700_PT,2025-03-18 17:00:00-07:00,2025-03-08 10:35:32.381174+00:00,0.21
KXMOONMAN-31-R,2025-03-19 00:00:00+00:00,2025_03_18_close_1700_PT,2025-03-18 17:00:00-07:00,2024-12-01 07:12:28.152982+00:00,0.1
KXNOBELPEACE-25-VZEL,2025-03-19 00:00:00+00:00,2025_03_18_close_1700_PT,2025-03-18 17:00:00-07:00,2025-03-17 09:33:41.337778+00:00,0.16
KXPRESVISIT-26-RU,2025-03-19 00:00:00+00:00,2025_03_18_close_1700_PT,2025-03-18 17:00:00-07:00,2025-03-18 20:06:04.451429+00:00,0.33
KXPRESVISIT-26-UKR,2025-03-19 00:00:00+00:00,2025_03_18_close_1700_PT,2025-03-18 17:00:00-07:00,2025-03-18 11:26:15.682733+00:00,0.22
KXSECSTATEVISIT-26-RUS,2025-03-19 00:00:00+00:00,2025_03_18_close_1700_PT,2025-03-18 17:00:00-07:00,2025-03-15 15:31:21.772688+00:00,0.66
KXUKRAINERESIGN-26,2025-03-19 00:00:00+00:00,2025_03_18_close_1700_PT,2025-03-18 17:00:00-07:00,2025-03-18 21:03:30.608474+00:00,0.22
KXUKRIMPEACH-26,2025-03-19 00:00:00+00:00,2025_03_18_close_1700_PT,2025-03-18 17:00:00-07:00,2025-03-18 20:53:34.895831+00:00,0.12
KXWLEADER-25-VP,2025-03-19 00:00:00+00:00,2025_03_18_close_1700_PT,2025-03-18 17:00:00-07:00,2025-03-18 06:58:51.509256+00:00,0.91
KXELECTUKRAINE-26,2025-03-19 12:00:00+00:00,2025_03_19_open_0500_PT,2025-03-19 05:00:00-07:00,2025-03-18 08:41:40.339708+00:00,0.48
KXFRIDMAN-26JAN01-VP,2025-03-19 12:00:00+00:00,2025_03_19_open_0500_PT,2025-03-19 05:00:00-07:00,2025-03-14 05:37:00.226106+00:00,0.4
KXMARALAGO-26-VZ,2025-03-19 12:00:00+00:00,2025_03_19_open_0500_PT,2025-03-19 05:00:00-07:00,2025-03-08 10:35:32.381174+00:00,0.21
KXMOONMAN-31-R,2025-03-19 12:00:00+00:00,2025_03_19_open_0500_PT,2025-03-19 05:00:00-07:00,2024-12-01 07:12:28.152982+00:00,0.1
KXNOBELPEACE-25-VZEL,2025-03-19 12:00:00+00:00,2025_03_19_open_0500_PT,2025-03-19 05:00:00-07:00,2025-03-17 09:33:41.337778+00:00,0.16
KXPRESVISIT-26-RU,2025-03-19 12:00:00+00:00,2025_03_19_open_0500_PT,2025-03-19 05:00:00-07:00,2025-03-18 20:06:04.451429+00:00,0.33
KXPRESVISIT-26-UKR,2025-03-19 12:00:00+00:00,2025_03_19_open_0500_PT,2025-03-19 05:00:00-07:00,2025-03-19 06:47:42.697771+00:00,0.18
KXSECSTATEVISIT-26-RUS,2025-03-19 12:00:00+00:00,2025_03_19_open_0500_PT,2025-03-19 05:00:00-07:00,2025-03-15 15:31:21.772688+00:00,0.66
KXUKRAINERESIGN-26,2025-03-19 12:00:00+00:00,2025_03_19_open_0500_PT,2025-03-19 05:00:00-07:00,2025-03-19 06:39:15.552698+00:00,0.21
KXUKRIMPEACH-26,2025-03-19 12:00:00+00:00,2025_03_19_open_0500_PT,2025-03-19 05:00:00-07:00,2025-03-18 20:53:34.895831+00:00,0.12
KXWLEADER-25-VP,2025-03-19 12:00:00+00:00,2025_03_19_open_0500_PT,2025-03-19 05:00:00-07:00,2025-03-19 08:08:06.146376+00:00,0.84
KXELECTUKRAINE-26,2025-03-20 00:00:00+00:00,2025_03_19_close_1700_PT,2025-03-19 17:00:00-07:00,2025-03-19 18:44:29.011988+00:00,0.44
KXFRIDMAN-26JAN01-VP,2025-03-20 00:00:00+00:00,2025_03_19_close_1700_PT,2025-03-19 17:00:00-07:00,2025-03-14 05:37:00.226106+00:00,0.4
KXMARALAGO-26-VZ,2025-03-20 00:00:00+00:00,2025_03_19_close_1700_PT,2025-03-19 17:00:00-07:00,2025-03-08 10:35:32.381174+00:00,0.21
KXMOONMAN-31-R,2025-03-20 00:00:00+00:00,2025_03_19_close_1700_PT,2025-03-19 17:00:00-07:00,2024-12-01 07:12:28.152982+00:00,0.1
KXNOBELPEACE-25-VZEL,2025-03-20 00:00:00+00:00,2025_03_19_close_1700_PT,2025-03-19 17:00:00-07:00,2025-03-17 09:33:41.337778+00:00,0.16
KXPRESVISIT-26-RU,2025-03-20 00:00:00+00:00,2025_03_19_close_1700_PT,2025-03-19 17:00:00-07:00,2025-03-19 19:51:11.252711+00:00,0.32
KXPRESVISIT-26-UKR,2025-03-20 00:00:00+00:00,2025_03_19_close_1700_PT,2025-03-19 17:00:00-07:00,2025-03-19 15:27:39.127666+00:00,0.21
KXSECSTATEVISIT-26-RUS,2025-03-20 00:00:00+00:00,2025_03_19_close_1700_PT,2025-03-19 17:00:00-07:00,2025-03-15 15:31:21.772688+00:00,0.66
KXUKRAINERESIGN-26,2025-03-20 00:00:00+00:00,2025_03_19_close_1700_PT,2025-03-19 17:00:00-07:00,2025-03-19 23:05:23.485782+00:00,0.24
KXUKRIMPEACH-26,2025-03-20 00:00:00+00:00,2025_03_19_close_1700_PT,2025-03-19 17:00:00-07:00,2025-03-19 18:57:22.079943+00:00,0.11
KXWLEADER-25-VP,2025-03-20 00:00:00+00:00,2025_03_19_close_1700_PT,2025-03-19 17:00:00-07:00,2025-03-19 08:08:06.146376+00:00,0.84
KXELECTUKRAINE-26,2025-03-20 12:00:00+00:00,2025_03_20_open_0500_PT,2025-03-20 05:00:00-07:00,2025-03-20 08:19:42.290464+00:00,0.43
KXFRIDMAN-26JAN01-VP,2025-03-20 12:00:00+00:00,2025_03_20_open_0500_PT,2025-03-20 05:00:00-07:00,2025-03-14 05:37:00.226106+00:00,0.4
KXMARALAGO-26-VZ,2025-03-20 12:00:00+00:00,2025_03_20_open_0500_PT,2025-03-20 05:00:00-07:00,2025-03-08 10:35:32.381174+00:00,0.21
KXMOONMAN-31-R,2025-03-20 12:00:00+00:00,2025_03_20_open_0500_PT,2025-03-20 05:00:00-07:00,2024-12-01 07:12:28.152982+00:00,0.1
KXNOBELPEACE-25-VZEL,2025-03-20 12:00:00+00:00,2025_03_20_open_0500_PT,2025-03-20 05:00:00-07:00,2025-03-17 09:33:41.337778+00:00,0.16
KXPRESVISIT-26-RU,2025-03-20 12:00:00+00:00,2025_03_20_open_0500_PT,2025-03-20 05:00:00-07:00,2025-03-20 08:17:57.412874+00:00,0.32
KXPRESVISIT-26-UKR,2025-03-20 12:00:00+00:00,2025_03_20_open_0500_PT,2025-03-20 05:00:00-07:00,2025-03-19 15:27:39.127666+00:00,0.21
KXSECSTATEVISIT-26-RUS,2025-03-20 12:00:00+00:00,2025_03_20_open_0500_PT,2025-03-20 05:00:00-07:00,2025-03-20 09:32:59.860002+00:00,0.71
KXUKRAINERESIGN-26,2025-03-20 12:00:00+00:00,2025_03_20_open_0500_PT,2025-03-20 05:00:00-07:00,2025-03-20 08:57:14.474209+00:00,0.24
KXUKRIMPEACH-26,2025-03-20 12:00:00+00:00,2025_03_20_open_0500_PT,2025-03-20 05:00:00-07:00,2025-03-20 08:54:49.019648+00:00,0.12
KXWLEADER-25-VP,2025-03-20 12:00:00+00:00,2025_03_20_open_0500_PT,2025-03-20 05:00:00-07:00,2025-03-20 11:48:28.821253+00:00,0.84
KXELECTUKRAINE-26,2025-03-21 00:00:00+00:00,2025_03_20_close_1700_PT,2025-03-20 17:00:00-07:00,2025-03-20 08:19:42.290464+00:00,0.43
KXFRIDMAN-26JAN01-VP,2025-03-21 00:00:00+00:00,2025_03_20_close_1700_PT,2025-03-20 17:00:00-07:00,2025-03-14 05:37:00.226106+00:00,0.4
KXMARALAGO-26-VZ,2025-03-21 00:00:00+00:00,2025_03_20_close_1700_PT,2025-03-20 17:00:00-07:00,2025-03-08 10:35:32.381174+00:00,0.21
KXMOONMAN-31-R,2025-03-21 00:00:00+00:00,2025_03_20_close_1700_PT,2025-03-20 17:00:00-07:00,2024-12-01 07:12:28.152982+00:00,0.1
KXNOBELPEACE-25-VZEL,2025-03-21 00:00:00+00:00,2025_03_20_close_1700_PT,2025-03-20 17:00:00-07:00,2025-03-20 22:07:44.098391+00:00,0.18
KXPRESVISIT-26-RU,2025-03-21 00:00:00+00:00,2025_03_20_close_1700_PT,2025-03-20 17:00:00-07:00,2025-03-20 22:28:39.396610+00:00,0.33
KXPRESVISIT-26-UKR,2025-03-21 00:00:00+00:00,2025_03_20_close_1700_PT,2025-03-20 17:00:00-07:00,2025-03-20 22:41:35.221342+00:00,0.18
KXSECSTATEVISIT-26-RUS,2025-03-21 00:00:00+00:00,2025_03_20_close_1700_PT,2025-03-20 17:00:00-07:00,2025-03-20 09:32:59.860002+00:00,0.71
KXUKRAINERESIGN-26,2025-03-21 00:00:00+00:00,2025_03_20_close_1700_PT,2025-03-20 17:00:00-07:00,2025-03-20 08:57:14.474209+00:00,0.24
KXUKRIMPEACH-26,2025-03-21 00:00:00+00:00,2025_03_20_close_1700_PT,2025-03-20 17:00:00-07:00,2025-03-20 21:31:34.322881+00:00,0.13
KXWLEADER-25-VP,2025-03-21 00:00:00+00:00,2025_03_20_close_1700_PT,2025-03-20 17:00:00-07:00,2025-03-20 11:48:28.821253+00:00,0.84
KXELECTUKRAINE-26,2025-03-21 12:00:00+00:00,2025_03_21_open_0500_PT,2025-03-21 05:00:00-07:00,2025-03-20 08:19:42.290464+00:00,0.43
KXFRIDMAN-26JAN01-VP,2025-03-21 12:00:00+00:00,2025_03_21_open_0500_PT,2025-03-21 05:00:00-07:00,2025-03-14 05:37:00.226106+00:00,0.4
KXMARALAGO-26-VZ,2025-03-21 12:00:00+00:00,2025_03_21_open_0500_PT,2025-03-21 05:00:00-07:00,2025-03-08 10:35:32.381174+00:00,0.21
KXMOONMAN-31-R,2025-03-21 12:00:00+00:00,2025_03_21_open_0500_PT,2025-03-21 05:00:00-07:00,2024-12-01 07:12:28.152982+00:00,0.1
KXNOBELPEACE-25-VZEL,2025-03-21 12:00:00+00:00,2025_03_21_open_0500_PT,2025-03-21 05:00:00-07:00,2025-03-20 22:07:44.098391+00:00,0.18
KXPRESVISIT-26-RU,2025-03-21 12:00:00+00:00,2025_03_21_open_0500_PT,2025-03-21 05:00:00-07:00,2025-03-21 11:32:10.508638+00:00,0.33
KXPRESVISIT-26-UKR,2025-03-21 12:00:00+00:00,2025_03_21_open_0500_PT,2025-03-21 05:00:00-07:00,2025-03-20 22:41:35.221342+00:00,0.18
KXSECSTATEVISIT-26-RUS,2025-03-21 12:00:00+00:00,2025_03_21_open_0500_PT,2025-03-21 05:00:00-07:00,2025-03-20 09:32:59.860002+00:00,0.71
KXUKRAINERESIGN-26,2025-03-21 12:00:00+00:00,2025_03_21_open_0500_PT,2025-03-21 05:00:00-07:00,2025-03-20 08:57:14.474209+00:00,0.24
KXUKRIMPEACH-26,2025-03-21 12:00:00+00:00,2025_03_21_open_0500_PT,2025-03-21 05:00:00-07:00,2025-03-20 21:31:34.322881+00:00,0.13
KXWLEADER-25-VP,2025-03-21 12:00:00+00:00,2025_03_21_open_0500_PT,2025-03-21 05:00:00-07:00,2025-03-21 11:28:04.013156+00:00,0.86
KXELECTUKRAINE-26,2025-03-22 00:00:00+00:00,2025_03_21_close_1700_PT,2025-03-21 17:00:00-07:00,2025-03-21 17:35:08.189435+00:00,0.42
KXFRIDMAN-26JAN01-VP,2025-03-22 00:00:00+00:00,2025_03_21_close_1700_PT,2025-03-21 17:00:00-07:00,2025-03-21 13:10:47.990929+00:00,0.71
KXMARALAGO-26-VZ,2025-03-22 00:00:00+00:00,2025_03_21_close_1700_PT,2025-03-21 17:00:00-07:00,2025-03-08 10:35:32.381174+00:00,0.21
KXMOONMAN-31-R,2025-03-22 00:00:00+00:00,2025_03_21_close_1700_PT,2025-03-21 17:00:00-07:00,2024-12-01 07:12:28.152982+00:00,0.1
KXNOBELPEACE-25-VZEL,2025-03-22 00:00:00+00:00,2025_03_21_close_1700_PT,2025-03-21 17:00:00-07:00,2025-03-20 22:07:44.098391+00:00,0.18
KXPRESVISIT-26-RU,2025-03-22 00:00:00+00:00,2025_03_21_close_1700_PT,2025-03-21 17:00:00-07:00,2025-03-21 15:00:03.271757+00:00,0.32
KXPRESVISIT-26-UKR,2025-03-22 00:00:00+00:00,2025_03_21_close_1700_PT,2025-03-21 17:00:00-07:00,2025-03-20 22:41:35.221342+00:00,0.18
KXSECSTATEVISIT-26-RUS,2025-03-22 00:00:00+00:00,2025_03_21_close_1700_PT,2025-03-21 17:00:00-07:00,2025-03-20 09:32:59.860002+00:00,0.71
KXUKRAINERESIGN-26,2025-03-22 00:00:00+00:00,2025_03_21_close_1700_PT,2025-03-21 17:00:00-07:00,2025-03-21 21:41:34.324739+00:00,0.24
KXUKRIMPEACH-26,2025-03-22 00:00:00+00:00,2025_03_21_close_1700_PT,2025-03-21 17:00:00-07:00,2025-03-21 19:25:54.573811+00:00,0.13
KXWLEADER-25-VP,2025-03-22 00:00:00+00:00,2025_03_21_close_1700_PT,2025-03-21 17:00:00-07:00,2025-03-21 11:28:04.013156+00:00,0.86
KXELECTUKRAINE-26,2025-03-22 12:00:00+00:00,2025_03_22_open_0500_PT,2025-03-22 05:00:00-07:00,2025-03-22 10:12:22.314481+00:00,0.42
KXFRIDMAN-26JAN01-VP,2025-03-22 12:00:00+00:00,2025_03_22_open_0500_PT,2025-03-22 05:00:00-07:00,2025-03-21 13:10:47.990929+00:00,0.71
KXMARALAGO-26-VZ,2025-03-22 12:00:00+00:00,2025_03_22_open_0500_PT,2025-03-22 05:00:00-07:00,2025-03-08 10:35:32.381174+00:00,0.21
KXMOONMAN-31-R,2025-03-22 12:00:00+00:00,2025_03_22_open_0500_PT,2025-03-22 05:00:00-07:00,2024-12-01 07:12:28.152982+00:00,0.1
KXNOBELPEACE-25-VZEL,2025-03-22 12:00:00+00:00,2025_03_22_open_0500_PT,2025-03-22 05:00:00-07:00,2025-03-20 22:07:44.098391+00:00,0.18
KXPRESVISIT-26-RU,2025-03-22 12:00:00+00:00,2025_03_22_open_0500_PT,2025-03-22 05:00:00-07:00,2025-03-22 10:38:23.445062+00:00,0.33
KXPRESVISIT-26-UKR,2025-03-22 12:00:00+00:00,2025_03_22_open_0500_PT,2025-03-22 05:00:00-07:00,2025-03-20 22:41:35.221342+00:00,0.18
KXSECSTATEVISIT-26-RUS,2025-03-22 12:00:00+00:00,2025_03_22_open_0500_PT,2025-03-22 05:00:00-07:00,2025-03-20 09:32:59.860002+00:00,0.71
KXUKRAINERESIGN-26,2025-03-22 12:00:00+00:00,2025_03_22_open_0500_PT,2025-03-22 05:00:00-07:00,2025-03-21 21:41:34.324739+00:00,0.24
KXUKRIMPEACH-26,2025-03-22 12:00:00+00:00,2025_03_22_open_0500_PT,2025-03-22 05:00:00-07:00,2025-03-21 19:25:54.573811+00:00,0.13
KXWLEADER-25-VP,2025-03-22 12:00:00+00:00,2025_03_22_open_0500_PT,2025-03-22 05:00:00-07:00,2025-03-21 11:28:04.013156+00:00,0.86
KXELECTUKRAINE-26,2025-03-23 00:00:00+00:00,2025_03_22_close_1700_PT,2025-03-22 17:00:00-07:00,2025-03-22 22:07:50.972109+00:00,0.42
KXFRIDMAN-26JAN01-VP,2025-03-23 00:00:00+00:00,2025_03_22_close_1700_PT,2025-03-22 17:00:00-07:00,2025-03-21 13:10:47.990929+00:00,0.71
KXMARALAGO-26-VZ,2025-03-23 00:00:00+00:00,2025_03_22_close_1700_PT,2025-03-22 17:00:00-07:00,2025-03-08 10:35:32.381174+00:00,0.21
KXMOONMAN-31-R,2025-03-23 00:00:00+00:00,2025_03_22_close_1700_PT,2025-03-22 17:00:00-07:00,2024-12-01 07:12:28.152982+00:00,0.1
KXNOBELPEACE-25-VZEL,2025-03-23 00:00:00+00:00,2025_03_22_close_1700_PT,2025-03-22 17:00:00-07:00,2025-03-20 22:07:44.098391+00:00,0.18
KXPRESVISIT-26-RU,2025-03-23 00:00:00+00:00,2025_03_22_close_1700_PT,2025-03-22 17:00:00-07:00,2025-03-22 16:55:38.477183+00:00,0.33
KXPRESVISIT-26-UKR,2025-03-23 00:00:00+00:00,2025_03_22_close_1700_PT,2025-03-22 17:00:00-07:00,2025-03-20 22:41:35.221342+00:00,0.18
KXSECSTATEVISIT-26-RUS,2025-03-23 00:00:00+00:00,2025_03_22_close_1700_PT,2025-03-22 17:00:00-07:00,2025-03-20 09:32:59.860002+00:00,0.71
KXUKRAINERESIGN-26,2025-03-23 00:00:00+00:00,2025_03_22_close_1700_PT,2025-03-22 17:00:00-07:00,2025-03-22 22:55:09.404026+00:00,0.21
KXUKRIMPEACH-26,2025-03-23 00:00:00+00:00,2025_03_22_close_1700_PT,2025-03-22 17:00:00-07:00,2025-03-21 19:25:54.573811+00:00,0.13
KXWLEADER-25-VP,2025-03-23 00:00:00+00:00,2025_03_22_close_1700_PT,2025-03-22 17:00:00-07:00,2025-03-21 11:28:04.013156+00:00,0.86
KXELECTUKRAINE-26,2025-03-23 12:00:00+00:00,2025_03_23_open_0500_PT,2025-03-23 05:00:00-07:00,2025-03-23 10:39:21.144665+00:00,0.44
KXFRIDMAN-26JAN01-VP,2025-03-23 12:00:00+00:00,2025_03_23_open_0500_PT,2025-03-23 05:00:00-07:00,2025-03-21 13:10:47.990929+00:00,0.71
KXMARALAGO-26-VZ,2025-03-23 12:00:00+00:00,2025_03_23_open_0500_PT,2025-03-23 05:00:00-07:00,2025-03-08 10:35:32.381174+00:00,0.21
KXMOONMAN-31-R,2025-03-23 12:00:00+00:00,2025_03_23_open_0500_PT,2025-03-23 05:00:00-07:00,2024-12-01 07:12:28.152982+00:00,0.1
KXNOBELPEACE-25-VZEL,2025-03-23 12:00:00+00:00,2025_03_23_open_0500_PT,2025-03-23 05:00:00-07:00,2025-03-23 05:15:44.919146+00:00,0.19
KXPRESVISIT-26-RU,2025-03-23 12:00:00+00:00,2025_03_23_open_0500_PT,2025-03-23 05:00:00-07:00,2025-03-22 16:55:38.477183+00:00,0.33
KXPRESVISIT-26-UKR,2025-03-23 12:00:00+00:00,2025_03_23_open_0500_PT,2025-03-23 05:00:00-07:00,2025-03-23 11:55:24.895557+00:00,0.17
KXSECSTATEVISIT-26-RUS,2025-03-23 12:00:00+00:00,2025_03_23_open_0500_PT,2025-03-23 05:00:00-07:00,2025-03-20 09:32:59.860002+00:00,0.71
KXUKRAINERESIGN-26,2025-03-23 12:00:00+00:00,2025_03_23_open_0500_PT,2025-03-23 05:00:00-07:00,2025-03-22 22:55:09.404026+00:00,0.21
KXUKRIMPEACH-26,2025-03-23 12:00:00+00:00,2025_03_23_open_0500_PT,2025-03-23 05:00:00-07:00,2025-03-21 19:25:54.573811+00:00,0.13
KXWLEADER-25-VP,2025-03-23 12:00:00+00:00,2025_03_23_open_0500_PT,2025-03-23 05:00:00-07:00,2025-03-23 08:26:38.815536+00:00,0.8
KXELECTUKRAINE-26,2025-03-24 00:00:00+00:00,2025_03_23_close_1700_PT,2025-03-23 17:00:00-07:00,2025-03-23 20:54:05.104253+00:00,0.43
KXFRIDMAN-26JAN01-VP,2025-03-24 00:00:00+00:00,2025_03_23_close_1700_PT,2025-03-23 17:00:00-07:00,2025-03-21 13:10:47.990929+00:00,0.71
KXMARALAGO-26-VZ,2025-03-24 00:00:00+00:00,2025_03_23_close_1700_PT,2025-03-23 17:00:00-07:00,2025-03-08 10:35:32.381174+00:00,0.21
KXMOONMAN-31-R,2025-03-24 00:00:00+00:00,2025_03_23_close_1700_PT,2025-03-23 17:00:00-07:00,2024-12-01 07:12:28.152982+00:00,0.1
KXNOBELPEACE-25-VZEL,2025-03-24 00:00:00+00:00,2025_03_23_close_1700_PT,2025-03-23 17:00:00-07:00,2025-03-23 05:15:44.919146+00:00,0.19
KXPRESVISIT-26-RU,2025-03-24 00:00:00+00:00,2025_03_23_close_1700_PT,2025-03-23 17:00:00-07:00,2025-03-23 16:51:51.977620+00:00,0.32
KXPRESVISIT-26-UKR,2025-03-24 00:00:00+00:00,2025_03_23_close_1700_PT,2025-03-23 17:00:00-07:00,2025-03-23 11:55:24.895557+00:00,0.17
KXSECSTATEVISIT-26-RUS,2025-03-24 00:00:00+00:00,2025_03_23_close_1700_PT,2025-03-23 17:00:00-07:00,2025-03-23 20:13:04.120409+00:00,0.71
KXUKRAINERESIGN-26,2025-03-24 00:00:00+00:00,2025_03_23_close_1700_PT,2025-03-23 17:00:00-07:00,2025-03-23 20:07:38.540830+00:00,0.24
KXUKRIMPEACH-26,2025-03-24 00:00:00+00:00,2025_03_23_close_1700_PT,2025-03-23 17:00:00-07:00,2025-03-21 19:25:54.573811+00:00,0.13
KXWLEADER-25-VP,2025-03-24 00:00:00+00:00,2025_03_23_close_1700_PT,2025-03-23 17:00:00-07:00,2025-03-23 12:52:33.344636+00:00,0.82
KXELECTUKRAINE-26,2025-03-24 12:00:00+00:00,2025_03_24_open_0500_PT,2025-03-24 05:00:00-07:00,2025-03-23 20:54:05.104253+00:00,0.43
KXFRIDMAN-26JAN01-VP,2025-03-24 12:00:00+00:00,2025_03_24_open_0500_PT,2025-03-24 05:00:00-07:00,2025-03-24 11:58:47.713059+00:00,0.31
KXMARALAGO-26-VZ,2025-03-24 12:00:00+00:00,2025_03_24_open_0500_PT,2025-03-24 05:00:00-07:00,2025-03-08 10:35:32.381174+00:00,0.21
KXMOONMAN-31-R,2025-03-24 12:00:00+00:00,2025_03_24_open_0500_PT,2025-03-24 05:00:00-07:00,2024-12-01 07:12:28.152982+00:00,0.1
KXNOBELPEACE-25-VZEL,2025-03-24 12:00:00+00:00,2025_03_24_open_0500_PT,2025-03-24 05:00:00-07:00,2025-03-23 05:15:44.919146+00:00,0.19
KXPRESVISIT-26-RU,2025-03-24 12:00:00+00:00,2025_03_24_open_0500_PT,2025-03-24 05:00:00-07:00,2025-03-24 11:52:06.856560+00:00,0.32
KXPRESVISIT-26-UKR,2025-03-24 12:00:00+00:00,2025_03_24_open_0500_PT,2025-03-24 05:00:00-07:00,2025-03-23 11:55:24.895557+00:00,0.17
KXSECSTATEVISIT-26-RUS,2025-03-24 12:00:00+00:00,2025_03_24_open_0500_PT,2025-03-24 05:00:00-07:00,2025-03-23 20:13:04.120409+00:00,0.71
KXUKRAINERESIGN-26,2025-03-24 12:00:00+00:00,2025_03_24_open_0500_PT,2025-03-24 05:00:00-07:00,2025-03-24 10:36:36.625419+00:00,0.23
KXUKRIMPEACH-26,2025-03-24 12:00:00+00:00,2025_03_24_open_0500_PT,2025-03-24 05:00:00-07:00,2025-03-24 11:20:14.685875+00:00,0.13
KXWLEADER-25-VP,2025-03-24 12:00:00+00:00,2025_03_24_open_0500_PT,2025-03-24 05:00:00-07:00,2025-03-24 07:28:08.766052+00:00,0.81
KXELECTUKRAINE-26,2025-03-25 00:00:00+00:00,2025_03_24_close_1700_PT,2025-03-24 17:00:00-07:00,2025-03-24 19:38:21.234164+00:00,0.44
KXFRIDMAN-26JAN01-VP,2025-03-25 00:00:00+00:00,2025_03_24_close_1700_PT,2025-03-24 17:00:00-07:00,2025-03-24 13:42:39.480108+00:00,0.27
KXMARALAGO-26-VZ,2025-03-25 00:00:00+00:00,2025_03_24_close_1700_PT,2025-03-24 17:00:00-07:00,2025-03-08 10:35:32.381174+00:00,0.21
KXMOONMAN-31-R,2025-03-25 00:00:00+00:00,2025_03_24_close_1700_PT,2025-03-24 17:00:00-07:00,2024-12-01 07:12:28.152982+00:00,0.1
KXNOBELPEACE-25-VZEL,2025-03-25 00:00:00+00:00,2025_03_24_close_1700_PT,2025-03-24 17:00:00-07:00,2025-03-24 18:29:08.456968+00:00,0.18
KXPRESVISIT-26-RU,2025-03-25 00:00:00+00:00,2025_03_24_close_1700_PT,2025-03-24 17:00:00-07:00,2025-03-24 23:54:59.238258+00:00,0.32
KXPRESVISIT-26-UKR,2025-03-25 00:00:00+00:00,2025_03_24_close_1700_PT,2025-03-24 17:00:00-07:00,2025-03-23 11:55:24.895557+00:00,0.17
KXSECSTATEVISIT-26-RUS,2025-03-25 00:00:00+00:00,2025_03_24_close_1700_PT,2025-03-24 17:00:00-07:00,2025-03-23 20:13:04.120409+00:00,0.71
KXUKRAINERESIGN-26,2025-03-25 00:00:00+00:00,2025_03_24_close_1700_PT,2025-03-24 17:00:00-07:00,2025-03-24 19:20:28.764459+00:00,0.23
KXUKRIMPEACH-26,2025-03-25 00:00:00+00:00,2025_03_24_close_1700_PT,2025-03-24 17:00:00-07:00,2025-03-24 21:52:25.560672+00:00,0.13
KXWLEADER-25-VP,2025-03-25 00:00:00+00:00,2025_03_24_close_1700_PT,2025-03-24 17:00:00-07:00,2025-03-24 07:28:08.766052+00:00,0.81
KXELECTUKRAINE-26,2025-03-25 12:00:00+00:00,2025_03_25_open_0500_PT,2025-03-25 05:00:00-07:00,2025-03-24 19:38:21.234164+00:00,0.44
KXFRIDMAN-26JAN01-VP,2025-03-25 12:00:00+00:00,2025_03_25_open_0500_PT,2025-03-25 05:00:00-07:00,2025-03-24 13:42:39.480108+00:00,0.27
KXMARALAGO-26-VZ,2025-03-25 12:00:00+00:00,2025_03_25_open_0500_PT,2025-03-25 05:00:00-07:00,2025-03-08 10:35:32.381174+00:00,0.21
KXMOONMAN-31-R,2025-03-25 12:00:00+00:00,2025_03_25_open_0500_PT,2025-03-25 05:00:00-07:00,2024-12-01 07:12:28.152982+00:00,0.1
KXNOBELPEACE-25-VZEL,2025-03-25 12:00:00+00:00,2025_03_25_open_0500_PT,2025-03-25 05:00:00-07:00,2025-03-24 18:29:08.456968+00:00,0.18
KXPRESVISIT-26-RU,2025-03-25 12:00:00+00:00,2025_03_25_open_0500_PT,2025-03-25 05:00:00-07:00,2025-03-25 05:29:29.888945+00:00,0.33
KXPRESVISIT-26-UKR,2025-03-25 12:00:00+00:00,2025_03_25_open_0500_PT,2025-03-25 05:00:00-07:00,2025-03-23 11:55:24.895557+00:00,0.17
KXSECSTATEVISIT-26-RUS,2025-03-25 12:00:00+00:00,2025_03_25_open_0500_PT,2025-03-25 05:00:00-07:00,2025-03-23 20:13:04.120409+00:00,0.71
KXUKRAINERESIGN-26,2025-03-25 12:00:00+00:00,2025_03_25_open_0500_PT,2025-03-25 05:00:00-07:00,2025-03-24 19:20:28.764459+00:00,0.23
KXUKRIMPEACH-26,2025-03-25 12:00:00+00:00,2025_03_25_open_0500_PT,2025-03-25 05:00:00-07:00,2025-03-25 10:00:08.424782+00:00,0.13
KXWLEADER-25-VP,2025-03-25 12:00:00+00:00,2025_03_25_open_0500_PT,2025-03-25 05:00:00-07:00,2025-03-25 05:03:42.263630+00:00,0.79
KXELECTUKRAINE-26,2025-03-26 00:00:00+00:00,2025_03_25_close_1700_PT,2025-03-25 17:00:00-07:00,2025-03-25 18:05:32.114099+00:00,0.45
KXFRIDMAN-26JAN01-VP,2025-03-26 00:00:00+00:00,2025_03_25_close_1700_PT,2025-03-25 17:00:00-07:00,2025-03-24 13:42:39.480108+00:00,0.27
KXMARALAGO-26-VZ,2025-03-26 00:00:00+00:00,2025_03_25_close_1700_PT,2025-03-25 17:00:00-07:00,2025-03-08 10:35:32.381174+00:00,0.21
KXMOONMAN-31-R,2025-03-26 00:00:00+00:00,2025_03_25_close_1700_PT,2025-03-25 17:00:00-07:00,2024-12-01 07:12:28.152982+00:00,0.1
KXNOBELPEACE-25-VZEL,2025-03-26 00:00:00+00:00,2025_03_25_close_1700_PT,2025-03-25 17:00:00-07:00,2025-03-25 13:56:27.806514+00:00,0.18
KXPRESVISIT-26-RU,2025-03-26 00:00:00+00:00,2025_03_25_close_1700_PT,2025-03-25 17:00:00-07:00,2025-03-25 05:29:29.888945+00:00,0.33
KXPRESVISIT-26-UKR,2025-03-26 00:00:00+00:00,2025_03_25_close_1700_PT,2025-03-25 17:00:00-07:00,2025-03-25 21:15:36.847981+00:00,0.18
KXSECSTATEVISIT-26-RUS,2025-03-26 00:00:00+00:00,2025_03_25_close_1700_PT,2025-03-25 17:00:00-07:00,2025-03-25 16:20:45.410297+00:00,0.71
KXUKRAINERESIGN-26,2025-03-26 00:00:00+00:00,2025_03_25_close_1700_PT,2025-03-25 17:00:00-07:00,2025-03-25 21:08:21.545193+00:00,0.25
KXUKRIMPEACH-26,2025-03-26 00:00:00+00:00,2025_03_25_close_1700_PT,2025-03-25 17:00:00-07:00,2025-03-25 17:06:35.058723+00:00,0.11
KXWLEADER-25-VP,2025-03-26 00:00:00+00:00,2025_03_25_close_1700_PT,2025-03-25 17:00:00-07:00,2025-03-25 21:12:49.697724+00:00,0.77
KXELECTUKRAINE-26,2025-03-26 12:00:00+00:00,2025_03_26_open_0500_PT,2025-03-26 05:00:00-07:00,2025-03-25 18:05:32.114099+00:00,0.45
KXFRIDMAN-26JAN01-VP,2025-03-26 12:00:00+00:00,2025_03_26_open_0500_PT,2025-03-26 05:00:00-07:00,2025-03-24 13:42:39.480108+00:00,0.27
KXMARALAGO-26-VZ,2025-03-26 12:00:00+00:00,2025_03_26_open_0500_PT,2025-03-26 05:00:00-07:00,2025-03-08 10:35:32.381174+00:00,0.21
KXMOONMAN-31-R,2025-03-26 12:00:00+00:00,2025_03_26_open_0500_PT,2025-03-26 05:00:00-07:00,2024-12-01 07:12:28.152982+00:00,0.1
KXNOBELPEACE-25-VZEL,2025-03-26 12:00:00+00:00,2025_03_26_open_0500_PT,2025-03-26 05:00:00-07:00,2025-03-25 13:56:27.806514+00:00,0.18
KXPRESVISIT-26-RU,2025-03-26 12:00:00+00:00,2025_03_26_open_0500_PT,2025-03-26 05:00:00-07:00,2025-03-25 05:29:29.888945+00:00,0.33
KXPRESVISIT-26-UKR,2025-03-26 12:00:00+00:00,2025_03_26_open_0500_PT,2025-03-26 05:00:00-07:00,2025-03-25 21:15:36.847981+00:00,0.18
KXSECSTATEVISIT-26-RUS,2025-03-26 12:00:00+00:00,2025_03_26_open_0500_PT,2025-03-26 05:00:00-07:00,2025-03-25 16:20:45.410297+00:00,0.71
KXUKRAINERESIGN-26,2025-03-26 12:00:00+00:00,2025_03_26_open_0500_PT,2025-03-26 05:00:00-07:00,2025-03-26 09:41:08.148829+00:00,0.24
KXUKRIMPEACH-26,2025-03-26 12:00:00+00:00,2025_03_26_open_0500_PT,2025-03-26 05:00:00-07:00,2025-03-26 10:13:20.402988+00:00,0.13
KXWLEADER-25-VP,2025-03-26 12:00:00+00:00,2025_03_26_open_0500_PT,2025-03-26 05:00:00-07:00,2025-03-25 21:12:49.697724+00:00,0.77
KXELECTUKRAINE-26,2025-03-27 00:00:00+00:00,2025_03_26_close_1700_PT,2025-03-26 17:00:00-07:00,2025-03-26 20:10:16.566603+00:00,0.42
KXFRIDMAN-26JAN01-VP,2025-03-27 00:00:00+00:00,2025_03_26_close_1700_PT,2025-03-26 17:00:00-07:00,2025-03-24 13:42:39.480108+00:00,0.27
KXMARALAGO-26-VZ,2025-03-27 00:00:00+00:00,2025_03_26_close_1700_PT,2025-03-26 17:00:00-07:00,2025-03-08 10:35:32.381174+00:00,0.21
KXMOONMAN-31-R,2025-03-27 00:00:00+00:00,2025_03_26_close_1700_PT,2025-03-26 17:00:00-07:00,2024-12-01 07:12:28.152982+00:00,0.1
KXNOBELPEACE-25-VZEL,2025-03-27 00:00:00+00:00,2025_03_26_close_1700_PT,2025-03-26 17:00:00-07:00,2025-03-26 19:20:29.682590+00:00,0.16
KXPRESVISIT-26-RU,2025-03-27 00:00:00+00:00,2025_03_26_close_1700_PT,2025-03-26 17:00:00-07:00,2025-03-25 05:29:29.888945+00:00,0.33
KXPRESVISIT-26-UKR,2025-03-27 00:00:00+00:00,2025_03_26_close_1700_PT,2025-03-26 17:00:00-07:00,2025-03-25 21:15:36.847981+00:00,0.18
KXSECSTATEVISIT-26-RUS,2025-03-27 00:00:00+00:00,2025_03_26_close_1700_PT,2025-03-26 17:00:00-07:00,2025-03-25 16:20:45.410297+00:00,0.71
KXUKRAINERESIGN-26,2025-03-27 00:00:00+00:00,2025_03_26_close_1700_PT,2025-03-26 17:00:00-07:00,2025-03-26 19:55:48.953494+00:00,0.24
KXUKRIMPEACH-26,2025-03-27 00:00:00+00:00,2025_03_26_close_1700_PT,2025-03-26 17:00:00-07:00,2025-03-26 10:13:20.402988+00:00,0.13
KXWLEADER-25-VP,2025-03-27 00:00:00+00:00,2025_03_26_close_1700_PT,2025-03-26 17:00:00-07:00,2025-03-26 20:04:54.475289+00:00,0.76
KXELECTUKRAINE-26,2025-03-27 12:00:00+00:00,2025_03_27_open_0500_PT,2025-03-27 05:00:00-07:00,2025-03-27 10:42:27.801006+00:00,0.45
KXFRIDMAN-26JAN01-VP,2025-03-27 12:00:00+00:00,2025_03_27_open_0500_PT,2025-03-27 05:00:00-07:00,2025-03-24 13:42:39.480108+00:00,0.27
KXMARALAGO-26-VZ,2025-03-27 12:00:00+00:00,2025_03_27_open_0500_PT,2025-03-27 05:00:00-07:00,2025-03-08 10:35:32.381174+00:00,0.21
KXMOONMAN-31-R,2025-03-27 12:00:00+00:00,2025_03_27_open_0500_PT,2025-03-27 05:00:00-07:00,2024-12-01 07:12:28.152982+00:00,0.1
KXNOBELPEACE-25-VZEL,2025-03-27 12:00:00+00:00,2025_03_27_open_0500_PT,2025-03-27 05:00:00-07:00,2025-03-27 06:28:25.503598+00:00,0.16
KXPRESVISIT-26-RU,2025-03-27 12:00:00+00:00,2025_03_27_open_0500_PT,2025-03-27 05:00:00-07:00,2025-03-27 09:56:11.924253+00:00,0.32
KXPRESVISIT-26-UKR,2025-03-27 12:00:00+00:00,2025_03_27_open_0500_PT,2025-03-27 05:00:00-07:00,2025-03-25 21:15:36.847981+00:00,0.18
KXSECSTATEVISIT-26-RUS,2025-03-27 12:00:00+00:00,2025_03_27_open_0500_PT,2025-03-27 05:00:00-07:00,2025-03-25 16:20:45.410297+00:00,0.71
KXUKRAINERESIGN-26,2025-03-27 12:00:00+00:00,2025_03_27_open_0500_PT,2025-03-27 05:00:00-07:00,2025-03-27 08:57:54.222168+00:00,0.2
KXUKRIMPEACH-26,2025-03-27 12:00:00+00:00,2025_03_27_open_0500_PT,2025-03-27 05:00:00-07:00,2025-03-27 08:35:03.650475+00:00,0.1
KXWLEADER-25-VP,2025-03-27 12:00:00+00:00,2025_03_27_open_0500_PT,2025-03-27 05:00:00-07:00,2025-03-27 10:29:47.697805+00:00,0.81
KXELECTUKRAINE-26,2025-03-28 00:00:00+00:00,2025_03_27_close_1700_PT,2025-03-27 17:00:00-07:00,2025-03-27 21:48:21.140063+00:00,0.41
KXFRIDMAN-26JAN01-VP,2025-03-28 00:00:00+00:00,2025_03_27_close_1700_PT,2025-03-27 17:00:00-07:00,2025-03-24 13:42:39.480108+00:00,0.27
KXMARALAGO-26-VZ,2025-03-28 00:00:00+00:00,2025_03_27_close_1700_PT,2025-03-27 17:00:00-07:00,2025-03-08 10:35:32.381174+00:00,0.21
KXMOONMAN-31-R,2025-03-28 00:00:00+00:00,2025_03_27_close_1700_PT,2025-03-27 17:00:00-07:00,2024-12-01 07:12:28.152982+00:00,0.1
KXNOBELPEACE-25-VZEL,2025-03-28 00:00:00+00:00,2025_03_27_close_1700_PT,2025-03-27 17:00:00-07:00,2025-03-27 06:28:25.503598+00:00,0.16
KXPRESVISIT-26-RU,2025-03-28 00:00:00+00:00,2025_03_27_close_1700_PT,2025-03-27 17:00:00-07:00,2025-03-27 16:47:55.659457+00:00,0.3
KXPRESVISIT-26-UKR,2025-03-28 00:00:00+00:00,2025_03_27_close_1700_PT,2025-03-27 17:00:00-07:00,2025-03-25 21:15:36.847981+00:00,0.18
KXSECSTATEVISIT-26-RUS,2025-03-28 00:00:00+00:00,2025_03_27_close_1700_PT,2025-03-27 17:00:00-07:00,2025-03-25 16:20:45.410297+00:00,0.71
KXUKRAINERESIGN-26,2025-03-28 00:00:00+00:00,2025_03_27_close_1700_PT,2025-03-27 17:00:00-07:00,2025-03-27 21:20:10.890320+00:00,0.24
KXUKRIMPEACH-26,2025-03-28 00:00:00+00:00,2025_03_27_close_1700_PT,2025-03-27 17:00:00-07:00,2025-03-27 21:21:13.129562+00:00,0.13
KXWLEADER-25-VP,2025-03-28 00:00:00+00:00,2025_03_27_close_1700_PT,2025-03-27 17:00:00-07:00,2025-03-27 21:35:58.645283+00:00,0.81
KXELECTUKRAINE-26,2025-03-28 12:00:00+00:00,2025_03_28_open_0500_PT,2025-03-28 05:00:00-07:00,2025-03-28 06:36:32.815247+00:00,0.38
KXFRIDMAN-26JAN01-VP,2025-03-28 12:00:00+00:00,2025_03_28_open_0500_PT,2025-03-28 05:00:00-07:00,2025-03-24 13:42:39.480108+00:00,0.27
KXMARALAGO-26-VZ,2025-03-28 12:00:00+00:00,2025_03_28_open_0500_PT,2025-03-28 05:00:00-07:00,2025-03-28 10:18:49.795765+00:00,0.2
KXMOONMAN-31-R,2025-03-28 12:00:00+00:00,2025_03_28_open_0500_PT,2025-03-28 05:00:00-07:00,2024-12-01 07:12:28.152982+00:00,0.1
KXNOBELPEACE-25-VZEL,2025-03-28 12:00:00+00:00,2025_03_28_open_0500_PT,2025-03-28 05:00:00-07:00,2025-03-27 06:28:25.503598+00:00,0.16
KXPRESVISIT-26-RU,2025-03-28 12:00:00+00:00,2025_03_28_open_0500_PT,2025-03-28 05:00:00-07:00,2025-03-27 16:47:55.659457+00:00,0.3
KXPRESVISIT-26-UKR,2025-03-28 12:00:00+00:00,2025_03_28_open_0500_PT,2025-03-28 05:00:00-07:00,2025-03-28 08:10:29.083693+00:00,0.17
KXSECSTATEVISIT-26-RUS,2025-03-28 12:00:00+00:00,2025_03_28_open_0500_PT,2025-03-28 05:00:00-07:00,2025-03-25 16:20:45.410297+00:00,0.71
KXUKRAINERESIGN-26,2025-03-28 12:00:00+00:00,2025_03_28_open_0500_PT,2025-03-28 05:00:00-07:00,2025-03-28 10:48:46.118209+00:00,0.24
KXUKRIMPEACH-26,2025-03-28 12:00:00+00:00,2025_03_28_open_0500_PT,2025-03-28 05:00:00-07:00,2025-03-28 10:30:36.834960+00:00,0.13
KXWLEADER-25-VP,2025-03-28 12:00:00+00:00,2025_03_28_open_0500_PT,2025-03-28 05:00:00-07:00,2025-03-27 21:35:58.645283+00:00,0.81
KXELECTUKRAINE-26,2025-03-29 00:00:00+00:00,2025_03_28_close_1700_PT,2025-03-28 17:00:00-07:00,2025-03-28 16:37:50.478669+00:00,0.38
KXFRIDMAN-26JAN01-VP,2025-03-29 00:00:00+00:00,2025_03_28_close_1700_PT,2025-03-28 17:00:00-07:00,2025-03-24 13:42:39.480108+00:00,0.27
KXMARALAGO-26-VZ,2025-03-29 00:00:00+00:00,2025_03_28_close_1700_PT,2025-03-28 17:00:00-07:00,2025-03-28 16:38:37.742115+00:00,0.12
KXMOONMAN-31-R,2025-03-29 00:00:00+00:00,2025_03_28_close_1700_PT,2025-03-28 17:00:00-07:00,2025-03-28 12:27:09.813063+00:00,0.01
KXNOBELPEACE-25-VZEL,2025-03-29 00:00:00+00:00,2025_03_28_close_1700_PT,2025-03-28 17:00:00-07:00,2025-03-28 20:46:33.571221+00:00,0.19
KXPRESVISIT-26-RU,2025-03-29 00:00:00+00:00,2025_03_28_close_1700_PT,2025-03-28 17:00:00-07:00,2025-03-28 12:16:40.079074+00:00,0.33
KXPRESVISIT-26-UKR,2025-03-29 00:00:00+00:00,2025_03_28_close_1700_PT,2025-03-28 17:00:00-07:00,2025-03-28 08:10:29.083693+00:00,0.17
KXSECSTATEVISIT-26-RUS,2025-03-29 00:00:00+00:00,2025_03_28_close_1700_PT,2025-03-28 17:00:00-07:00,2025-03-25 16:20:45.410297+00:00,0.71
KXUKRAINERESIGN-26,2025-03-29 00:00:00+00:00,2025_03_28_close_1700_PT,2025-03-28 17:00:00-07:00,2025-03-28 21:19:19.204485+00:00,0.21
KXUKRIMPEACH-26,2025-03-29 00:00:00+00:00,2025_03_28_close_1700_PT,2025-03-28 17:00:00-07:00,2025-03-28 22:45:12.749912+00:00,0.14
KXWLEADER-25-VP,2025-03-29 00:00:00+00:00,2025_03_28_close_1700_PT,2025-03-28 17:00:00-07:00,2025-03-28 16:01:53.133699+00:00,0.84
KXELECTUKRAINE-26,2025-03-29 12:00:00+00:00,2025_03_29_open_0500_PT,2025-03-29 05:00:00-07:00,2025-03-29 06:09:00.109158+00:00,0.42
KXFRIDMAN-26JAN01-VP,2025-03-29 12:00:00+00:00,2025_03_29_open_0500_PT,2025-03-29 05:00:00-07:00,2025-03-24 13:42:39.480108+00:00,0.27
KXMARALAGO-26-VZ,2025-03-29 12:00:00+00:00,2025_03_29_open_0500_PT,2025-03-29 05:00:00-07:00,2025-03-28 16:38:37.742115+00:00,0.12
KXMOONMAN-31-R,2025-03-29 12:00:00+00:00,2025_03_29_open_0500_PT,2025-03-29 05:00:00-07:00,2025-03-28 12:27:09.813063+00:00,0.01
KXNOBELPEACE-25-VZEL,2025-03-29 12:00:00+00:00,2025_03_29_open_0500_PT,2025-03-29 05:00:00-07:00,2025-03-29 10:48:30.507181+00:00,0.16
KXPRESVISIT-26-RU,2025-03-29 12:00:00+00:00,2025_03_29_open_0500_PT,2025-03-29 05:00:00-07:00,2025-03-28 12:16:40.079074+00:00,0.33
KXPRESVISIT-26-UKR,2025-03-29 12:00:00+00:00,2025_03_29_open_0500_PT,2025-03-29 05:00:00-07:00,2025-03-28 08:10:29.083693+00:00,0.17
KXSECSTATEVISIT-26-RUS,2025-03-29 12:00:00+00:00,2025_03_29_open_0500_PT,2025-03-29 05:00:00-07:00,2025-03-25 16:20:45.410297+00:00,0.71
KXUKRAINERESIGN-26,2025-03-29 12:00:00+00:00,2025_03_29_open_0500_PT,2025-03-29 05:00:00-07:00,2025-03-29 10:38:59.023592+00:00,0.22
KXUKRIMPEACH-26,2025-03-29 12:00:00+00:00,2025_03_29_open_0500_PT,2025-03-29 05:00:00-07:00,2025-03-28 22:45:12.749912+00:00,0.14
KXWLEADER-25-VP,2025-03-29 12:00:00+00:00,2025_03_29_open_0500_PT,2025-03-29 05:00:00-07:00,2025-03-28 16:01:53.133699+00:00,0.84
KXELECTUKRAINE-26,2025-03-30 00:00:00+00:00,2025_03_29_close_1700_PT,2025-03-29 17:00:00-07:00,2025-03-29 06:09:00.109158+00:00,0.42
KXFRIDMAN-26JAN01-VP,2025-03-30 00:00:00+00:00,2025_03_29_close_1700_PT,2025-03-29 17:00:00-07:00,2025-03-24 13:42:39.480108+00:00,0.27
KXMARALAGO-26-VZ,2025-03-30 00:00:00+00:00,2025_03_29_close_1700_PT,2025-03-29 17:00:00-07:00,2025-03-28 16:38:37.742115+00:00,0.12
KXMOONMAN-31-R,2025-03-30 00:00:00+00:00,2025_03_29_close_1700_PT,2025-03-29 17:00:00-07:00,2025-03-28 12:27:09.813063+00:00,0.01
KXNOBELPEACE-25-VZEL,2025-03-30 00:00:00+00:00,2025_03_29_close_1700_PT,2025-03-29 17:00:00-07:00,2025-03-29 18:58:24.092317+00:00,0.2
KXPRESVISIT-26-RU,2025-03-30 00:00:00+00:00,2025_03_29_close_1700_PT,2025-03-29 17:00:00-07:00,2025-03-29 17:15:55.737172+00:00,0.29
KXPRESVISIT-26-UKR,2025-03-30 00:00:00+00:00,2025_03_29_close_1700_PT,2025-03-29 17:00:00-07:00,2025-03-28 08:10:29.083693+00:00,0.17
KXSECSTATEVISIT-26-RUS,2025-03-30 00:00:00+00:00,2025_03_29_close_1700_PT,2025-03-29 17:00:00-07:00,2025-03-25 16:20:45.410297+00:00,0.71
KXUKRAINERESIGN-26,2025-03-30 00:00:00+00:00,2025_03_29_close_1700_PT,2025-03-29 17:00:00-07:00,2025-03-29 22:01:02.186763+00:00,0.23
KXUKRIMPEACH-26,2025-03-30 00:00:00+00:00,2025_03_29_close_1700_PT,2025-03-29 17:00:00-07:00,2025-03-29 20:07:11.506496+00:00,0.14
KXWLEADER-25-VP,2025-03-30 00:00:00+00:00,2025_03_29_close_1700_PT,2025-03-29 17:00:00-07:00,2025-03-28 16:01:53.133699+00:00,0.84
KXELECTUKRAINE-26,2025-03-30 12:00:00+00:00,2025_03_30_open_0500_PT,2025-03-30 05:00:00-07:00,2025-03-30 11:21:23.766321+00:00,0.38
KXFRIDMAN-26JAN01-VP,2025-03-30 12:00:00+00:00,2025_03_30_open_0500_PT,2025-03-30 05:00:00-07:00,2025-03-24 13:42:39.480108+00:00,0.27
KXMARALAGO-26-VZ,2025-03-30 12:00:00+00:00,2025_03_30_open_0500_PT,2025-03-30 05:00:00-07:00,2025-03-28 16:38:37.742115+00:00,0.12
KXMOONMAN-31-R,2025-03-30 12:00:00+00:00,2025_03_30_open_0500_PT,2025-03-30 05:00:00-07:00,2025-03-28 12:27:09.813063+00:00,0.01
KXNOBELPEACE-25-VZEL,2025-03-30 12:00:00+00:00,2025_03_30_open_0500_PT,2025-03-30 05:00:00-07:00,2025-03-29 18:58:24.092317+00:00,0.2
KXPRESVISIT-26-RU,2025-03-30 12:00:00+00:00,2025_03_30_open_0500_PT,2025-03-30 05:00:00-07:00,2025-03-29 17:15:55.737172+00:00,0.29
KXPRESVISIT-26-UKR,2025-03-30 12:00:00+00:00,2025_03_30_open_0500_PT,2025-03-30 05:00:00-07:00,2025-03-28 08:10:29.083693+00:00,0.17
KXSECSTATEVISIT-26-RUS,2025-03-30 12:00:00+00:00,2025_03_30_open_0500_PT,2025-03-30 05:00:00-07:00,2025-03-25 16:20:45.410297+00:00,0.71
KXUKRAINERESIGN-26,2025-03-30 12:00:00+00:00,2025_03_30_open_0500_PT,2025-03-30 05:00:00-07:00,2025-03-30 10:30:04.328045+00:00,0.18
KXUKRIMPEACH-26,2025-03-30 12:00:00+00:00,2025_03_30_open_0500_PT,2025-03-30 05:00:00-07:00,2025-03-29 20:07:11.506496+00:00,0.14
KXWLEADER-25-VP,2025-03-30 12:00:00+00:00,2025_03_30_open_0500_PT,2025-03-30 05:00:00-07:00,2025-03-30 11:18:08.267774+00:00,0.75
KXELECTUKRAINE-26,2025-03-31 00:00:00+00:00,2025_03_30_close_1700_PT,2025-03-30 17:00:00-07:00,2025-03-30 11:21:23.766321+00:00,0.38
KXFRIDMAN-26JAN01-VP,2025-03-31 00:00:00+00:00,2025_03_30_close_1700_PT,2025-03-30 17:00:00-07:00,2025-03-24 13:42:39.480108+00:00,0.27
KXMARALAGO-26-VZ,2025-03-31 00:00:00+00:00,2025_03_30_close_1700_PT,2025-03-30 17:00:00-07:00,2025-03-28 16:38:37.742115+00:00,0.12
KXMOONMAN-31-R,2025-03-31 00:00:00+00:00,2025_03_30_close_1700_PT,2025-03-30 17:00:00-07:00,2025-03-28 12:27:09.813063+00:00,0.01
KXNOBELPEACE-25-VZEL,2025-03-31 00:00:00+00:00,2025_03_30_close_1700_PT,2025-03-30 17:00:00-07:00,2025-03-30 19:56:36.510279+00:00,0.16
KXPRESVISIT-26-RU,2025-03-31 00:00:00+00:00,2025_03_30_close_1700_PT,2025-03-30 17:00:00-07:00,2025-03-30 20:56:04.458829+00:00,0.3
KXPRESVISIT-26-UKR,2025-03-31 00:00:00+00:00,2025_03_30_close_1700_PT,2025-03-30 17:00:00-07:00,2025-03-28 08:10:29.083693+00:00,0.17
KXSECSTATEVISIT-26-RUS,2025-03-31 00:00:00+00:00,2025_03_30_close_1700_PT,2025-03-30 17:00:00-07:00,2025-03-25 16:20:45.410297+00:00,0.71
KXUKRAINERESIGN-26,2025-03-31 00:00:00+00:00,2025_03_30_close_1700_PT,2025-03-30 17:00:00-07:00,2025-03-30 19:35:04.780803+00:00,0.23
KXUKRIMPEACH-26,2025-03-31 00:00:00+00:00,2025_03_30_close_1700_PT,2025-03-30 17:00:00-07:00,2025-03-29 20:07:11.506496+00:00,0.14
KXWLEADER-25-VP,2025-03-31 00:00:00+00:00,2025_03_30_close_1700_PT,2025-03-30 17:00:00-07:00,2025-03-30 19:27:09.945884+00:00,0.75
KXELECTUKRAINE-26,2025-03-31 12:00:00+00:00,2025_03_31_open_0500_PT,2025-03-31 05:00:00-07:00,2025-03-30 11:21:23.766321+00:00,0.38
KXFRIDMAN-26JAN01-VP,2025-03-31 12:00:00+00:00,2025_03_31_open_0500_PT,2025-03-31 05:00:00-07:00,2025-03-24 13:42:39.480108+00:00,0.27
KXMARALAGO-26-VZ,2025-03-31 12:00:00+00:00,2025_03_31_open_0500_PT,2025-03-31 05:00:00-07:00,2025-03-28 16:38:37.742115+00:00,0.12
KXMOONMAN-31-R,2025-03-31 12:00:00+00:00,2025_03_31_open_0500_PT,2025-03-31 05:00:00-07:00,2025-03-28 12:27:09.813063+00:00,0.01
KXNOBELPEACE-25-VZEL,2025-03-31 12:00:00+00:00,2025_03_31_open_0500_PT,2025-03-31 05:00:00-07:00,2025-03-30 19:56:36.510279+00:00,0.16
KXPRESVISIT-26-RU,2025-03-31 12:00:00+00:00,2025_03_31_open_0500_PT,2025-03-31 05:00:00-07:00,2025-03-30 20:56:04.458829+00:00,0.3
KXPRESVISIT-26-UKR,2025-03-31 12:00:00+00:00,2025_03_31_open_0500_PT,2025-03-31 05:00:00-07:00,2025-03-28 08:10:29.083693+00:00,0.17
KXSECSTATEVISIT-26-RUS,2025-03-31 12:00:00+00:00,2025_03_31_open_0500_PT,2025-03-31 05:00:00-07:00,2025-03-25 16:20:45.410297+00:00,0.71
KXUKRAINERESIGN-26,2025-03-31 12:00:00+00:00,2025_03_31_open_0500_PT,2025-03-31 05:00:00-07:00,2025-03-30 19:35:04.780803+00:00,0.23
KXUKRIMPEACH-26,2025-03-31 12:00:00+00:00,2025_03_31_open_0500_PT,2025-03-31 05:00:00-07:00,2025-03-29 20:07:11.506496+00:00,0.14
KXWLEADER-25-VP,2025-03-31 12:00:00+00:00,2025_03_31_open_0500_PT,2025-03-31 05:00:00-07:00,2025-03-30 19:27:09.945884+00:00,0.75
KXELECTUKRAINE-26,2025-04-01 00:00:00+00:00,2025_03_31_close_1700_PT,2025-03-31 17:00:00-07:00,2025-03-31 18:01:54.643223+00:00,0.4
KXFRIDMAN-26JAN01-VP,2025-04-01 00:00:00+00:00,2025_03_31_close_1700_PT,2025-03-31 17:00:00-07:00,2025-03-24 13:42:39.480108+00:00,0.27
KXMARALAGO-26-VZ,2025-04-01 00:00:00+00:00,2025_03_31_close_1700_PT,2025-03-31 17:00:00-07:00,2025-03-28 16:38:37.742115+00:00,0.12
KXMOONMAN-31-R,2025-04-01 00:00:00+00:00,2025_03_31_close_1700_PT,2025-03-31 17:00:00-07:00,2025-03-28 12:27:09.813063+00:00,0.01
KXNOBELPEACE-25-VZEL,2025-04-01 00:00:00+00:00,2025_03_31_close_1700_PT,2025-03-31 17:00:00-07:00,2025-03-31 14:29:41.092396+00:00,0.19
KXPRESVISIT-26-RU,2025-04-01 00:00:00+00:00,2025_03_31_close_1700_PT,2025-03-31 17:00:00-07:00,2025-03-31 16:53:00.362681+00:00,0.31
KXPRESVISIT-26-UKR,2025-04-01 00:00:00+00:00,2025_03_31_close_1700_PT,2025-03-31 17:00:00-07:00,2025-03-28 08:10:29.083693+00:00,0.17
KXSECSTATEVISIT-26-RUS,2025-04-01 00:00:00+00:00,2025_03_31_close_1700_PT,2025-03-31 17:00:00-07:00,2025-03-31 14:18:06.847100+00:00,0.71
KXUKRAINERESIGN-26,2025-04-01 00:00:00+00:00,2025_03_31_close_1700_PT,2025-03-31 17:00:00-07:00,2025-03-31 23:41:47.007182+00:00,0.23
KXUKRIMPEACH-26,2025-04-01 00:00:00+00:00,2025_03_31_close_1700_PT,2025-03-31 17:00:00-07:00,2025-03-31 23:43:09.909097+00:00,0.14
KXWLEADER-25-VP,2025-04-01 00:00:00+00:00,2025_03_31_close_1700_PT,2025-03-31 17:00:00-07:00,2025-03-31 23:41:35.669583+00:00,0.83
