ticker,cutoff_utc,cutoff_label,cutoff_local,trade_ts_utc,price,source_trade_ts_local
KXELECTUKRAINE-26,2025-03-17 12:00:00+00:00,2025_03_17_open_0500_PT,2025-03-17 05:00:00-07:00,2025-03-17 09:17:09.691482+00:00,0.43,2025-03-17 02:17:09.691482-07:00
KXFRIDMAN-26JAN01-VP,2025-03-17 12:00:00+00:00,2025_03_17_open_0500_PT,2025-03-17 05:00:00-07:00,2025-03-14 05:37:00.226106+00:00,0.4,2025-03-13 22:37:00.226106-07:00
KXGOVTRECOGSYRIA-25-RU,2025-03-17 12:00:00+00:00,2025_03_17_open_0500_PT,2025-03-17 05:00:00-07:00,2025-03-17 11:14:50.555013+00:00,0.12,2025-03-17 04:14:50.555013-07:00
KXMARALAGO-26-VZ,2025-03-17 12:00:00+00:00,2025_03_17_open_0500_PT,2025-03-17 05:00:00-07:00,2025-03-08 10:35:32.381174+00:00,0.21,2025-03-08 02:35:32.381174-08:00
KXMOONMAN-31-R,2025-03-17 12:00:00+00:00,2025_03_17_open_0500_PT,2025-03-17 05:00:00-07:00,2024-12-01 07:12:28.152982+00:00,0.1,2024-11-30 23:12:28.152982-08:00
KXNOBELPEACE-25-VZEL,2025-03-17 12:00:00+00:00,2025_03_17_open_0500_PT,2025-03-17 05:00:00-07:00,2025-03-17 09:33:41.337778+00:00,0.16,2025-03-17 02:33:41.337778-07:00
KXPRESVISIT-26-RU,2025-03-17 12:00:00+00:00,2025_03_17_open_0500_PT,2025-03-17 05:00:00-07:00,2025-03-16 12:44:11.315077+00:00,0.32,2025-03-16 05:44:11.315077-07:00
KXPRESVISIT-26-UKR,2025-03-17 12:00:00+00:00,2025_03_17_open_0500_PT,2025-03-17 05:00:00-07:00,2025-03-16 12:39:18.497108+00:00,0.22,2025-03-16 05:39:18.497108-07:00
KXSECSTATEVISIT-26-RUS,2025-03-17 12:00:00+00:00,2025_03_17_open_0500_PT,2025-03-17 05:00:00-07:00,2025-03-15 15:31:21.772688+00:00,0.66,2025-03-15 08:31:21.772688-07:00
KXUKRAINERESIGN-26,2025-03-17 12:00:00+00:00,2025_03_17_open_0500_PT,2025-03-17 05:00:00-07:00,2025-03-17 11:26:13.354218+00:00,0.23,2025-03-17 04:26:13.354218-07:00
KXUKRIMPEACH-26,2025-03-17 12:00:00+00:00,2025_03_17_open_0500_PT,2025-03-17 05:00:00-07:00,2025-03-16 19:59:54.669816+00:00,0.11,2025-03-16 12:59:54.669816-07:00
KXUSAMBNATO-25-APR,2025-03-17 12:00:00+00:00,2025_03_17_open_0500_PT,2025-03-17 05:00:00-07:00,2025-03-16 13:43:19.345722+00:00,0.34,2025-03-16 06:43:19.345722-07:00
KXUSAMBNATO-25-DEC,2025-03-17 12:00:00+00:00,2025_03_17_open_0500_PT,2025-03-17 05:00:00-07:00,,,
KXUSAMBNATO-25-JUL,2025-03-17 12:00:00+00:00,2025_03_17_open_0500_PT,2025-03-17 05:00:00-07:00,,,
KXUSAMBNATO-25-JUN,2025-03-17 12:00:00+00:00,2025_03_17_open_0500_PT,2025-03-17 05:00:00-07:00,,,
KXUSAMBNATO-25-MAY,2025-03-17 12:00:00+00:00,2025_03_17_open_0500_PT,2025-03-17 05:00:00-07:00,2025-03-17 06:35:49.449754+00:00,0.62,2025-03-16 23:35:49.449754-07:00
KXWHVISIT-25-VP,2025-03-17 12:00:00+00:00,2025_03_17_open_0500_PT,2025-03-17 05:00:00-07:00,2025-03-16 16:12:17.554000+00:00,0.03,2025-03-16 09:12:17.554000-07:00
KXWLEADER-25-VP,2025-03-17 12:00:00+00:00,2025_03_17_open_0500_PT,2025-03-17 05:00:00-07:00,2025-03-17 11:46:43.628562+00:00,0.88,2025-03-17 04:46:43.628562-07:00
KXWLEADERUKR-25MAR-VZEL,2025-03-17 12:00:00+00:00,2025_03_17_open_0500_PT,2025-03-17 05:00:00-07:00,2025-03-17 11:13:46.887078+00:00,0.16,2025-03-17 04:13:46.887078-07:00
KXELECTUKRAINE-26,2025-03-18 00:00:00+00:00,2025_03_17_close_1700_PT,2025-03-17 17:00:00-07:00,2025-03-17 20:18:35.640338+00:00,0.46,2025-03-17 13:18:35.640338-07:00
KXFRIDMAN-26JAN01-VP,2025-03-18 00:00:00+00:00,2025_03_17_close_1700_PT,2025-03-17 17:00:00-07:00,2025-03-14 05:37:00.226106+00:00,0.4,2025-03-13 22:37:00.226106-07:00
KXGOVTRECOGSYRIA-25-RU,2025-03-18 00:00:00+00:00,2025_03_17_close_1700_PT,2025-03-17 17:00:00-07:00,2025-03-17 22:10:34.611086+00:00,0.25,2025-03-17 15:10:34.611086-07:00
KXMARALAGO-26-VZ,2025-03-18 00:00:00+00:00,2025_03_17_close_1700_PT,2025-03-17 17:00:00-07:00,2025-03-08 10:35:32.381174+00:00,0.21,2025-03-08 02:35:32.381174-08:00
KXMOONMAN-31-R,2025-03-18 00:00:00+00:00,2025_03_17_close_1700_PT,2025-03-17 17:00:00-07:00,2024-12-01 07:12:28.152982+00:00,0.1,2024-11-30 23:12:28.152982-08:00
KXNOBELPEACE-25-VZEL,2025-03-18 00:00:00+00:00,2025_03_17_close_1700_PT,2025-03-17 17:00:00-07:00,2025-03-17 09:33:41.337778+00:00,0.16,2025-03-17 02:33:41.337778-07:00
KXPRESVISIT-26-RU,2025-03-18 00:00:00+00:00,2025_03_17_close_1700_PT,2025-03-17 17:00:00-07:00,2025-03-17 19:32:03.602118+00:00,0.4,2025-03-17 12:32:03.602118-07:00
KXPRESVISIT-26-UKR,2025-03-18 00:00:00+00:00,2025_03_17_close_1700_PT,2025-03-17 17:00:00-07:00,2025-03-17 15:15:58.487258+00:00,0.18,2025-03-17 08:15:58.487258-07:00
KXSECSTATEVISIT-26-RUS,2025-03-18 00:00:00+00:00,2025_03_17_close_1700_PT,2025-03-17 17:00:00-07:00,2025-03-15 15:31:21.772688+00:00,0.66,2025-03-15 08:31:21.772688-07:00
KXUKRAINERESIGN-26,2025-03-18 00:00:00+00:00,2025_03_17_close_1700_PT,2025-03-17 17:00:00-07:00,2025-03-17 21:42:52.540688+00:00,0.24,2025-03-17 14:42:52.540688-07:00
KXUKRIMPEACH-26,2025-03-18 00:00:00+00:00,2025_03_17_close_1700_PT,2025-03-17 17:00:00-07:00,2025-03-17 17:27:59.028756+00:00,0.11,2025-03-17 10:27:59.028756-07:00
KXUSAMBNATO-25-APR,2025-03-18 00:00:00+00:00,2025_03_17_close_1700_PT,2025-03-17 17:00:00-07:00,2025-03-16 13:43:19.345722+00:00,0.34,2025-03-16 06:43:19.345722-07:00
KXUSAMBNATO-25-DEC,2025-03-18 00:00:00+00:00,2025_03_17_close_1700_PT,2025-03-17 17:00:00-07:00,,,
KXUSAMBNATO-25-JUL,2025-03-18 00:00:00+00:00,2025_03_17_close_1700_PT,2025-03-17 17:00:00-07:00,,,
KXUSAMBNATO-25-JUN,2025-03-18 00:00:00+00:00,2025_03_17_close_1700_PT,2025-03-17 17:00:00-07:00,,,
KXUSAMBNATO-25-MAY,2025-03-18 00:00:00+00:00,2025_03_17_close_1700_PT,2025-03-17 17:00:00-07:00,2025-03-17 22:22:47.230709+00:00,0.65,2025-03-17 15:22:47.230709-07:00
KXWHVISIT-25-VP,2025-03-18 00:00:00+00:00,2025_03_17_close_1700_PT,2025-03-17 17:00:00-07:00,2025-03-17 17:19:59.132056+00:00,0.02,2025-03-17 10:19:59.132056-07:00
KXWLEADER-25-VP,2025-03-18 00:00:00+00:00,2025_03_17_close_1700_PT,2025-03-17 17:00:00-07:00,2025-03-17 23:12:17.211500+00:00,0.88,2025-03-17 16:12:17.211500-07:00
KXWLEADERUKR-25MAR-VZEL,2025-03-18 00:00:00+00:00,2025_03_17_close_1700_PT,2025-03-17 17:00:00-07:00,2025-03-17 23:36:43.573969+00:00,0.19,2025-03-17 16:36:43.573969-07:00
KXELECTUKRAINE-26,2025-03-18 12:00:00+00:00,2025_03_18_open_0500_PT,2025-03-18 05:00:00-07:00,2025-03-18 08:41:40.339708+00:00,0.48,2025-03-18 01:41:40.339708-07:00
KXFRIDMAN-26JAN01-VP,2025-03-18 12:00:00+00:00,2025_03_18_open_0500_PT,2025-03-18 05:00:00-07:00,2025-03-14 05:37:00.226106+00:00,0.4,2025-03-13 22:37:00.226106-07:00
KXGOVTRECOGSYRIA-25-RU,2025-03-18 12:00:00+00:00,2025_03_18_open_0500_PT,2025-03-18 05:00:00-07:00,2025-03-17 22:10:34.611086+00:00,0.25,2025-03-17 15:10:34.611086-07:00
KXMARALAGO-26-VZ,2025-03-18 12:00:00+00:00,2025_03_18_open_0500_PT,2025-03-18 05:00:00-07:00,2025-03-08 10:35:32.381174+00:00,0.21,2025-03-08 02:35:32.381174-08:00
KXMOONMAN-31-R,2025-03-18 12:00:00+00:00,2025_03_18_open_0500_PT,2025-03-18 05:00:00-07:00,2024-12-01 07:12:28.152982+00:00,0.1,2024-11-30 23:12:28.152982-08:00
KXNOBELPEACE-25-VZEL,2025-03-18 12:00:00+00:00,2025_03_18_open_0500_PT,2025-03-18 05:00:00-07:00,2025-03-17 09:33:41.337778+00:00,0.16,2025-03-17 02:33:41.337778-07:00
KXPRESVISIT-26-RU,2025-03-18 12:00:00+00:00,2025_03_18_open_0500_PT,2025-03-18 05:00:00-07:00,2025-03-18 10:11:55.628466+00:00,0.4,2025-03-18 03:11:55.628466-07:00
KXPRESVISIT-26-UKR,2025-03-18 12:00:00+00:00,2025_03_18_open_0500_PT,2025-03-18 05:00:00-07:00,2025-03-18 11:26:15.682733+00:00,0.22,2025-03-18 04:26:15.682733-07:00
KXSECSTATEVISIT-26-RUS,2025-03-18 12:00:00+00:00,2025_03_18_open_0500_PT,2025-03-18 05:00:00-07:00,2025-03-15 15:31:21.772688+00:00,0.66,2025-03-15 08:31:21.772688-07:00
KXUKRAINERESIGN-26,2025-03-18 12:00:00+00:00,2025_03_18_open_0500_PT,2025-03-18 05:00:00-07:00,2025-03-18 10:16:05.809490+00:00,0.24,2025-03-18 03:16:05.809490-07:00
KXUKRIMPEACH-26,2025-03-18 12:00:00+00:00,2025_03_18_open_0500_PT,2025-03-18 05:00:00-07:00,2025-03-18 08:32:46.450636+00:00,0.11,2025-03-18 01:32:46.450636-07:00
KXUSAMBNATO-25-APR,2025-03-18 12:00:00+00:00,2025_03_18_open_0500_PT,2025-03-18 05:00:00-07:00,2025-03-18 08:54:56.417816+00:00,0.26,2025-03-18 01:54:56.417816-07:00
KXUSAMBNATO-25-DEC,2025-03-18 12:00:00+00:00,2025_03_18_open_0500_PT,2025-03-18 05:00:00-07:00,,,
KXUSAMBNATO-25-JUL,2025-03-18 12:00:00+00:00,2025_03_18_open_0500_PT,2025-03-18 05:00:00-07:00,,,
KXUSAMBNATO-25-JUN,2025-03-18 12:00:00+00:00,2025_03_18_open_0500_PT,2025-03-18 05:00:00-07:00,,,
KXUSAMBNATO-25-MAY,2025-03-18 12:00:00+00:00,2025_03_18_open_0500_PT,2025-03-18 05:00:00-07:00,2025-03-18 08:53:59.487558+00:00,0.64,2025-03-18 01:53:59.487558-07:00
KXWHVISIT-25-VP,2025-03-18 12:00:00+00:00,2025_03_18_open_0500_PT,2025-03-18 05:00:00-07:00,2025-03-18 07:45:33.841157+00:00,0.02,2025-03-18 00:45:33.841157-07:00
KXWLEADER-25-VP,2025-03-18 12:00:00+00:00,2025_03_18_open_0500_PT,2025-03-18 05:00:00-07:00,2025-03-18 06:58:51.509256+00:00,0.91,2025-03-17 23:58:51.509256-07:00
KXWLEADERUKR-25MAR-VZEL,2025-03-18 12:00:00+00:00,2025_03_18_open_0500_PT,2025-03-18 05:00:00-07:00,2025-03-18 11:59:22.764012+00:00,0.25,2025-03-18 04:59:22.764012-07:00
KXELECTUKRAINE-26,2025-03-19 00:00:00+00:00,2025_03_18_close_1700_PT,2025-03-18 17:00:00-07:00,2025-03-18 08:41:40.339708+00:00,0.48,2025-03-18 01:41:40.339708-07:00
KXFRIDMAN-26JAN01-VP,2025-03-19 00:00:00+00:00,2025_03_18_close_1700_PT,2025-03-18 17:00:00-07:00,2025-03-14 05:37:00.226106+00:00,0.4,2025-03-13 22:37:00.226106-07:00
KXGOVTRECOGSYRIA-25-RU,2025-03-19 00:00:00+00:00,2025_03_18_close_1700_PT,2025-03-18 17:00:00-07:00,2025-03-18 20:04:11.657693+00:00,0.21,2025-03-18 13:04:11.657693-07:00
KXMARALAGO-26-VZ,2025-03-19 00:00:00+00:00,2025_03_18_close_1700_PT,2025-03-18 17:00:00-07:00,2025-03-08 10:35:32.381174+00:00,0.21,2025-03-08 02:35:32.381174-08:00
KXMOONMAN-31-R,2025-03-19 00:00:00+00:00,2025_03_18_close_1700_PT,2025-03-18 17:00:00-07:00,2024-12-01 07:12:28.152982+00:00,0.1,2024-11-30 23:12:28.152982-08:00
KXNOBELPEACE-25-VZEL,2025-03-19 00:00:00+00:00,2025_03_18_close_1700_PT,2025-03-18 17:00:00-07:00,2025-03-17 09:33:41.337778+00:00,0.16,2025-03-17 02:33:41.337778-07:00
KXPRESVISIT-26-RU,2025-03-19 00:00:00+00:00,2025_03_18_close_1700_PT,2025-03-18 17:00:00-07:00,2025-03-18 20:06:04.451429+00:00,0.33,2025-03-18 13:06:04.451429-07:00
KXPRESVISIT-26-UKR,2025-03-19 00:00:00+00:00,2025_03_18_close_1700_PT,2025-03-18 17:00:00-07:00,2025-03-18 11:26:15.682733+00:00,0.22,2025-03-18 04:26:15.682733-07:00
KXSECSTATEVISIT-26-RUS,2025-03-19 00:00:00+00:00,2025_03_18_close_1700_PT,2025-03-18 17:00:00-07:00,2025-03-15 15:31:21.772688+00:00,0.66,2025-03-15 08:31:21.772688-07:00
KXUKRAINERESIGN-26,2025-03-19 00:00:00+00:00,2025_03_18_close_1700_PT,2025-03-18 17:00:00-07:00,2025-03-18 21:03:30.608474+00:00,0.22,2025-03-18 14:03:30.608474-07:00
KXUKRIMPEACH-26,2025-03-19 00:00:00+00:00,2025_03_18_close_1700_PT,2025-03-18 17:00:00-07:00,2025-03-18 20:53:34.895831+00:00,0.12,2025-03-18 13:53:34.895831-07:00
KXUSAMBNATO-25-APR,2025-03-19 00:00:00+00:00,2025_03_18_close_1700_PT,2025-03-18 17:00:00-07:00,2025-03-18 08:54:56.417816+00:00,0.26,2025-03-18 01:54:56.417816-07:00
KXUSAMBNATO-25-DEC,2025-03-19 00:00:00+00:00,2025_03_18_close_1700_PT,2025-03-18 17:00:00-07:00,,,
KXUSAMBNATO-25-JUL,2025-03-19 00:00:00+00:00,2025_03_18_close_1700_PT,2025-03-18 17:00:00-07:00,,,
KXUSAMBNATO-25-JUN,2025-03-19 00:00:00+00:00,2025_03_18_close_1700_PT,2025-03-18 17:00:00-07:00,,,
KXUSAMBNATO-25-MAY,2025-03-19 00:00:00+00:00,2025_03_18_close_1700_PT,2025-03-18 17:00:00-07:00,2025-03-18 08:53:59.487558+00:00,0.64,2025-03-18 01:53:59.487558-07:00
KXWHVISIT-25-VP,2025-03-19 00:00:00+00:00,2025_03_18_close_1700_PT,2025-03-18 17:00:00-07:00,2025-03-18 07:45:33.841157+00:00,0.02,2025-03-18 00:45:33.841157-07:00
KXWLEADER-25-VP,2025-03-19 00:00:00+00:00,2025_03_18_close_1700_PT,2025-03-18 17:00:00-07:00,2025-03-18 06:58:51.509256+00:00,0.91,2025-03-17 23:58:51.509256-07:00
KXWLEADERUKR-25MAR-VZEL,2025-03-19 00:00:00+00:00,2025_03_18_close_1700_PT,2025-03-18 17:00:00-07:00,2025-03-18 23:07:31.349955+00:00,0.12,2025-03-18 16:07:31.349955-07:00
KXELECTUKRAINE-26,2025-03-19 12:00:00+00:00,2025_03_19_open_0500_PT,2025-03-19 05:00:00-07:00,2025-03-18 08:41:40.339708+00:00,0.48,2025-03-18 01:41:40.339708-07:00
KXFRIDMAN-26JAN01-VP,2025-03-19 12:00:00+00:00,2025_03_19_open_0500_PT,2025-03-19 05:00:00-07:00,2025-03-14 05:37:00.226106+00:00,0.4,2025-03-13 22:37:00.226106-07:00
KXGOVTRECOGSYRIA-25-RU,2025-03-19 12:00:00+00:00,2025_03_19_open_0500_PT,2025-03-19 05:00:00-07:00,2025-03-19 09:52:09.904210+00:00,0.11,2025-03-19 02:52:09.904210-07:00
KXMARALAGO-26-VZ,2025-03-19 12:00:00+00:00,2025_03_19_open_0500_PT,2025-03-19 05:00:00-07:00,2025-03-08 10:35:32.381174+00:00,0.21,2025-03-08 02:35:32.381174-08:00
KXMOONMAN-31-R,2025-03-19 12:00:00+00:00,2025_03_19_open_0500_PT,2025-03-19 05:00:00-07:00,2024-12-01 07:12:28.152982+00:00,0.1,2024-11-30 23:12:28.152982-08:00
KXNOBELPEACE-25-VZEL,2025-03-19 12:00:00+00:00,2025_03_19_open_0500_PT,2025-03-19 05:00:00-07:00,2025-03-17 09:33:41.337778+00:00,0.16,2025-03-17 02:33:41.337778-07:00
KXPRESVISIT-26-RU,2025-03-19 12:00:00+00:00,2025_03_19_open_0500_PT,2025-03-19 05:00:00-07:00,2025-03-18 20:06:04.451429+00:00,0.33,2025-03-18 13:06:04.451429-07:00
KXPRESVISIT-26-UKR,2025-03-19 12:00:00+00:00,2025_03_19_open_0500_PT,2025-03-19 05:00:00-07:00,2025-03-19 06:47:42.697771+00:00,0.18,2025-03-18 23:47:42.697771-07:00
KXSECSTATEVISIT-26-RUS,2025-03-19 12:00:00+00:00,2025_03_19_open_0500_PT,2025-03-19 05:00:00-07:00,2025-03-15 15:31:21.772688+00:00,0.66,2025-03-15 08:31:21.772688-07:00
KXUKRAINERESIGN-26,2025-03-19 12:00:00+00:00,2025_03_19_open_0500_PT,2025-03-19 05:00:00-07:00,2025-03-19 06:39:15.552698+00:00,0.21,2025-03-18 23:39:15.552698-07:00
KXUKRIMPEACH-26,2025-03-19 12:00:00+00:00,2025_03_19_open_0500_PT,2025-03-19 05:00:00-07:00,2025-03-18 20:53:34.895831+00:00,0.12,2025-03-18 13:53:34.895831-07:00
KXUSAMBNATO-25-APR,2025-03-19 12:00:00+00:00,2025_03_19_open_0500_PT,2025-03-19 05:00:00-07:00,2025-03-18 08:54:56.417816+00:00,0.26,2025-03-18 01:54:56.417816-07:00
KXUSAMBNATO-25-DEC,2025-03-19 12:00:00+00:00,2025_03_19_open_0500_PT,2025-03-19 05:00:00-07:00,,,
KXUSAMBNATO-25-JUL,2025-03-19 12:00:00+00:00,2025_03_19_open_0500_PT,2025-03-19 05:00:00-07:00,,,
KXUSAMBNATO-25-JUN,2025-03-19 12:00:00+00:00,2025_03_19_open_0500_PT,2025-03-19 05:00:00-07:00,,,
KXUSAMBNATO-25-MAY,2025-03-19 12:00:00+00:00,2025_03_19_open_0500_PT,2025-03-19 05:00:00-07:00,2025-03-18 08:53:59.487558+00:00,0.64,2025-03-18 01:53:59.487558-07:00
KXWHVISIT-25-VP,2025-03-19 12:00:00+00:00,2025_03_19_open_0500_PT,2025-03-19 05:00:00-07:00,2025-03-18 07:45:33.841157+00:00,0.02,2025-03-18 00:45:33.841157-07:00
KXWLEADER-25-VP,2025-03-19 12:00:00+00:00,2025_03_19_open_0500_PT,2025-03-19 05:00:00-07:00,2025-03-19 08:08:06.146376+00:00,0.84,2025-03-19 01:08:06.146376-07:00
KXWLEADERUKR-25MAR-VZEL,2025-03-19 12:00:00+00:00,2025_03_19_open_0500_PT,2025-03-19 05:00:00-07:00,2025-03-19 11:54:03.309602+00:00,0.13,2025-03-19 04:54:03.309602-07:00
KXELECTUKRAINE-26,2025-03-20 00:00:00+00:00,2025_03_19_close_1700_PT,2025-03-19 17:00:00-07:00,2025-03-19 18:44:29.011988+00:00,0.44,2025-03-19 11:44:29.011988-07:00
KXFRIDMAN-26JAN01-VP,2025-03-20 00:00:00+00:00,2025_03_19_close_1700_PT,2025-03-19 17:00:00-07:00,2025-03-14 05:37:00.226106+00:00,0.4,2025-03-13 22:37:00.226106-07:00
KXGOVTRECOGSYRIA-25-RU,2025-03-20 00:00:00+00:00,2025_03_19_close_1700_PT,2025-03-19 17:00:00-07:00,2025-03-19 16:36:11.906995+00:00,0.1,2025-03-19 09:36:11.906995-07:00
KXMARALAGO-26-VZ,2025-03-20 00:00:00+00:00,2025_03_19_close_1700_PT,2025-03-19 17:00:00-07:00,2025-03-08 10:35:32.381174+00:00,0.21,2025-03-08 02:35:32.381174-08:00
KXMOONMAN-31-R,2025-03-20 00:00:00+00:00,2025_03_19_close_1700_PT,2025-03-19 17:00:00-07:00,2024-12-01 07:12:28.152982+00:00,0.1,2024-11-30 23:12:28.152982-08:00
KXNOBELPEACE-25-VZEL,2025-03-20 00:00:00+00:00,2025_03_19_close_1700_PT,2025-03-19 17:00:00-07:00,2025-03-17 09:33:41.337778+00:00,0.16,2025-03-17 02:33:41.337778-07:00
KXPRESVISIT-26-RU,2025-03-20 00:00:00+00:00,2025_03_19_close_1700_PT,2025-03-19 17:00:00-07:00,2025-03-19 19:51:11.252711+00:00,0.32,2025-03-19 12:51:11.252711-07:00
KXPRESVISIT-26-UKR,2025-03-20 00:00:00+00:00,2025_03_19_close_1700_PT,2025-03-19 17:00:00-07:00,2025-03-19 15:27:39.127666+00:00,0.21,2025-03-19 08:27:39.127666-07:00
KXSECSTATEVISIT-26-RUS,2025-03-20 00:00:00+00:00,2025_03_19_close_1700_PT,2025-03-19 17:00:00-07:00,2025-03-15 15:31:21.772688+00:00,0.66,2025-03-15 08:31:21.772688-07:00
KXUKRAINERESIGN-26,2025-03-20 00:00:00+00:00,2025_03_19_close_1700_PT,2025-03-19 17:00:00-07:00,2025-03-19 23:05:23.485782+00:00,0.24,2025-03-19 16:05:23.485782-07:00
KXUKRIMPEACH-26,2025-03-20 00:00:00+00:00,2025_03_19_close_1700_PT,2025-03-19 17:00:00-07:00,2025-03-19 18:57:22.079943+00:00,0.11,2025-03-19 11:57:22.079943-07:00
KXUSAMBNATO-25-APR,2025-03-20 00:00:00+00:00,2025_03_19_close_1700_PT,2025-03-19 17:00:00-07:00,2025-03-18 08:54:56.417816+00:00,0.26,2025-03-18 01:54:56.417816-07:00
KXUSAMBNATO-25-DEC,2025-03-20 00:00:00+00:00,2025_03_19_close_1700_PT,2025-03-19 17:00:00-07:00,,,
KXUSAMBNATO-25-JUL,2025-03-20 00:00:00+00:00,2025_03_19_close_1700_PT,2025-03-19 17:00:00-07:00,,,
KXUSAMBNATO-25-JUN,2025-03-20 00:00:00+00:00,2025_03_19_close_1700_PT,2025-03-19 17:00:00-07:00,,,
KXUSAMBNATO-25-MAY,2025-03-20 00:00:00+00:00,2025_03_19_close_1700_PT,2025-03-19 17:00:00-07:00,2025-03-18 08:53:59.487558+00:00,0.64,2025-03-18 01:53:59.487558-07:00
KXWHVISIT-25-VP,2025-03-20 00:00:00+00:00,2025_03_19_close_1700_PT,2025-03-19 17:00:00-07:00,2025-03-18 07:45:33.841157+00:00,0.02,2025-03-18 00:45:33.841157-07:00
KXWLEADER-25-VP,2025-03-20 00:00:00+00:00,2025_03_19_close_1700_PT,2025-03-19 17:00:00-07:00,2025-03-19 08:08:06.146376+00:00,0.84,2025-03-19 01:08:06.146376-07:00
KXWLEADERUKR-25MAR-VZEL,2025-03-20 00:00:00+00:00,2025_03_19_close_1700_PT,2025-03-19 17:00:00-07:00,2025-03-19 23:41:21.972952+00:00,0.1,2025-03-19 16:41:21.972952-07:00
KXELECTUKRAINE-26,2025-03-20 12:00:00+00:00,2025_03_20_open_0500_PT,2025-03-20 05:00:00-07:00,2025-03-20 08:19:42.290464+00:00,0.43,2025-03-20 01:19:42.290464-07:00
KXFRIDMAN-26JAN01-VP,2025-03-20 12:00:00+00:00,2025_03_20_open_0500_PT,2025-03-20 05:00:00-07:00,2025-03-14 05:37:00.226106+00:00,0.4,2025-03-13 22:37:00.226106-07:00
KXGOVTRECOGSYRIA-25-RU,2025-03-20 12:00:00+00:00,2025_03_20_open_0500_PT,2025-03-20 05:00:00-07:00,2025-03-19 16:36:11.906995+00:00,0.1,2025-03-19 09:36:11.906995-07:00
KXMARALAGO-26-VZ,2025-03-20 12:00:00+00:00,2025_03_20_open_0500_PT,2025-03-20 05:00:00-07:00,2025-03-08 10:35:32.381174+00:00,0.21,2025-03-08 02:35:32.381174-08:00
KXMOONMAN-31-R,2025-03-20 12:00:00+00:00,2025_03_20_open_0500_PT,2025-03-20 05:00:00-07:00,2024-12-01 07:12:28.152982+00:00,0.1,2024-11-30 23:12:28.152982-08:00
KXNOBELPEACE-25-VZEL,2025-03-20 12:00:00+00:00,2025_03_20_open_0500_PT,2025-03-20 05:00:00-07:00,2025-03-17 09:33:41.337778+00:00,0.16,2025-03-17 02:33:41.337778-07:00
KXPRESVISIT-26-RU,2025-03-20 12:00:00+00:00,2025_03_20_open_0500_PT,2025-03-20 05:00:00-07:00,2025-03-20 08:17:57.412874+00:00,0.32,2025-03-20 01:17:57.412874-07:00
KXPRESVISIT-26-UKR,2025-03-20 12:00:00+00:00,2025_03_20_open_0500_PT,2025-03-20 05:00:00-07:00,2025-03-19 15:27:39.127666+00:00,0.21,2025-03-19 08:27:39.127666-07:00
KXSECSTATEVISIT-26-RUS,2025-03-20 12:00:00+00:00,2025_03_20_open_0500_PT,2025-03-20 05:00:00-07:00,2025-03-20 09:32:59.860002+00:00,0.71,2025-03-20 02:32:59.860002-07:00
KXUKRAINERESIGN-26,2025-03-20 12:00:00+00:00,2025_03_20_open_0500_PT,2025-03-20 05:00:00-07:00,2025-03-20 08:57:14.474209+00:00,0.24,2025-03-20 01:57:14.474209-07:00
KXUKRIMPEACH-26,2025-03-20 12:00:00+00:00,2025_03_20_open_0500_PT,2025-03-20 05:00:00-07:00,2025-03-20 08:54:49.019648+00:00,0.12,2025-03-20 01:54:49.019648-07:00
KXUSAMBNATO-25-APR,2025-03-20 12:00:00+00:00,2025_03_20_open_0500_PT,2025-03-20 05:00:00-07:00,2025-03-18 08:54:56.417816+00:00,0.26,2025-03-18 01:54:56.417816-07:00
KXUSAMBNATO-25-DEC,2025-03-20 12:00:00+00:00,2025_03_20_open_0500_PT,2025-03-20 05:00:00-07:00,,,
KXUSAMBNATO-25-JUL,2025-03-20 12:00:00+00:00,2025_03_20_open_0500_PT,2025-03-20 05:00:00-07:00,,,
KXUSAMBNATO-25-JUN,2025-03-20 12:00:00+00:00,2025_03_20_open_0500_PT,2025-03-20 05:00:00-07:00,,,
KXUSAMBNATO-25-MAY,2025-03-20 12:00:00+00:00,2025_03_20_open_0500_PT,2025-03-20 05:00:00-07:00,2025-03-18 08:53:59.487558+00:00,0.64,2025-03-18 01:53:59.487558-07:00
KXWHVISIT-25-VP,2025-03-20 12:00:00+00:00,2025_03_20_open_0500_PT,2025-03-20 05:00:00-07:00,2025-03-18 07:45:33.841157+00:00,0.02,2025-03-18 00:45:33.841157-07:00
KXWLEADER-25-VP,2025-03-20 12:00:00+00:00,2025_03_20_open_0500_PT,2025-03-20 05:00:00-07:00,2025-03-20 11:48:28.821253+00:00,0.84,2025-03-20 04:48:28.821253-07:00
KXWLEADERUKR-25MAR-VZEL,2025-03-20 12:00:00+00:00,2025_03_20_open_0500_PT,2025-03-20 05:00:00-07:00,2025-03-20 11:46:19.991510+00:00,0.13,2025-03-20 04:46:19.991510-07:00
KXELECTUKRAINE-26,2025-03-21 00:00:00+00:00,2025_03_20_close_1700_PT,2025-03-20 17:00:00-07:00,2025-03-20 08:19:42.290464+00:00,0.43,2025-03-20 01:19:42.290464-07:00
KXFRIDMAN-26JAN01-VP,2025-03-21 00:00:00+00:00,2025_03_20_close_1700_PT,2025-03-20 17:00:00-07:00,2025-03-14 05:37:00.226106+00:00,0.4,2025-03-13 22:37:00.226106-07:00
KXGOVTRECOGSYRIA-25-RU,2025-03-21 00:00:00+00:00,2025_03_20_close_1700_PT,2025-03-20 17:00:00-07:00,2025-03-20 13:10:03.403311+00:00,0.1,2025-03-20 06:10:03.403311-07:00
KXMARALAGO-26-VZ,2025-03-21 00:00:00+00:00,2025_03_20_close_1700_PT,2025-03-20 17:00:00-07:00,2025-03-08 10:35:32.381174+00:00,0.21,2025-03-08 02:35:32.381174-08:00
KXMOONMAN-31-R,2025-03-21 00:00:00+00:00,2025_03_20_close_1700_PT,2025-03-20 17:00:00-07:00,2024-12-01 07:12:28.152982+00:00,0.1,2024-11-30 23:12:28.152982-08:00
KXNOBELPEACE-25-VZEL,2025-03-21 00:00:00+00:00,2025_03_20_close_1700_PT,2025-03-20 17:00:00-07:00,2025-03-20 22:07:44.098391+00:00,0.18,2025-03-20 15:07:44.098391-07:00
KXPRESVISIT-26-RU,2025-03-21 00:00:00+00:00,2025_03_20_close_1700_PT,2025-03-20 17:00:00-07:00,2025-03-20 22:28:39.396610+00:00,0.33,2025-03-20 15:28:39.396610-07:00
KXPRESVISIT-26-UKR,2025-03-21 00:00:00+00:00,2025_03_20_close_1700_PT,2025-03-20 17:00:00-07:00,2025-03-20 22:41:35.221342+00:00,0.18,2025-03-20 15:41:35.221342-07:00
KXSECSTATEVISIT-26-RUS,2025-03-21 00:00:00+00:00,2025_03_20_close_1700_PT,2025-03-20 17:00:00-07:00,2025-03-20 09:32:59.860002+00:00,0.71,2025-03-20 02:32:59.860002-07:00
KXUKRAINERESIGN-26,2025-03-21 00:00:00+00:00,2025_03_20_close_1700_PT,2025-03-20 17:00:00-07:00,2025-03-20 08:57:14.474209+00:00,0.24,2025-03-20 01:57:14.474209-07:00
KXUKRIMPEACH-26,2025-03-21 00:00:00+00:00,2025_03_20_close_1700_PT,2025-03-20 17:00:00-07:00,2025-03-20 21:31:34.322881+00:00,0.13,2025-03-20 14:31:34.322881-07:00
KXUSAMBNATO-25-APR,2025-03-21 00:00:00+00:00,2025_03_20_close_1700_PT,2025-03-20 17:00:00-07:00,2025-03-20 18:06:21.578923+00:00,0.29,2025-03-20 11:06:21.578923-07:00
KXUSAMBNATO-25-DEC,2025-03-21 00:00:00+00:00,2025_03_20_close_1700_PT,2025-03-20 17:00:00-07:00,,,
KXUSAMBNATO-25-JUL,2025-03-21 00:00:00+00:00,2025_03_20_close_1700_PT,2025-03-20 17:00:00-07:00,,,
KXUSAMBNATO-25-JUN,2025-03-21 00:00:00+00:00,2025_03_20_close_1700_PT,2025-03-20 17:00:00-07:00,,,
KXUSAMBNATO-25-MAY,2025-03-21 00:00:00+00:00,2025_03_20_close_1700_PT,2025-03-20 17:00:00-07:00,2025-03-20 18:59:46.577524+00:00,0.69,2025-03-20 11:59:46.577524-07:00
KXWHVISIT-25-VP,2025-03-21 00:00:00+00:00,2025_03_20_close_1700_PT,2025-03-20 17:00:00-07:00,2025-03-18 07:45:33.841157+00:00,0.02,2025-03-18 00:45:33.841157-07:00
KXWLEADER-25-VP,2025-03-21 00:00:00+00:00,2025_03_20_close_1700_PT,2025-03-20 17:00:00-07:00,2025-03-20 11:48:28.821253+00:00,0.84,2025-03-20 04:48:28.821253-07:00
KXWLEADERUKR-25MAR-VZEL,2025-03-21 00:00:00+00:00,2025_03_20_close_1700_PT,2025-03-20 17:00:00-07:00,2025-03-20 23:53:36.878962+00:00,0.09,2025-03-20 16:53:36.878962-07:00
KXELECTUKRAINE-26,2025-03-21 12:00:00+00:00,2025_03_21_open_0500_PT,2025-03-21 05:00:00-07:00,2025-03-20 08:19:42.290464+00:00,0.43,2025-03-20 01:19:42.290464-07:00
KXFRIDMAN-26JAN01-VP,2025-03-21 12:00:00+00:00,2025_03_21_open_0500_PT,2025-03-21 05:00:00-07:00,2025-03-14 05:37:00.226106+00:00,0.4,2025-03-13 22:37:00.226106-07:00
KXGOVTRECOGSYRIA-25-RU,2025-03-21 12:00:00+00:00,2025_03_21_open_0500_PT,2025-03-21 05:00:00-07:00,2025-03-21 11:49:15.686568+00:00,0.07,2025-03-21 04:49:15.686568-07:00
KXMARALAGO-26-VZ,2025-03-21 12:00:00+00:00,2025_03_21_open_0500_PT,2025-03-21 05:00:00-07:00,2025-03-08 10:35:32.381174+00:00,0.21,2025-03-08 02:35:32.381174-08:00
KXMOONMAN-31-R,2025-03-21 12:00:00+00:00,2025_03_21_open_0500_PT,2025-03-21 05:00:00-07:00,2024-12-01 07:12:28.152982+00:00,0.1,2024-11-30 23:12:28.152982-08:00
KXNOBELPEACE-25-VZEL,2025-03-21 12:00:00+00:00,2025_03_21_open_0500_PT,2025-03-21 05:00:00-07:00,2025-03-20 22:07:44.098391+00:00,0.18,2025-03-20 15:07:44.098391-07:00
KXPRESVISIT-26-RU,2025-03-21 12:00:00+00:00,2025_03_21_open_0500_PT,2025-03-21 05:00:00-07:00,2025-03-21 11:32:10.508638+00:00,0.33,2025-03-21 04:32:10.508638-07:00
KXPRESVISIT-26-UKR,2025-03-21 12:00:00+00:00,2025_03_21_open_0500_PT,2025-03-21 05:00:00-07:00,2025-03-20 22:41:35.221342+00:00,0.18,2025-03-20 15:41:35.221342-07:00
KXSECSTATEVISIT-26-RUS,2025-03-21 12:00:00+00:00,2025_03_21_open_0500_PT,2025-03-21 05:00:00-07:00,2025-03-20 09:32:59.860002+00:00,0.71,2025-03-20 02:32:59.860002-07:00
KXUKRAINERESIGN-26,2025-03-21 12:00:00+00:00,2025_03_21_open_0500_PT,2025-03-21 05:00:00-07:00,2025-03-20 08:57:14.474209+00:00,0.24,2025-03-20 01:57:14.474209-07:00
KXUKRIMPEACH-26,2025-03-21 12:00:00+00:00,2025_03_21_open_0500_PT,2025-03-21 05:00:00-07:00,2025-03-20 21:31:34.322881+00:00,0.13,2025-03-20 14:31:34.322881-07:00
KXUSAMBNATO-25-APR,2025-03-21 12:00:00+00:00,2025_03_21_open_0500_PT,2025-03-21 05:00:00-07:00,2025-03-20 18:06:21.578923+00:00,0.29,2025-03-20 11:06:21.578923-07:00
KXUSAMBNATO-25-DEC,2025-03-21 12:00:00+00:00,2025_03_21_open_0500_PT,2025-03-21 05:00:00-07:00,,,
KXUSAMBNATO-25-JUL,2025-03-21 12:00:00+00:00,2025_03_21_open_0500_PT,2025-03-21 05:00:00-07:00,,,
KXUSAMBNATO-25-JUN,2025-03-21 12:00:00+00:00,2025_03_21_open_0500_PT,2025-03-21 05:00:00-07:00,,,
KXUSAMBNATO-25-MAY,2025-03-21 12:00:00+00:00,2025_03_21_open_0500_PT,2025-03-21 05:00:00-07:00,2025-03-21 08:27:48.669934+00:00,0.75,2025-03-21 01:27:48.669934-07:00
KXWHVISIT-25-VP,2025-03-21 12:00:00+00:00,2025_03_21_open_0500_PT,2025-03-21 05:00:00-07:00,2025-03-18 07:45:33.841157+00:00,0.02,2025-03-18 00:45:33.841157-07:00
KXWLEADER-25-VP,2025-03-21 12:00:00+00:00,2025_03_21_open_0500_PT,2025-03-21 05:00:00-07:00,2025-03-21 11:28:04.013156+00:00,0.86,2025-03-21 04:28:04.013156-07:00
KXWLEADERUKR-25MAR-VZEL,2025-03-21 12:00:00+00:00,2025_03_21_open_0500_PT,2025-03-21 05:00:00-07:00,2025-03-21 11:49:23.570264+00:00,0.05,2025-03-21 04:49:23.570264-07:00
KXELECTUKRAINE-26,2025-03-22 00:00:00+00:00,2025_03_21_close_1700_PT,2025-03-21 17:00:00-07:00,2025-03-21 17:35:08.189435+00:00,0.42,2025-03-21 10:35:08.189435-07:00
KXFRIDMAN-26JAN01-VP,2025-03-22 00:00:00+00:00,2025_03_21_close_1700_PT,2025-03-21 17:00:00-07:00,2025-03-21 13:10:47.990929+00:00,0.71,2025-03-21 06:10:47.990929-07:00
KXGOVTRECOGSYRIA-25-RU,2025-03-22 00:00:00+00:00,2025_03_21_close_1700_PT,2025-03-21 17:00:00-07:00,2025-03-21 20:25:00.449103+00:00,0.05,2025-03-21 13:25:00.449103-07:00
KXMARALAGO-26-VZ,2025-03-22 00:00:00+00:00,2025_03_21_close_1700_PT,2025-03-21 17:00:00-07:00,2025-03-08 10:35:32.381174+00:00,0.21,2025-03-08 02:35:32.381174-08:00
KXMOONMAN-31-R,2025-03-22 00:00:00+00:00,2025_03_21_close_1700_PT,2025-03-21 17:00:00-07:00,2024-12-01 07:12:28.152982+00:00,0.1,2024-11-30 23:12:28.152982-08:00
KXNOBELPEACE-25-VZEL,2025-03-22 00:00:00+00:00,2025_03_21_close_1700_PT,2025-03-21 17:00:00-07:00,2025-03-20 22:07:44.098391+00:00,0.18,2025-03-20 15:07:44.098391-07:00
KXPRESVISIT-26-RU,2025-03-22 00:00:00+00:00,2025_03_21_close_1700_PT,2025-03-21 17:00:00-07:00,2025-03-21 15:00:03.271757+00:00,0.32,2025-03-21 08:00:03.271757-07:00
KXPRESVISIT-26-UKR,2025-03-22 00:00:00+00:00,2025_03_21_close_1700_PT,2025-03-21 17:00:00-07:00,2025-03-20 22:41:35.221342+00:00,0.18,2025-03-20 15:41:35.221342-07:00
KXSECSTATEVISIT-26-RUS,2025-03-22 00:00:00+00:00,2025_03_21_close_1700_PT,2025-03-21 17:00:00-07:00,2025-03-20 09:32:59.860002+00:00,0.71,2025-03-20 02:32:59.860002-07:00
KXUKRAINERESIGN-26,2025-03-22 00:00:00+00:00,2025_03_21_close_1700_PT,2025-03-21 17:00:00-07:00,2025-03-21 21:41:34.324739+00:00,0.24,2025-03-21 14:41:34.324739-07:00
KXUKRIMPEACH-26,2025-03-22 00:00:00+00:00,2025_03_21_close_1700_PT,2025-03-21 17:00:00-07:00,2025-03-21 19:25:54.573811+00:00,0.13,2025-03-21 12:25:54.573811-07:00
KXUSAMBNATO-25-APR,2025-03-22 00:00:00+00:00,2025_03_21_close_1700_PT,2025-03-21 17:00:00-07:00,2025-03-20 18:06:21.578923+00:00,0.29,2025-03-20 11:06:21.578923-07:00
KXUSAMBNATO-25-DEC,2025-03-22 00:00:00+00:00,2025_03_21_close_1700_PT,2025-03-21 17:00:00-07:00,,,
KXUSAMBNATO-25-JUL,2025-03-22 00:00:00+00:00,2025_03_21_close_1700_PT,2025-03-21 17:00:00-07:00,,,
KXUSAMBNATO-25-JUN,2025-03-22 00:00:00+00:00,2025_03_21_close_1700_PT,2025-03-21 17:00:00-07:00,,,
KXUSAMBNATO-25-MAY,2025-03-22 00:00:00+00:00,2025_03_21_close_1700_PT,2025-03-21 17:00:00-07:00,2025-03-21 18:12:17.301290+00:00,0.72,2025-03-21 11:12:17.301290-07:00
KXWHVISIT-25-VP,2025-03-22 00:00:00+00:00,2025_03_21_close_1700_PT,2025-03-21 17:00:00-07:00,2025-03-21 21:17:50.025817+00:00,0.01,2025-03-21 14:17:50.025817-07:00
KXWLEADER-25-VP,2025-03-22 00:00:00+00:00,2025_03_21_close_1700_PT,2025-03-21 17:00:00-07:00,2025-03-21 11:28:04.013156+00:00,0.86,2025-03-21 04:28:04.013156-07:00
KXWLEADERUKR-25MAR-VZEL,2025-03-22 00:00:00+00:00,2025_03_21_close_1700_PT,2025-03-21 17:00:00-07:00,2025-03-21 19:53:09.682487+00:00,0.04,2025-03-21 12:53:09.682487-07:00
KXELECTUKRAINE-26,2025-03-22 12:00:00+00:00,2025_03_22_open_0500_PT,2025-03-22 05:00:00-07:00,2025-03-22 10:12:22.314481+00:00,0.42,2025-03-22 03:12:22.314481-07:00
KXFRIDMAN-26JAN01-VP,2025-03-22 12:00:00+00:00,2025_03_22_open_0500_PT,2025-03-22 05:00:00-07:00,2025-03-21 13:10:47.990929+00:00,0.71,2025-03-21 06:10:47.990929-07:00
KXGOVTRECOGSYRIA-25-RU,2025-03-22 12:00:00+00:00,2025_03_22_open_0500_PT,2025-03-22 05:00:00-07:00,2025-03-21 20:25:00.449103+00:00,0.05,2025-03-21 13:25:00.449103-07:00
KXMARALAGO-26-VZ,2025-03-22 12:00:00+00:00,2025_03_22_open_0500_PT,2025-03-22 05:00:00-07:00,2025-03-08 10:35:32.381174+00:00,0.21,2025-03-08 02:35:32.381174-08:00
KXMOONMAN-31-R,2025-03-22 12:00:00+00:00,2025_03_22_open_0500_PT,2025-03-22 05:00:00-07:00,2024-12-01 07:12:28.152982+00:00,0.1,2024-11-30 23:12:28.152982-08:00
KXNOBELPEACE-25-VZEL,2025-03-22 12:00:00+00:00,2025_03_22_open_0500_PT,2025-03-22 05:00:00-07:00,2025-03-20 22:07:44.098391+00:00,0.18,2025-03-20 15:07:44.098391-07:00
KXPRESVISIT-26-RU,2025-03-22 12:00:00+00:00,2025_03_22_open_0500_PT,2025-03-22 05:00:00-07:00,2025-03-22 10:38:23.445062+00:00,0.33,2025-03-22 03:38:23.445062-07:00
KXPRESVISIT-26-UKR,2025-03-22 12:00:00+00:00,2025_03_22_open_0500_PT,2025-03-22 05:00:00-07:00,2025-03-20 22:41:35.221342+00:00,0.18,2025-03-20 15:41:35.221342-07:00
KXSECSTATEVISIT-26-RUS,2025-03-22 12:00:00+00:00,2025_03_22_open_0500_PT,2025-03-22 05:00:00-07:00,2025-03-20 09:32:59.860002+00:00,0.71,2025-03-20 02:32:59.860002-07:00
KXUKRAINERESIGN-26,2025-03-22 12:00:00+00:00,2025_03_22_open_0500_PT,2025-03-22 05:00:00-07:00,2025-03-21 21:41:34.324739+00:00,0.24,2025-03-21 14:41:34.324739-07:00
KXUKRIMPEACH-26,2025-03-22 12:00:00+00:00,2025_03_22_open_0500_PT,2025-03-22 05:00:00-07:00,2025-03-21 19:25:54.573811+00:00,0.13,2025-03-21 12:25:54.573811-07:00
KXUSAMBNATO-25-APR,2025-03-22 12:00:00+00:00,2025_03_22_open_0500_PT,2025-03-22 05:00:00-07:00,2025-03-20 18:06:21.578923+00:00,0.29,2025-03-20 11:06:21.578923-07:00
KXUSAMBNATO-25-DEC,2025-03-22 12:00:00+00:00,2025_03_22_open_0500_PT,2025-03-22 05:00:00-07:00,,,
KXUSAMBNATO-25-JUL,2025-03-22 12:00:00+00:00,2025_03_22_open_0500_PT,2025-03-22 05:00:00-07:00,,,
KXUSAMBNATO-25-JUN,2025-03-22 12:00:00+00:00,2025_03_22_open_0500_PT,2025-03-22 05:00:00-07:00,,,
KXUSAMBNATO-25-MAY,2025-03-22 12:00:00+00:00,2025_03_22_open_0500_PT,2025-03-22 05:00:00-07:00,2025-03-21 18:12:17.301290+00:00,0.72,2025-03-21 11:12:17.301290-07:00
KXWHVISIT-25-VP,2025-03-22 12:00:00+00:00,2025_03_22_open_0500_PT,2025-03-22 05:00:00-07:00,2025-03-21 21:17:50.025817+00:00,0.01,2025-03-21 14:17:50.025817-07:00
KXWLEADER-25-VP,2025-03-22 12:00:00+00:00,2025_03_22_open_0500_PT,2025-03-22 05:00:00-07:00,2025-03-21 11:28:04.013156+00:00,0.86,2025-03-21 04:28:04.013156-07:00
KXWLEADERUKR-25MAR-VZEL,2025-03-22 12:00:00+00:00,2025_03_22_open_0500_PT,2025-03-22 05:00:00-07:00,2025-03-22 11:43:27.940989+00:00,0.06,2025-03-22 04:43:27.940989-07:00
KXELECTUKRAINE-26,2025-03-23 00:00:00+00:00,2025_03_22_close_1700_PT,2025-03-22 17:00:00-07:00,2025-03-22 22:07:50.972109+00:00,0.42,2025-03-22 15:07:50.972109-07:00
KXFRIDMAN-26JAN01-VP,2025-03-23 00:00:00+00:00,2025_03_22_close_1700_PT,2025-03-22 17:00:00-07:00,2025-03-21 13:10:47.990929+00:00,0.71,2025-03-21 06:10:47.990929-07:00
KXGOVTRECOGSYRIA-25-RU,2025-03-23 00:00:00+00:00,2025_03_22_close_1700_PT,2025-03-22 17:00:00-07:00,2025-03-22 17:29:31.700832+00:00,0.06,2025-03-22 10:29:31.700832-07:00
KXMARALAGO-26-VZ,2025-03-23 00:00:00+00:00,2025_03_22_close_1700_PT,2025-03-22 17:00:00-07:00,2025-03-08 10:35:32.381174+00:00,0.21,2025-03-08 02:35:32.381174-08:00
KXMOONMAN-31-R,2025-03-23 00:00:00+00:00,2025_03_22_close_1700_PT,2025-03-22 17:00:00-07:00,2024-12-01 07:12:28.152982+00:00,0.1,2024-11-30 23:12:28.152982-08:00
KXNOBELPEACE-25-VZEL,2025-03-23 00:00:00+00:00,2025_03_22_close_1700_PT,2025-03-22 17:00:00-07:00,2025-03-20 22:07:44.098391+00:00,0.18,2025-03-20 15:07:44.098391-07:00
KXPRESVISIT-26-RU,2025-03-23 00:00:00+00:00,2025_03_22_close_1700_PT,2025-03-22 17:00:00-07:00,2025-03-22 16:55:38.477183+00:00,0.33,2025-03-22 09:55:38.477183-07:00
KXPRESVISIT-26-UKR,2025-03-23 00:00:00+00:00,2025_03_22_close_1700_PT,2025-03-22 17:00:00-07:00,2025-03-20 22:41:35.221342+00:00,0.18,2025-03-20 15:41:35.221342-07:00
KXSECSTATEVISIT-26-RUS,2025-03-23 00:00:00+00:00,2025_03_22_close_1700_PT,2025-03-22 17:00:00-07:00,2025-03-20 09:32:59.860002+00:00,0.71,2025-03-20 02:32:59.860002-07:00
KXUKRAINERESIGN-26,2025-03-23 00:00:00+00:00,2025_03_22_close_1700_PT,2025-03-22 17:00:00-07:00,2025-03-22 22:55:09.404026+00:00,0.21,2025-03-22 15:55:09.404026-07:00
KXUKRIMPEACH-26,2025-03-23 00:00:00+00:00,2025_03_22_close_1700_PT,2025-03-22 17:00:00-07:00,2025-03-21 19:25:54.573811+00:00,0.13,2025-03-21 12:25:54.573811-07:00
KXUSAMBNATO-25-APR,2025-03-23 00:00:00+00:00,2025_03_22_close_1700_PT,2025-03-22 17:00:00-07:00,2025-03-22 20:53:55.332354+00:00,0.34,2025-03-22 13:53:55.332354-07:00
KXUSAMBNATO-25-DEC,2025-03-23 00:00:00+00:00,2025_03_22_close_1700_PT,2025-03-22 17:00:00-07:00,,,
KXUSAMBNATO-25-JUL,2025-03-23 00:00:00+00:00,2025_03_22_close_1700_PT,2025-03-22 17:00:00-07:00,,,
KXUSAMBNATO-25-JUN,2025-03-23 00:00:00+00:00,2025_03_22_close_1700_PT,2025-03-22 17:00:00-07:00,,,
KXUSAMBNATO-25-MAY,2025-03-23 00:00:00+00:00,2025_03_22_close_1700_PT,2025-03-22 17:00:00-07:00,2025-03-22 21:06:27.185825+00:00,0.76,2025-03-22 14:06:27.185825-07:00
KXWHVISIT-25-VP,2025-03-23 00:00:00+00:00,2025_03_22_close_1700_PT,2025-03-22 17:00:00-07:00,2025-03-21 21:17:50.025817+00:00,0.01,2025-03-21 14:17:50.025817-07:00
KXWLEADER-25-VP,2025-03-23 00:00:00+00:00,2025_03_22_close_1700_PT,2025-03-22 17:00:00-07:00,2025-03-21 11:28:04.013156+00:00,0.86,2025-03-21 04:28:04.013156-07:00
KXWLEADERUKR-25MAR-VZEL,2025-03-23 00:00:00+00:00,2025_03_22_close_1700_PT,2025-03-22 17:00:00-07:00,2025-03-22 23:52:07.238197+00:00,0.09,2025-03-22 16:52:07.238197-07:00
KXELECTUKRAINE-26,2025-03-23 12:00:00+00:00,2025_03_23_open_0500_PT,2025-03-23 05:00:00-07:00,2025-03-23 10:39:21.144665+00:00,0.44,2025-03-23 03:39:21.144665-07:00
KXFRIDMAN-26JAN01-VP,2025-03-23 12:00:00+00:00,2025_03_23_open_0500_PT,2025-03-23 05:00:00-07:00,2025-03-21 13:10:47.990929+00:00,0.71,2025-03-21 06:10:47.990929-07:00
KXGOVTRECOGSYRIA-25-RU,2025-03-23 12:00:00+00:00,2025_03_23_open_0500_PT,2025-03-23 05:00:00-07:00,2025-03-22 17:29:31.700832+00:00,0.06,2025-03-22 10:29:31.700832-07:00
KXMARALAGO-26-VZ,2025-03-23 12:00:00+00:00,2025_03_23_open_0500_PT,2025-03-23 05:00:00-07:00,2025-03-08 10:35:32.381174+00:00,0.21,2025-03-08 02:35:32.381174-08:00
KXMOONMAN-31-R,2025-03-23 12:00:00+00:00,2025_03_23_open_0500_PT,2025-03-23 05:00:00-07:00,2024-12-01 07:12:28.152982+00:00,0.1,2024-11-30 23:12:28.152982-08:00
KXNOBELPEACE-25-VZEL,2025-03-23 12:00:00+00:00,2025_03_23_open_0500_PT,2025-03-23 05:00:00-07:00,2025-03-23 05:15:44.919146+00:00,0.19,2025-03-22 22:15:44.919146-07:00
KXPRESVISIT-26-RU,2025-03-23 12:00:00+00:00,2025_03_23_open_0500_PT,2025-03-23 05:00:00-07:00,2025-03-22 16:55:38.477183+00:00,0.33,2025-03-22 09:55:38.477183-07:00
KXPRESVISIT-26-UKR,2025-03-23 12:00:00+00:00,2025_03_23_open_0500_PT,2025-03-23 05:00:00-07:00,2025-03-23 11:55:24.895557+00:00,0.17,2025-03-23 04:55:24.895557-07:00
KXSECSTATEVISIT-26-RUS,2025-03-23 12:00:00+00:00,2025_03_23_open_0500_PT,2025-03-23 05:00:00-07:00,2025-03-20 09:32:59.860002+00:00,0.71,2025-03-20 02:32:59.860002-07:00
KXUKRAINERESIGN-26,2025-03-23 12:00:00+00:00,2025_03_23_open_0500_PT,2025-03-23 05:00:00-07:00,2025-03-22 22:55:09.404026+00:00,0.21,2025-03-22 15:55:09.404026-07:00
KXUKRIMPEACH-26,2025-03-23 12:00:00+00:00,2025_03_23_open_0500_PT,2025-03-23 05:00:00-07:00,2025-03-21 19:25:54.573811+00:00,0.13,2025-03-21 12:25:54.573811-07:00
KXUSAMBNATO-25-APR,2025-03-23 12:00:00+00:00,2025_03_23_open_0500_PT,2025-03-23 05:00:00-07:00,2025-03-22 20:53:55.332354+00:00,0.34,2025-03-22 13:53:55.332354-07:00
KXUSAMBNATO-25-DEC,2025-03-23 12:00:00+00:00,2025_03_23_open_0500_PT,2025-03-23 05:00:00-07:00,,,
KXUSAMBNATO-25-JUL,2025-03-23 12:00:00+00:00,2025_03_23_open_0500_PT,2025-03-23 05:00:00-07:00,,,
KXUSAMBNATO-25-JUN,2025-03-23 12:00:00+00:00,2025_03_23_open_0500_PT,2025-03-23 05:00:00-07:00,,,
KXUSAMBNATO-25-MAY,2025-03-23 12:00:00+00:00,2025_03_23_open_0500_PT,2025-03-23 05:00:00-07:00,2025-03-23 11:26:36.772207+00:00,0.71,2025-03-23 04:26:36.772207-07:00
KXWHVISIT-25-VP,2025-03-23 12:00:00+00:00,2025_03_23_open_0500_PT,2025-03-23 05:00:00-07:00,2025-03-21 21:17:50.025817+00:00,0.01,2025-03-21 14:17:50.025817-07:00
KXWLEADER-25-VP,2025-03-23 12:00:00+00:00,2025_03_23_open_0500_PT,2025-03-23 05:00:00-07:00,2025-03-23 08:26:38.815536+00:00,0.8,2025-03-23 01:26:38.815536-07:00
KXWLEADERUKR-25MAR-VZEL,2025-03-23 12:00:00+00:00,2025_03_23_open_0500_PT,2025-03-23 05:00:00-07:00,2025-03-23 11:49:49.279623+00:00,0.03,2025-03-23 04:49:49.279623-07:00
KXELECTUKRAINE-26,2025-03-24 00:00:00+00:00,2025_03_23_close_1700_PT,2025-03-23 17:00:00-07:00,2025-03-23 20:54:05.104253+00:00,0.43,2025-03-23 13:54:05.104253-07:00
KXFRIDMAN-26JAN01-VP,2025-03-24 00:00:00+00:00,2025_03_23_close_1700_PT,2025-03-23 17:00:00-07:00,2025-03-21 13:10:47.990929+00:00,0.71,2025-03-21 06:10:47.990929-07:00
KXGOVTRECOGSYRIA-25-RU,2025-03-24 00:00:00+00:00,2025_03_23_close_1700_PT,2025-03-23 17:00:00-07:00,2025-03-22 17:29:31.700832+00:00,0.06,2025-03-22 10:29:31.700832-07:00
KXMARALAGO-26-VZ,2025-03-24 00:00:00+00:00,2025_03_23_close_1700_PT,2025-03-23 17:00:00-07:00,2025-03-08 10:35:32.381174+00:00,0.21,2025-03-08 02:35:32.381174-08:00
KXMOONMAN-31-R,2025-03-24 00:00:00+00:00,2025_03_23_close_1700_PT,2025-03-23 17:00:00-07:00,2024-12-01 07:12:28.152982+00:00,0.1,2024-11-30 23:12:28.152982-08:00
KXNOBELPEACE-25-VZEL,2025-03-24 00:00:00+00:00,2025_03_23_close_1700_PT,2025-03-23 17:00:00-07:00,2025-03-23 05:15:44.919146+00:00,0.19,2025-03-22 22:15:44.919146-07:00
KXPRESVISIT-26-RU,2025-03-24 00:00:00+00:00,2025_03_23_close_1700_PT,2025-03-23 17:00:00-07:00,2025-03-23 16:51:51.977620+00:00,0.32,2025-03-23 09:51:51.977620-07:00
KXPRESVISIT-26-UKR,2025-03-24 00:00:00+00:00,2025_03_23_close_1700_PT,2025-03-23 17:00:00-07:00,2025-03-23 11:55:24.895557+00:00,0.17,2025-03-23 04:55:24.895557-07:00
KXSECSTATEVISIT-26-RUS,2025-03-24 00:00:00+00:00,2025_03_23_close_1700_PT,2025-03-23 17:00:00-07:00,2025-03-23 20:13:04.120409+00:00,0.71,2025-03-23 13:13:04.120409-07:00
KXUKRAINERESIGN-26,2025-03-24 00:00:00+00:00,2025_03_23_close_1700_PT,2025-03-23 17:00:00-07:00,2025-03-23 20:07:38.540830+00:00,0.24,2025-03-23 13:07:38.540830-07:00
KXUKRIMPEACH-26,2025-03-24 00:00:00+00:00,2025_03_23_close_1700_PT,2025-03-23 17:00:00-07:00,2025-03-21 19:25:54.573811+00:00,0.13,2025-03-21 12:25:54.573811-07:00
KXUSAMBNATO-25-APR,2025-03-24 00:00:00+00:00,2025_03_23_close_1700_PT,2025-03-23 17:00:00-07:00,2025-03-22 20:53:55.332354+00:00,0.34,2025-03-22 13:53:55.332354-07:00
KXUSAMBNATO-25-DEC,2025-03-24 00:00:00+00:00,2025_03_23_close_1700_PT,2025-03-23 17:00:00-07:00,,,
KXUSAMBNATO-25-JUL,2025-03-24 00:00:00+00:00,2025_03_23_close_1700_PT,2025-03-23 17:00:00-07:00,,,
KXUSAMBNATO-25-JUN,2025-03-24 00:00:00+00:00,2025_03_23_close_1700_PT,2025-03-23 17:00:00-07:00,,,
KXUSAMBNATO-25-MAY,2025-03-24 00:00:00+00:00,2025_03_23_close_1700_PT,2025-03-23 17:00:00-07:00,2025-03-23 19:34:08.344237+00:00,0.72,2025-03-23 12:34:08.344237-07:00
KXWHVISIT-25-VP,2025-03-24 00:00:00+00:00,2025_03_23_close_1700_PT,2025-03-23 17:00:00-07:00,2025-03-23 17:59:10.853640+00:00,0.01,2025-03-23 10:59:10.853640-07:00
KXWLEADER-25-VP,2025-03-24 00:00:00+00:00,2025_03_23_close_1700_PT,2025-03-23 17:00:00-07:00,2025-03-23 12:52:33.344636+00:00,0.82,2025-03-23 05:52:33.344636-07:00
KXWLEADERUKR-25MAR-VZEL,2025-03-24 00:00:00+00:00,2025_03_23_close_1700_PT,2025-03-23 17:00:00-07:00,2025-03-23 23:49:33.586928+00:00,0.05,2025-03-23 16:49:33.586928-07:00
KXELECTUKRAINE-26,2025-03-24 12:00:00+00:00,2025_03_24_open_0500_PT,2025-03-24 05:00:00-07:00,2025-03-23 20:54:05.104253+00:00,0.43,2025-03-23 13:54:05.104253-07:00
KXFRIDMAN-26JAN01-VP,2025-03-24 12:00:00+00:00,2025_03_24_open_0500_PT,2025-03-24 05:00:00-07:00,2025-03-24 11:58:47.713059+00:00,0.31,2025-03-24 04:58:47.713059-07:00
KXGOVTRECOGSYRIA-25-RU,2025-03-24 12:00:00+00:00,2025_03_24_open_0500_PT,2025-03-24 05:00:00-07:00,2025-03-22 17:29:31.700832+00:00,0.06,2025-03-22 10:29:31.700832-07:00
KXMARALAGO-26-VZ,2025-03-24 12:00:00+00:00,2025_03_24_open_0500_PT,2025-03-24 05:00:00-07:00,2025-03-08 10:35:32.381174+00:00,0.21,2025-03-08 02:35:32.381174-08:00
KXMOONMAN-31-R,2025-03-24 12:00:00+00:00,2025_03_24_open_0500_PT,2025-03-24 05:00:00-07:00,2024-12-01 07:12:28.152982+00:00,0.1,2024-11-30 23:12:28.152982-08:00
KXNOBELPEACE-25-VZEL,2025-03-24 12:00:00+00:00,2025_03_24_open_0500_PT,2025-03-24 05:00:00-07:00,2025-03-23 05:15:44.919146+00:00,0.19,2025-03-22 22:15:44.919146-07:00
KXPRESVISIT-26-RU,2025-03-24 12:00:00+00:00,2025_03_24_open_0500_PT,2025-03-24 05:00:00-07:00,2025-03-24 11:52:06.856560+00:00,0.32,2025-03-24 04:52:06.856560-07:00
KXPRESVISIT-26-UKR,2025-03-24 12:00:00+00:00,2025_03_24_open_0500_PT,2025-03-24 05:00:00-07:00,2025-03-23 11:55:24.895557+00:00,0.17,2025-03-23 04:55:24.895557-07:00
KXSECSTATEVISIT-26-RUS,2025-03-24 12:00:00+00:00,2025_03_24_open_0500_PT,2025-03-24 05:00:00-07:00,2025-03-23 20:13:04.120409+00:00,0.71,2025-03-23 13:13:04.120409-07:00
KXUKRAINERESIGN-26,2025-03-24 12:00:00+00:00,2025_03_24_open_0500_PT,2025-03-24 05:00:00-07:00,2025-03-24 10:36:36.625419+00:00,0.23,2025-03-24 03:36:36.625419-07:00
KXUKRIMPEACH-26,2025-03-24 12:00:00+00:00,2025_03_24_open_0500_PT,2025-03-24 05:00:00-07:00,2025-03-24 11:20:14.685875+00:00,0.13,2025-03-24 04:20:14.685875-07:00
KXUSAMBNATO-25-APR,2025-03-24 12:00:00+00:00,2025_03_24_open_0500_PT,2025-03-24 05:00:00-07:00,2025-03-22 20:53:55.332354+00:00,0.34,2025-03-22 13:53:55.332354-07:00
KXUSAMBNATO-25-DEC,2025-03-24 12:00:00+00:00,2025_03_24_open_0500_PT,2025-03-24 05:00:00-07:00,,,
KXUSAMBNATO-25-JUL,2025-03-24 12:00:00+00:00,2025_03_24_open_0500_PT,2025-03-24 05:00:00-07:00,,,
KXUSAMBNATO-25-JUN,2025-03-24 12:00:00+00:00,2025_03_24_open_0500_PT,2025-03-24 05:00:00-07:00,,,
KXUSAMBNATO-25-MAY,2025-03-24 12:00:00+00:00,2025_03_24_open_0500_PT,2025-03-24 05:00:00-07:00,2025-03-23 19:34:08.344237+00:00,0.72,2025-03-23 12:34:08.344237-07:00
KXWHVISIT-25-VP,2025-03-24 12:00:00+00:00,2025_03_24_open_0500_PT,2025-03-24 05:00:00-07:00,2025-03-23 17:59:10.853640+00:00,0.01,2025-03-23 10:59:10.853640-07:00
KXWLEADER-25-VP,2025-03-24 12:00:00+00:00,2025_03_24_open_0500_PT,2025-03-24 05:00:00-07:00,2025-03-24 07:28:08.766052+00:00,0.81,2025-03-24 00:28:08.766052-07:00
KXWLEADERUKR-25MAR-VZEL,2025-03-24 12:00:00+00:00,2025_03_24_open_0500_PT,2025-03-24 05:00:00-07:00,2025-03-24 11:47:14.987935+00:00,0.06,2025-03-24 04:47:14.987935-07:00
KXELECTUKRAINE-26,2025-03-25 00:00:00+00:00,2025_03_24_close_1700_PT,2025-03-24 17:00:00-07:00,2025-03-24 19:38:21.234164+00:00,0.44,2025-03-24 12:38:21.234164-07:00
KXFRIDMAN-26JAN01-VP,2025-03-25 00:00:00+00:00,2025_03_24_close_1700_PT,2025-03-24 17:00:00-07:00,2025-03-24 13:42:39.480108+00:00,0.27,2025-03-24 06:42:39.480108-07:00
KXGOVTRECOGSYRIA-25-RU,2025-03-25 00:00:00+00:00,2025_03_24_close_1700_PT,2025-03-24 17:00:00-07:00,2025-03-24 15:59:29.354385+00:00,0.05,2025-03-24 08:59:29.354385-07:00
KXMARALAGO-26-VZ,2025-03-25 00:00:00+00:00,2025_03_24_close_1700_PT,2025-03-24 17:00:00-07:00,2025-03-08 10:35:32.381174+00:00,0.21,2025-03-08 02:35:32.381174-08:00
KXMOONMAN-31-R,2025-03-25 00:00:00+00:00,2025_03_24_close_1700_PT,2025-03-24 17:00:00-07:00,2024-12-01 07:12:28.152982+00:00,0.1,2024-11-30 23:12:28.152982-08:00
KXNOBELPEACE-25-VZEL,2025-03-25 00:00:00+00:00,2025_03_24_close_1700_PT,2025-03-24 17:00:00-07:00,2025-03-24 18:29:08.456968+00:00,0.18,2025-03-24 11:29:08.456968-07:00
KXPRESVISIT-26-RU,2025-03-25 00:00:00+00:00,2025_03_24_close_1700_PT,2025-03-24 17:00:00-07:00,2025-03-24 23:54:59.238258+00:00,0.32,2025-03-24 16:54:59.238258-07:00
KXPRESVISIT-26-UKR,2025-03-25 00:00:00+00:00,2025_03_24_close_1700_PT,2025-03-24 17:00:00-07:00,2025-03-23 11:55:24.895557+00:00,0.17,2025-03-23 04:55:24.895557-07:00
KXSECSTATEVISIT-26-RUS,2025-03-25 00:00:00+00:00,2025_03_24_close_1700_PT,2025-03-24 17:00:00-07:00,2025-03-23 20:13:04.120409+00:00,0.71,2025-03-23 13:13:04.120409-07:00
KXUKRAINERESIGN-26,2025-03-25 00:00:00+00:00,2025_03_24_close_1700_PT,2025-03-24 17:00:00-07:00,2025-03-24 19:20:28.764459+00:00,0.23,2025-03-24 12:20:28.764459-07:00
KXUKRIMPEACH-26,2025-03-25 00:00:00+00:00,2025_03_24_close_1700_PT,2025-03-24 17:00:00-07:00,2025-03-24 21:52:25.560672+00:00,0.13,2025-03-24 14:52:25.560672-07:00
KXUSAMBNATO-25-APR,2025-03-25 00:00:00+00:00,2025_03_24_close_1700_PT,2025-03-24 17:00:00-07:00,2025-03-24 16:17:30.787865+00:00,0.2,2025-03-24 09:17:30.787865-07:00
KXUSAMBNATO-25-DEC,2025-03-25 00:00:00+00:00,2025_03_24_close_1700_PT,2025-03-24 17:00:00-07:00,,,
KXUSAMBNATO-25-JUL,2025-03-25 00:00:00+00:00,2025_03_24_close_1700_PT,2025-03-24 17:00:00-07:00,,,
KXUSAMBNATO-25-JUN,2025-03-25 00:00:00+00:00,2025_03_24_close_1700_PT,2025-03-24 17:00:00-07:00,,,
KXUSAMBNATO-25-MAY,2025-03-25 00:00:00+00:00,2025_03_24_close_1700_PT,2025-03-24 17:00:00-07:00,2025-03-23 19:34:08.344237+00:00,0.72,2025-03-23 12:34:08.344237-07:00
KXWHVISIT-25-VP,2025-03-25 00:00:00+00:00,2025_03_24_close_1700_PT,2025-03-24 17:00:00-07:00,2025-03-23 17:59:10.853640+00:00,0.01,2025-03-23 10:59:10.853640-07:00
KXWLEADER-25-VP,2025-03-25 00:00:00+00:00,2025_03_24_close_1700_PT,2025-03-24 17:00:00-07:00,2025-03-24 07:28:08.766052+00:00,0.81,2025-03-24 00:28:08.766052-07:00
KXWLEADERUKR-25MAR-VZEL,2025-03-25 00:00:00+00:00,2025_03_24_close_1700_PT,2025-03-24 17:00:00-07:00,2025-03-24 21:57:54.185734+00:00,0.04,2025-03-24 14:57:54.185734-07:00
KXELECTUKRAINE-26,2025-03-25 12:00:00+00:00,2025_03_25_open_0500_PT,2025-03-25 05:00:00-07:00,2025-03-24 19:38:21.234164+00:00,0.44,2025-03-24 12:38:21.234164-07:00
KXFRIDMAN-26JAN01-VP,2025-03-25 12:00:00+00:00,2025_03_25_open_0500_PT,2025-03-25 05:00:00-07:00,2025-03-24 13:42:39.480108+00:00,0.27,2025-03-24 06:42:39.480108-07:00
KXGOVTRECOGSYRIA-25-RU,2025-03-25 12:00:00+00:00,2025_03_25_open_0500_PT,2025-03-25 05:00:00-07:00,2025-03-25 11:27:20.675585+00:00,0.06,2025-03-25 04:27:20.675585-07:00
KXMARALAGO-26-VZ,2025-03-25 12:00:00+00:00,2025_03_25_open_0500_PT,2025-03-25 05:00:00-07:00,2025-03-08 10:35:32.381174+00:00,0.21,2025-03-08 02:35:32.381174-08:00
KXMOONMAN-31-R,2025-03-25 12:00:00+00:00,2025_03_25_open_0500_PT,2025-03-25 05:00:00-07:00,2024-12-01 07:12:28.152982+00:00,0.1,2024-11-30 23:12:28.152982-08:00
KXNOBELPEACE-25-VZEL,2025-03-25 12:00:00+00:00,2025_03_25_open_0500_PT,2025-03-25 05:00:00-07:00,2025-03-24 18:29:08.456968+00:00,0.18,2025-03-24 11:29:08.456968-07:00
KXPRESVISIT-26-RU,2025-03-25 12:00:00+00:00,2025_03_25_open_0500_PT,2025-03-25 05:00:00-07:00,2025-03-25 05:29:29.888945+00:00,0.33,2025-03-24 22:29:29.888945-07:00
KXPRESVISIT-26-UKR,2025-03-25 12:00:00+00:00,2025_03_25_open_0500_PT,2025-03-25 05:00:00-07:00,2025-03-23 11:55:24.895557+00:00,0.17,2025-03-23 04:55:24.895557-07:00
KXSECSTATEVISIT-26-RUS,2025-03-25 12:00:00+00:00,2025_03_25_open_0500_PT,2025-03-25 05:00:00-07:00,2025-03-23 20:13:04.120409+00:00,0.71,2025-03-23 13:13:04.120409-07:00
KXUKRAINERESIGN-26,2025-03-25 12:00:00+00:00,2025_03_25_open_0500_PT,2025-03-25 05:00:00-07:00,2025-03-24 19:20:28.764459+00:00,0.23,2025-03-24 12:20:28.764459-07:00
KXUKRIMPEACH-26,2025-03-25 12:00:00+00:00,2025_03_25_open_0500_PT,2025-03-25 05:00:00-07:00,2025-03-25 10:00:08.424782+00:00,0.13,2025-03-25 03:00:08.424782-07:00
KXUSAMBNATO-25-APR,2025-03-25 12:00:00+00:00,2025_03_25_open_0500_PT,2025-03-25 05:00:00-07:00,2025-03-24 16:17:30.787865+00:00,0.2,2025-03-24 09:17:30.787865-07:00
KXUSAMBNATO-25-DEC,2025-03-25 12:00:00+00:00,2025_03_25_open_0500_PT,2025-03-25 05:00:00-07:00,,,
KXUSAMBNATO-25-JUL,2025-03-25 12:00:00+00:00,2025_03_25_open_0500_PT,2025-03-25 05:00:00-07:00,,,
KXUSAMBNATO-25-JUN,2025-03-25 12:00:00+00:00,2025_03_25_open_0500_PT,2025-03-25 05:00:00-07:00,,,
KXUSAMBNATO-25-MAY,2025-03-25 12:00:00+00:00,2025_03_25_open_0500_PT,2025-03-25 05:00:00-07:00,2025-03-23 19:34:08.344237+00:00,0.72,2025-03-23 12:34:08.344237-07:00
KXWHVISIT-25-VP,2025-03-25 12:00:00+00:00,2025_03_25_open_0500_PT,2025-03-25 05:00:00-07:00,2025-03-23 17:59:10.853640+00:00,0.01,2025-03-23 10:59:10.853640-07:00
KXWLEADER-25-VP,2025-03-25 12:00:00+00:00,2025_03_25_open_0500_PT,2025-03-25 05:00:00-07:00,2025-03-25 05:03:42.263630+00:00,0.79,2025-03-24 22:03:42.263630-07:00
KXWLEADERUKR-25MAR-VZEL,2025-03-25 12:00:00+00:00,2025_03_25_open_0500_PT,2025-03-25 05:00:00-07:00,2025-03-25 11:39:42.238964+00:00,0.03,2025-03-25 04:39:42.238964-07:00
KXELECTUKRAINE-26,2025-03-26 00:00:00+00:00,2025_03_25_close_1700_PT,2025-03-25 17:00:00-07:00,2025-03-25 18:05:32.114099+00:00,0.45,2025-03-25 11:05:32.114099-07:00
KXFRIDMAN-26JAN01-VP,2025-03-26 00:00:00+00:00,2025_03_25_close_1700_PT,2025-03-25 17:00:00-07:00,2025-03-24 13:42:39.480108+00:00,0.27,2025-03-24 06:42:39.480108-07:00
KXGOVTRECOGSYRIA-25-RU,2025-03-26 00:00:00+00:00,2025_03_25_close_1700_PT,2025-03-25 17:00:00-07:00,2025-03-25 16:03:03.966814+00:00,0.04,2025-03-25 09:03:03.966814-07:00
KXMARALAGO-26-VZ,2025-03-26 00:00:00+00:00,2025_03_25_close_1700_PT,2025-03-25 17:00:00-07:00,2025-03-08 10:35:32.381174+00:00,0.21,2025-03-08 02:35:32.381174-08:00
KXMOONMAN-31-R,2025-03-26 00:00:00+00:00,2025_03_25_close_1700_PT,2025-03-25 17:00:00-07:00,2024-12-01 07:12:28.152982+00:00,0.1,2024-11-30 23:12:28.152982-08:00
KXNOBELPEACE-25-VZEL,2025-03-26 00:00:00+00:00,2025_03_25_close_1700_PT,2025-03-25 17:00:00-07:00,2025-03-25 13:56:27.806514+00:00,0.18,2025-03-25 06:56:27.806514-07:00
KXPRESVISIT-26-RU,2025-03-26 00:00:00+00:00,2025_03_25_close_1700_PT,2025-03-25 17:00:00-07:00,2025-03-25 05:29:29.888945+00:00,0.33,2025-03-24 22:29:29.888945-07:00
KXPRESVISIT-26-UKR,2025-03-26 00:00:00+00:00,2025_03_25_close_1700_PT,2025-03-25 17:00:00-07:00,2025-03-25 21:15:36.847981+00:00,0.18,2025-03-25 14:15:36.847981-07:00
KXSECSTATEVISIT-26-RUS,2025-03-26 00:00:00+00:00,2025_03_25_close_1700_PT,2025-03-25 17:00:00-07:00,2025-03-25 16:20:45.410297+00:00,0.71,2025-03-25 09:20:45.410297-07:00
KXUKRAINERESIGN-26,2025-03-26 00:00:00+00:00,2025_03_25_close_1700_PT,2025-03-25 17:00:00-07:00,2025-03-25 21:08:21.545193+00:00,0.25,2025-03-25 14:08:21.545193-07:00
KXUKRIMPEACH-26,2025-03-26 00:00:00+00:00,2025_03_25_close_1700_PT,2025-03-25 17:00:00-07:00,2025-03-25 17:06:35.058723+00:00,0.11,2025-03-25 10:06:35.058723-07:00
KXUSAMBNATO-25-APR,2025-03-26 00:00:00+00:00,2025_03_25_close_1700_PT,2025-03-25 17:00:00-07:00,2025-03-25 13:15:13.019304+00:00,0.1,2025-03-25 06:15:13.019304-07:00
KXUSAMBNATO-25-DEC,2025-03-26 00:00:00+00:00,2025_03_25_close_1700_PT,2025-03-25 17:00:00-07:00,,,
KXUSAMBNATO-25-JUL,2025-03-26 00:00:00+00:00,2025_03_25_close_1700_PT,2025-03-25 17:00:00-07:00,,,
KXUSAMBNATO-25-JUN,2025-03-26 00:00:00+00:00,2025_03_25_close_1700_PT,2025-03-25 17:00:00-07:00,,,
KXUSAMBNATO-25-MAY,2025-03-26 00:00:00+00:00,2025_03_25_close_1700_PT,2025-03-25 17:00:00-07:00,2025-03-25 19:33:17.123512+00:00,0.71,2025-03-25 12:33:17.123512-07:00
KXWHVISIT-25-VP,2025-03-26 00:00:00+00:00,2025_03_25_close_1700_PT,2025-03-25 17:00:00-07:00,2025-03-23 17:59:10.853640+00:00,0.01,2025-03-23 10:59:10.853640-07:00
KXWLEADER-25-VP,2025-03-26 00:00:00+00:00,2025_03_25_close_1700_PT,2025-03-25 17:00:00-07:00,2025-03-25 21:12:49.697724+00:00,0.77,2025-03-25 14:12:49.697724-07:00
KXWLEADERUKR-25MAR-VZEL,2025-03-26 00:00:00+00:00,2025_03_25_close_1700_PT,2025-03-25 17:00:00-07:00,2025-03-25 22:34:15.190588+00:00,0.04,2025-03-25 15:34:15.190588-07:00
KXELECTUKRAINE-26,2025-03-26 12:00:00+00:00,2025_03_26_open_0500_PT,2025-03-26 05:00:00-07:00,2025-03-25 18:05:32.114099+00:00,0.45,2025-03-25 11:05:32.114099-07:00
KXFRIDMAN-26JAN01-VP,2025-03-26 12:00:00+00:00,2025_03_26_open_0500_PT,2025-03-26 05:00:00-07:00,2025-03-24 13:42:39.480108+00:00,0.27,2025-03-24 06:42:39.480108-07:00
KXGOVTRECOGSYRIA-25-RU,2025-03-26 12:00:00+00:00,2025_03_26_open_0500_PT,2025-03-26 05:00:00-07:00,2025-03-25 16:03:03.966814+00:00,0.04,2025-03-25 09:03:03.966814-07:00
KXMARALAGO-26-VZ,2025-03-26 12:00:00+00:00,2025_03_26_open_0500_PT,2025-03-26 05:00:00-07:00,2025-03-08 10:35:32.381174+00:00,0.21,2025-03-08 02:35:32.381174-08:00
KXMOONMAN-31-R,2025-03-26 12:00:00+00:00,2025_03_26_open_0500_PT,2025-03-26 05:00:00-07:00,2024-12-01 07:12:28.152982+00:00,0.1,2024-11-30 23:12:28.152982-08:00
KXNOBELPEACE-25-VZEL,2025-03-26 12:00:00+00:00,2025_03_26_open_0500_PT,2025-03-26 05:00:00-07:00,2025-03-25 13:56:27.806514+00:00,0.18,2025-03-25 06:56:27.806514-07:00
KXPRESVISIT-26-RU,2025-03-26 12:00:00+00:00,2025_03_26_open_0500_PT,2025-03-26 05:00:00-07:00,2025-03-25 05:29:29.888945+00:00,0.33,2025-03-24 22:29:29.888945-07:00
KXPRESVISIT-26-UKR,2025-03-26 12:00:00+00:00,2025_03_26_open_0500_PT,2025-03-26 05:00:00-07:00,2025-03-25 21:15:36.847981+00:00,0.18,2025-03-25 14:15:36.847981-07:00
KXSECSTATEVISIT-26-RUS,2025-03-26 12:00:00+00:00,2025_03_26_open_0500_PT,2025-03-26 05:00:00-07:00,2025-03-25 16:20:45.410297+00:00,0.71,2025-03-25 09:20:45.410297-07:00
KXUKRAINERESIGN-26,2025-03-26 12:00:00+00:00,2025_03_26_open_0500_PT,2025-03-26 05:00:00-07:00,2025-03-26 09:41:08.148829+00:00,0.24,2025-03-26 02:41:08.148829-07:00
KXUKRIMPEACH-26,2025-03-26 12:00:00+00:00,2025_03_26_open_0500_PT,2025-03-26 05:00:00-07:00,2025-03-26 10:13:20.402988+00:00,0.13,2025-03-26 03:13:20.402988-07:00
KXUSAMBNATO-25-APR,2025-03-26 12:00:00+00:00,2025_03_26_open_0500_PT,2025-03-26 05:00:00-07:00,2025-03-25 13:15:13.019304+00:00,0.1,2025-03-25 06:15:13.019304-07:00
KXUSAMBNATO-25-DEC,2025-03-26 12:00:00+00:00,2025_03_26_open_0500_PT,2025-03-26 05:00:00-07:00,,,
KXUSAMBNATO-25-JUL,2025-03-26 12:00:00+00:00,2025_03_26_open_0500_PT,2025-03-26 05:00:00-07:00,,,
KXUSAMBNATO-25-JUN,2025-03-26 12:00:00+00:00,2025_03_26_open_0500_PT,2025-03-26 05:00:00-07:00,,,
KXUSAMBNATO-25-MAY,2025-03-26 12:00:00+00:00,2025_03_26_open_0500_PT,2025-03-26 05:00:00-07:00,2025-03-25 19:33:17.123512+00:00,0.71,2025-03-25 12:33:17.123512-07:00
KXWHVISIT-25-VP,2025-03-26 12:00:00+00:00,2025_03_26_open_0500_PT,2025-03-26 05:00:00-07:00,2025-03-23 17:59:10.853640+00:00,0.01,2025-03-23 10:59:10.853640-07:00
KXWLEADER-25-VP,2025-03-26 12:00:00+00:00,2025_03_26_open_0500_PT,2025-03-26 05:00:00-07:00,2025-03-25 21:12:49.697724+00:00,0.77,2025-03-25 14:12:49.697724-07:00
KXWLEADERUKR-25MAR-VZEL,2025-03-26 12:00:00+00:00,2025_03_26_open_0500_PT,2025-03-26 05:00:00-07:00,2025-03-26 11:54:11.782582+00:00,0.03,2025-03-26 04:54:11.782582-07:00
KXELECTUKRAINE-26,2025-03-27 00:00:00+00:00,2025_03_26_close_1700_PT,2025-03-26 17:00:00-07:00,2025-03-26 20:10:16.566603+00:00,0.42,2025-03-26 13:10:16.566603-07:00
KXFRIDMAN-26JAN01-VP,2025-03-27 00:00:00+00:00,2025_03_26_close_1700_PT,2025-03-26 17:00:00-07:00,2025-03-24 13:42:39.480108+00:00,0.27,2025-03-24 06:42:39.480108-07:00
KXGOVTRECOGSYRIA-25-RU,2025-03-27 00:00:00+00:00,2025_03_26_close_1700_PT,2025-03-26 17:00:00-07:00,2025-03-25 16:03:03.966814+00:00,0.04,2025-03-25 09:03:03.966814-07:00
KXMARALAGO-26-VZ,2025-03-27 00:00:00+00:00,2025_03_26_close_1700_PT,2025-03-26 17:00:00-07:00,2025-03-08 10:35:32.381174+00:00,0.21,2025-03-08 02:35:32.381174-08:00
KXMOONMAN-31-R,2025-03-27 00:00:00+00:00,2025_03_26_close_1700_PT,2025-03-26 17:00:00-07:00,2024-12-01 07:12:28.152982+00:00,0.1,2024-11-30 23:12:28.152982-08:00
KXNOBELPEACE-25-VZEL,2025-03-27 00:00:00+00:00,2025_03_26_close_1700_PT,2025-03-26 17:00:00-07:00,2025-03-26 19:20:29.682590+00:00,0.16,2025-03-26 12:20:29.682590-07:00
KXPRESVISIT-26-RU,2025-03-27 00:00:00+00:00,2025_03_26_close_1700_PT,2025-03-26 17:00:00-07:00,2025-03-25 05:29:29.888945+00:00,0.33,2025-03-24 22:29:29.888945-07:00
KXPRESVISIT-26-UKR,2025-03-27 00:00:00+00:00,2025_03_26_close_1700_PT,2025-03-26 17:00:00-07:00,2025-03-25 21:15:36.847981+00:00,0.18,2025-03-25 14:15:36.847981-07:00
KXSECSTATEVISIT-26-RUS,2025-03-27 00:00:00+00:00,2025_03_26_close_1700_PT,2025-03-26 17:00:00-07:00,2025-03-25 16:20:45.410297+00:00,0.71,2025-03-25 09:20:45.410297-07:00
KXUKRAINERESIGN-26,2025-03-27 00:00:00+00:00,2025_03_26_close_1700_PT,2025-03-26 17:00:00-07:00,2025-03-26 19:55:48.953494+00:00,0.24,2025-03-26 12:55:48.953494-07:00
KXUKRIMPEACH-26,2025-03-27 00:00:00+00:00,2025_03_26_close_1700_PT,2025-03-26 17:00:00-07:00,2025-03-26 10:13:20.402988+00:00,0.13,2025-03-26 03:13:20.402988-07:00
KXUSAMBNATO-25-APR,2025-03-27 00:00:00+00:00,2025_03_26_close_1700_PT,2025-03-26 17:00:00-07:00,2025-03-25 13:15:13.019304+00:00,0.1,2025-03-25 06:15:13.019304-07:00
KXUSAMBNATO-25-DEC,2025-03-27 00:00:00+00:00,2025_03_26_close_1700_PT,2025-03-26 17:00:00-07:00,,,
KXUSAMBNATO-25-JUL,2025-03-27 00:00:00+00:00,2025_03_26_close_1700_PT,2025-03-26 17:00:00-07:00,,,
KXUSAMBNATO-25-JUN,2025-03-27 00:00:00+00:00,2025_03_26_close_1700_PT,2025-03-26 17:00:00-07:00,,,
KXUSAMBNATO-25-MAY,2025-03-27 00:00:00+00:00,2025_03_26_close_1700_PT,2025-03-26 17:00:00-07:00,2025-03-26 23:34:20.441486+00:00,0.76,2025-03-26 16:34:20.441486-07:00
KXWHVISIT-25-VP,2025-03-27 00:00:00+00:00,2025_03_26_close_1700_PT,2025-03-26 17:00:00-07:00,2025-03-23 17:59:10.853640+00:00,0.01,2025-03-23 10:59:10.853640-07:00
KXWLEADER-25-VP,2025-03-27 00:00:00+00:00,2025_03_26_close_1700_PT,2025-03-26 17:00:00-07:00,2025-03-26 20:04:54.475289+00:00,0.76,2025-03-26 13:04:54.475289-07:00
KXWLEADERUKR-25MAR-VZEL,2025-03-27 00:00:00+00:00,2025_03_26_close_1700_PT,2025-03-26 17:00:00-07:00,2025-03-26 23:01:05.303213+00:00,0.03,2025-03-26 16:01:05.303213-07:00
KXELECTUKRAINE-26,2025-03-27 12:00:00+00:00,2025_03_27_open_0500_PT,2025-03-27 05:00:00-07:00,2025-03-27 10:42:27.801006+00:00,0.45,2025-03-27 03:42:27.801006-07:00
KXFRIDMAN-26JAN01-VP,2025-03-27 12:00:00+00:00,2025_03_27_open_0500_PT,2025-03-27 05:00:00-07:00,2025-03-24 13:42:39.480108+00:00,0.27,2025-03-24 06:42:39.480108-07:00
KXGOVTRECOGSYRIA-25-RU,2025-03-27 12:00:00+00:00,2025_03_27_open_0500_PT,2025-03-27 05:00:00-07:00,2025-03-27 10:27:33.682935+00:00,0.12,2025-03-27 03:27:33.682935-07:00
KXMARALAGO-26-VZ,2025-03-27 12:00:00+00:00,2025_03_27_open_0500_PT,2025-03-27 05:00:00-07:00,2025-03-08 10:35:32.381174+00:00,0.21,2025-03-08 02:35:32.381174-08:00
KXMOONMAN-31-R,2025-03-27 12:00:00+00:00,2025_03_27_open_0500_PT,2025-03-27 05:00:00-07:00,2024-12-01 07:12:28.152982+00:00,0.1,2024-11-30 23:12:28.152982-08:00
KXNOBELPEACE-25-VZEL,2025-03-27 12:00:00+00:00,2025_03_27_open_0500_PT,2025-03-27 05:00:00-07:00,2025-03-27 06:28:25.503598+00:00,0.16,2025-03-26 23:28:25.503598-07:00
KXPRESVISIT-26-RU,2025-03-27 12:00:00+00:00,2025_03_27_open_0500_PT,2025-03-27 05:00:00-07:00,2025-03-27 09:56:11.924253+00:00,0.32,2025-03-27 02:56:11.924253-07:00
KXPRESVISIT-26-UKR,2025-03-27 12:00:00+00:00,2025_03_27_open_0500_PT,2025-03-27 05:00:00-07:00,2025-03-25 21:15:36.847981+00:00,0.18,2025-03-25 14:15:36.847981-07:00
KXSECSTATEVISIT-26-RUS,2025-03-27 12:00:00+00:00,2025_03_27_open_0500_PT,2025-03-27 05:00:00-07:00,2025-03-25 16:20:45.410297+00:00,0.71,2025-03-25 09:20:45.410297-07:00
KXUKRAINERESIGN-26,2025-03-27 12:00:00+00:00,2025_03_27_open_0500_PT,2025-03-27 05:00:00-07:00,2025-03-27 08:57:54.222168+00:00,0.2,2025-03-27 01:57:54.222168-07:00
KXUKRIMPEACH-26,2025-03-27 12:00:00+00:00,2025_03_27_open_0500_PT,2025-03-27 05:00:00-07:00,2025-03-27 08:35:03.650475+00:00,0.1,2025-03-27 01:35:03.650475-07:00
KXUSAMBNATO-25-APR,2025-03-27 12:00:00+00:00,2025_03_27_open_0500_PT,2025-03-27 05:00:00-07:00,2025-03-27 11:41:18.480720+00:00,0.37,2025-03-27 04:41:18.480720-07:00
KXUSAMBNATO-25-DEC,2025-03-27 12:00:00+00:00,2025_03_27_open_0500_PT,2025-03-27 05:00:00-07:00,,,
KXUSAMBNATO-25-JUL,2025-03-27 12:00:00+00:00,2025_03_27_open_0500_PT,2025-03-27 05:00:00-07:00,,,
KXUSAMBNATO-25-JUN,2025-03-27 12:00:00+00:00,2025_03_27_open_0500_PT,2025-03-27 05:00:00-07:00,,,
KXUSAMBNATO-25-MAY,2025-03-27 12:00:00+00:00,2025_03_27_open_0500_PT,2025-03-27 05:00:00-07:00,2025-03-27 11:41:04.649140+00:00,0.8,2025-03-27 04:41:04.649140-07:00
KXWHVISIT-25-VP,2025-03-27 12:00:00+00:00,2025_03_27_open_0500_PT,2025-03-27 05:00:00-07:00,2025-03-23 17:59:10.853640+00:00,0.01,2025-03-23 10:59:10.853640-07:00
KXWLEADER-25-VP,2025-03-27 12:00:00+00:00,2025_03_27_open_0500_PT,2025-03-27 05:00:00-07:00,2025-03-27 10:29:47.697805+00:00,0.81,2025-03-27 03:29:47.697805-07:00
KXWLEADERUKR-25MAR-VZEL,2025-03-27 12:00:00+00:00,2025_03_27_open_0500_PT,2025-03-27 05:00:00-07:00,2025-03-27 11:53:04.693355+00:00,0.02,2025-03-27 04:53:04.693355-07:00
KXELECTUKRAINE-26,2025-03-28 00:00:00+00:00,2025_03_27_close_1700_PT,2025-03-27 17:00:00-07:00,2025-03-27 21:48:21.140063+00:00,0.41,2025-03-27 14:48:21.140063-07:00
KXFRIDMAN-26JAN01-VP,2025-03-28 00:00:00+00:00,2025_03_27_close_1700_PT,2025-03-27 17:00:00-07:00,2025-03-24 13:42:39.480108+00:00,0.27,2025-03-24 06:42:39.480108-07:00
KXGOVTRECOGSYRIA-25-RU,2025-03-28 00:00:00+00:00,2025_03_27_close_1700_PT,2025-03-27 17:00:00-07:00,2025-03-27 10:27:33.682935+00:00,0.12,2025-03-27 03:27:33.682935-07:00
KXMARALAGO-26-VZ,2025-03-28 00:00:00+00:00,2025_03_27_close_1700_PT,2025-03-27 17:00:00-07:00,2025-03-08 10:35:32.381174+00:00,0.21,2025-03-08 02:35:32.381174-08:00
KXMOONMAN-31-R,2025-03-28 00:00:00+00:00,2025_03_27_close_1700_PT,2025-03-27 17:00:00-07:00,2024-12-01 07:12:28.152982+00:00,0.1,2024-11-30 23:12:28.152982-08:00
KXNOBELPEACE-25-VZEL,2025-03-28 00:00:00+00:00,2025_03_27_close_1700_PT,2025-03-27 17:00:00-07:00,2025-03-27 06:28:25.503598+00:00,0.16,2025-03-26 23:28:25.503598-07:00
KXPRESVISIT-26-RU,2025-03-28 00:00:00+00:00,2025_03_27_close_1700_PT,2025-03-27 17:00:00-07:00,2025-03-27 16:47:55.659457+00:00,0.3,2025-03-27 09:47:55.659457-07:00
KXPRESVISIT-26-UKR,2025-03-28 00:00:00+00:00,2025_03_27_close_1700_PT,2025-03-27 17:00:00-07:00,2025-03-25 21:15:36.847981+00:00,0.18,2025-03-25 14:15:36.847981-07:00
KXSECSTATEVISIT-26-RUS,2025-03-28 00:00:00+00:00,2025_03_27_close_1700_PT,2025-03-27 17:00:00-07:00,2025-03-25 16:20:45.410297+00:00,0.71,2025-03-25 09:20:45.410297-07:00
KXUKRAINERESIGN-26,2025-03-28 00:00:00+00:00,2025_03_27_close_1700_PT,2025-03-27 17:00:00-07:00,2025-03-27 21:20:10.890320+00:00,0.24,2025-03-27 14:20:10.890320-07:00
KXUKRIMPEACH-26,2025-03-28 00:00:00+00:00,2025_03_27_close_1700_PT,2025-03-27 17:00:00-07:00,2025-03-27 21:21:13.129562+00:00,0.13,2025-03-27 14:21:13.129562-07:00
KXUSAMBNATO-25-APR,2025-03-28 00:00:00+00:00,2025_03_27_close_1700_PT,2025-03-27 17:00:00-07:00,2025-03-27 18:32:58.983166+00:00,0.4,2025-03-27 11:32:58.983166-07:00
KXUSAMBNATO-25-DEC,2025-03-28 00:00:00+00:00,2025_03_27_close_1700_PT,2025-03-27 17:00:00-07:00,,,
KXUSAMBNATO-25-JUL,2025-03-28 00:00:00+00:00,2025_03_27_close_1700_PT,2025-03-27 17:00:00-07:00,,,
KXUSAMBNATO-25-JUN,2025-03-28 00:00:00+00:00,2025_03_27_close_1700_PT,2025-03-27 17:00:00-07:00,,,
KXUSAMBNATO-25-MAY,2025-03-28 00:00:00+00:00,2025_03_27_close_1700_PT,2025-03-27 17:00:00-07:00,2025-03-27 17:29:30.133343+00:00,0.97,2025-03-27 10:29:30.133343-07:00
KXWHVISIT-25-VP,2025-03-28 00:00:00+00:00,2025_03_27_close_1700_PT,2025-03-27 17:00:00-07:00,2025-03-27 21:46:38.396183+00:00,0.01,2025-03-27 14:46:38.396183-07:00
KXWLEADER-25-VP,2025-03-28 00:00:00+00:00,2025_03_27_close_1700_PT,2025-03-27 17:00:00-07:00,2025-03-27 21:35:58.645283+00:00,0.81,2025-03-27 14:35:58.645283-07:00
KXWLEADERUKR-25MAR-VZEL,2025-03-28 00:00:00+00:00,2025_03_27_close_1700_PT,2025-03-27 17:00:00-07:00,2025-03-27 22:34:02.135058+00:00,0.01,2025-03-27 15:34:02.135058-07:00
KXELECTUKRAINE-26,2025-03-28 12:00:00+00:00,2025_03_28_open_0500_PT,2025-03-28 05:00:00-07:00,2025-03-28 06:36:32.815247+00:00,0.38,2025-03-27 23:36:32.815247-07:00
KXFRIDMAN-26JAN01-VP,2025-03-28 12:00:00+00:00,2025_03_28_open_0500_PT,2025-03-28 05:00:00-07:00,2025-03-24 13:42:39.480108+00:00,0.27,2025-03-24 06:42:39.480108-07:00
KXGOVTRECOGSYRIA-25-RU,2025-03-28 12:00:00+00:00,2025_03_28_open_0500_PT,2025-03-28 05:00:00-07:00,2025-03-27 10:27:33.682935+00:00,0.12,2025-03-27 03:27:33.682935-07:00
KXMARALAGO-26-VZ,2025-03-28 12:00:00+00:00,2025_03_28_open_0500_PT,2025-03-28 05:00:00-07:00,2025-03-28 10:18:49.795765+00:00,0.2,2025-03-28 03:18:49.795765-07:00
KXMOONMAN-31-R,2025-03-28 12:00:00+00:00,2025_03_28_open_0500_PT,2025-03-28 05:00:00-07:00,2024-12-01 07:12:28.152982+00:00,0.1,2024-11-30 23:12:28.152982-08:00
KXNOBELPEACE-25-VZEL,2025-03-28 12:00:00+00:00,2025_03_28_open_0500_PT,2025-03-28 05:00:00-07:00,2025-03-27 06:28:25.503598+00:00,0.16,2025-03-26 23:28:25.503598-07:00
KXPRESVISIT-26-RU,2025-03-28 12:00:00+00:00,2025_03_28_open_0500_PT,2025-03-28 05:00:00-07:00,2025-03-27 16:47:55.659457+00:00,0.3,2025-03-27 09:47:55.659457-07:00
KXPRESVISIT-26-UKR,2025-03-28 12:00:00+00:00,2025_03_28_open_0500_PT,2025-03-28 05:00:00-07:00,2025-03-28 08:10:29.083693+00:00,0.17,2025-03-28 01:10:29.083693-07:00
KXSECSTATEVISIT-26-RUS,2025-03-28 12:00:00+00:00,2025_03_28_open_0500_PT,2025-03-28 05:00:00-07:00,2025-03-25 16:20:45.410297+00:00,0.71,2025-03-25 09:20:45.410297-07:00
KXUKRAINERESIGN-26,2025-03-28 12:00:00+00:00,2025_03_28_open_0500_PT,2025-03-28 05:00:00-07:00,2025-03-28 10:48:46.118209+00:00,0.24,2025-03-28 03:48:46.118209-07:00
KXUKRIMPEACH-26,2025-03-28 12:00:00+00:00,2025_03_28_open_0500_PT,2025-03-28 05:00:00-07:00,2025-03-28 10:30:36.834960+00:00,0.13,2025-03-28 03:30:36.834960-07:00
KXUSAMBNATO-25-APR,2025-03-28 12:00:00+00:00,2025_03_28_open_0500_PT,2025-03-28 05:00:00-07:00,2025-03-27 18:32:58.983166+00:00,0.4,2025-03-27 11:32:58.983166-07:00
KXUSAMBNATO-25-DEC,2025-03-28 12:00:00+00:00,2025_03_28_open_0500_PT,2025-03-28 05:00:00-07:00,,,
KXUSAMBNATO-25-JUL,2025-03-28 12:00:00+00:00,2025_03_28_open_0500_PT,2025-03-28 05:00:00-07:00,,,
KXUSAMBNATO-25-JUN,2025-03-28 12:00:00+00:00,2025_03_28_open_0500_PT,2025-03-28 05:00:00-07:00,,,
KXUSAMBNATO-25-MAY,2025-03-28 12:00:00+00:00,2025_03_28_open_0500_PT,2025-03-28 05:00:00-07:00,2025-03-27 17:29:30.133343+00:00,0.97,2025-03-27 10:29:30.133343-07:00
KXWHVISIT-25-VP,2025-03-28 12:00:00+00:00,2025_03_28_open_0500_PT,2025-03-28 05:00:00-07:00,2025-03-27 21:46:38.396183+00:00,0.01,2025-03-27 14:46:38.396183-07:00
KXWLEADER-25-VP,2025-03-28 12:00:00+00:00,2025_03_28_open_0500_PT,2025-03-28 05:00:00-07:00,2025-03-27 21:35:58.645283+00:00,0.81,2025-03-27 14:35:58.645283-07:00
KXWLEADERUKR-25MAR-VZEL,2025-03-28 12:00:00+00:00,2025_03_28_open_0500_PT,2025-03-28 05:00:00-07:00,2025-03-28 09:35:27.678210+00:00,0.01,2025-03-28 02:35:27.678210-07:00
KXELECTUKRAINE-26,2025-03-29 00:00:00+00:00,2025_03_28_close_1700_PT,2025-03-28 17:00:00-07:00,2025-03-28 16:37:50.478669+00:00,0.38,2025-03-28 09:37:50.478669-07:00
KXFRIDMAN-26JAN01-VP,2025-03-29 00:00:00+00:00,2025_03_28_close_1700_PT,2025-03-28 17:00:00-07:00,2025-03-24 13:42:39.480108+00:00,0.27,2025-03-24 06:42:39.480108-07:00
KXGOVTRECOGSYRIA-25-RU,2025-03-29 00:00:00+00:00,2025_03_28_close_1700_PT,2025-03-28 17:00:00-07:00,2025-03-28 16:50:38.626863+00:00,0.11,2025-03-28 09:50:38.626863-07:00
KXMARALAGO-26-VZ,2025-03-29 00:00:00+00:00,2025_03_28_close_1700_PT,2025-03-28 17:00:00-07:00,2025-03-28 16:38:37.742115+00:00,0.12,2025-03-28 09:38:37.742115-07:00
KXMOONMAN-31-R,2025-03-29 00:00:00+00:00,2025_03_28_close_1700_PT,2025-03-28 17:00:00-07:00,2025-03-28 12:27:09.813063+00:00,0.01,2025-03-28 05:27:09.813063-07:00
KXNOBELPEACE-25-VZEL,2025-03-29 00:00:00+00:00,2025_03_28_close_1700_PT,2025-03-28 17:00:00-07:00,2025-03-28 20:46:33.571221+00:00,0.19,2025-03-28 13:46:33.571221-07:00
KXPRESVISIT-26-RU,2025-03-29 00:00:00+00:00,2025_03_28_close_1700_PT,2025-03-28 17:00:00-07:00,2025-03-28 12:16:40.079074+00:00,0.33,2025-03-28 05:16:40.079074-07:00
KXPRESVISIT-26-UKR,2025-03-29 00:00:00+00:00,2025_03_28_close_1700_PT,2025-03-28 17:00:00-07:00,2025-03-28 08:10:29.083693+00:00,0.17,2025-03-28 01:10:29.083693-07:00
KXSECSTATEVISIT-26-RUS,2025-03-29 00:00:00+00:00,2025_03_28_close_1700_PT,2025-03-28 17:00:00-07:00,2025-03-25 16:20:45.410297+00:00,0.71,2025-03-25 09:20:45.410297-07:00
KXUKRAINERESIGN-26,2025-03-29 00:00:00+00:00,2025_03_28_close_1700_PT,2025-03-28 17:00:00-07:00,2025-03-28 21:19:19.204485+00:00,0.21,2025-03-28 14:19:19.204485-07:00
KXUKRIMPEACH-26,2025-03-29 00:00:00+00:00,2025_03_28_close_1700_PT,2025-03-28 17:00:00-07:00,2025-03-28 22:45:12.749912+00:00,0.14,2025-03-28 15:45:12.749912-07:00
KXUSAMBNATO-25-APR,2025-03-29 00:00:00+00:00,2025_03_28_close_1700_PT,2025-03-28 17:00:00-07:00,2025-03-28 17:54:40.824274+00:00,0.31,2025-03-28 10:54:40.824274-07:00
KXUSAMBNATO-25-DEC,2025-03-29 00:00:00+00:00,2025_03_28_close_1700_PT,2025-03-28 17:00:00-07:00,,,
KXUSAMBNATO-25-JUL,2025-03-29 00:00:00+00:00,2025_03_28_close_1700_PT,2025-03-28 17:00:00-07:00,,,
KXUSAMBNATO-25-JUN,2025-03-29 00:00:00+00:00,2025_03_28_close_1700_PT,2025-03-28 17:00:00-07:00,,,
KXUSAMBNATO-25-MAY,2025-03-29 00:00:00+00:00,2025_03_28_close_1700_PT,2025-03-28 17:00:00-07:00,2025-03-27 17:29:30.133343+00:00,0.97,2025-03-27 10:29:30.133343-07:00
KXWHVISIT-25-VP,2025-03-29 00:00:00+00:00,2025_03_28_close_1700_PT,2025-03-28 17:00:00-07:00,2025-03-27 21:46:38.396183+00:00,0.01,2025-03-27 14:46:38.396183-07:00
KXWLEADER-25-VP,2025-03-29 00:00:00+00:00,2025_03_28_close_1700_PT,2025-03-28 17:00:00-07:00,2025-03-28 16:01:53.133699+00:00,0.84,2025-03-28 09:01:53.133699-07:00
KXWLEADERUKR-25MAR-VZEL,2025-03-29 00:00:00+00:00,2025_03_28_close_1700_PT,2025-03-28 17:00:00-07:00,2025-03-28 19:34:23.002880+00:00,0.01,2025-03-28 12:34:23.002880-07:00
KXELECTUKRAINE-26,2025-03-29 12:00:00+00:00,2025_03_29_open_0500_PT,2025-03-29 05:00:00-07:00,2025-03-29 06:09:00.109158+00:00,0.42,2025-03-28 23:09:00.109158-07:00
KXFRIDMAN-26JAN01-VP,2025-03-29 12:00:00+00:00,2025_03_29_open_0500_PT,2025-03-29 05:00:00-07:00,2025-03-24 13:42:39.480108+00:00,0.27,2025-03-24 06:42:39.480108-07:00
KXGOVTRECOGSYRIA-25-RU,2025-03-29 12:00:00+00:00,2025_03_29_open_0500_PT,2025-03-29 05:00:00-07:00,2025-03-28 16:50:38.626863+00:00,0.11,2025-03-28 09:50:38.626863-07:00
KXMARALAGO-26-VZ,2025-03-29 12:00:00+00:00,2025_03_29_open_0500_PT,2025-03-29 05:00:00-07:00,2025-03-28 16:38:37.742115+00:00,0.12,2025-03-28 09:38:37.742115-07:00
KXMOONMAN-31-R,2025-03-29 12:00:00+00:00,2025_03_29_open_0500_PT,2025-03-29 05:00:00-07:00,2025-03-28 12:27:09.813063+00:00,0.01,2025-03-28 05:27:09.813063-07:00
KXNOBELPEACE-25-VZEL,2025-03-29 12:00:00+00:00,2025_03_29_open_0500_PT,2025-03-29 05:00:00-07:00,2025-03-29 10:48:30.507181+00:00,0.16,2025-03-29 03:48:30.507181-07:00
KXPRESVISIT-26-RU,2025-03-29 12:00:00+00:00,2025_03_29_open_0500_PT,2025-03-29 05:00:00-07:00,2025-03-28 12:16:40.079074+00:00,0.33,2025-03-28 05:16:40.079074-07:00
KXPRESVISIT-26-UKR,2025-03-29 12:00:00+00:00,2025_03_29_open_0500_PT,2025-03-29 05:00:00-07:00,2025-03-28 08:10:29.083693+00:00,0.17,2025-03-28 01:10:29.083693-07:00
KXSECSTATEVISIT-26-RUS,2025-03-29 12:00:00+00:00,2025_03_29_open_0500_PT,2025-03-29 05:00:00-07:00,2025-03-25 16:20:45.410297+00:00,0.71,2025-03-25 09:20:45.410297-07:00
KXUKRAINERESIGN-26,2025-03-29 12:00:00+00:00,2025_03_29_open_0500_PT,2025-03-29 05:00:00-07:00,2025-03-29 10:38:59.023592+00:00,0.22,2025-03-29 03:38:59.023592-07:00
KXUKRIMPEACH-26,2025-03-29 12:00:00+00:00,2025_03_29_open_0500_PT,2025-03-29 05:00:00-07:00,2025-03-28 22:45:12.749912+00:00,0.14,2025-03-28 15:45:12.749912-07:00
KXUSAMBNATO-25-APR,2025-03-29 12:00:00+00:00,2025_03_29_open_0500_PT,2025-03-29 05:00:00-07:00,2025-03-28 17:54:40.824274+00:00,0.31,2025-03-28 10:54:40.824274-07:00
KXUSAMBNATO-25-DEC,2025-03-29 12:00:00+00:00,2025_03_29_open_0500_PT,2025-03-29 05:00:00-07:00,,,
KXUSAMBNATO-25-JUL,2025-03-29 12:00:00+00:00,2025_03_29_open_0500_PT,2025-03-29 05:00:00-07:00,,,
KXUSAMBNATO-25-JUN,2025-03-29 12:00:00+00:00,2025_03_29_open_0500_PT,2025-03-29 05:00:00-07:00,,,
KXUSAMBNATO-25-MAY,2025-03-29 12:00:00+00:00,2025_03_29_open_0500_PT,2025-03-29 05:00:00-07:00,2025-03-27 17:29:30.133343+00:00,0.97,2025-03-27 10:29:30.133343-07:00
KXWHVISIT-25-VP,2025-03-29 12:00:00+00:00,2025_03_29_open_0500_PT,2025-03-29 05:00:00-07:00,2025-03-27 21:46:38.396183+00:00,0.01,2025-03-27 14:46:38.396183-07:00
KXWLEADER-25-VP,2025-03-29 12:00:00+00:00,2025_03_29_open_0500_PT,2025-03-29 05:00:00-07:00,2025-03-28 16:01:53.133699+00:00,0.84,2025-03-28 09:01:53.133699-07:00
KXWLEADERUKR-25MAR-VZEL,2025-03-29 12:00:00+00:00,2025_03_29_open_0500_PT,2025-03-29 05:00:00-07:00,2025-03-29 11:58:54.960254+00:00,0.01,2025-03-29 04:58:54.960254-07:00
KXELECTUKRAINE-26,2025-03-30 00:00:00+00:00,2025_03_29_close_1700_PT,2025-03-29 17:00:00-07:00,2025-03-29 06:09:00.109158+00:00,0.42,2025-03-28 23:09:00.109158-07:00
KXFRIDMAN-26JAN01-VP,2025-03-30 00:00:00+00:00,2025_03_29_close_1700_PT,2025-03-29 17:00:00-07:00,2025-03-24 13:42:39.480108+00:00,0.27,2025-03-24 06:42:39.480108-07:00
KXGOVTRECOGSYRIA-25-RU,2025-03-30 00:00:00+00:00,2025_03_29_close_1700_PT,2025-03-29 17:00:00-07:00,2025-03-29 21:06:02.792663+00:00,0.04,2025-03-29 14:06:02.792663-07:00
KXMARALAGO-26-VZ,2025-03-30 00:00:00+00:00,2025_03_29_close_1700_PT,2025-03-29 17:00:00-07:00,2025-03-28 16:38:37.742115+00:00,0.12,2025-03-28 09:38:37.742115-07:00
KXMOONMAN-31-R,2025-03-30 00:00:00+00:00,2025_03_29_close_1700_PT,2025-03-29 17:00:00-07:00,2025-03-28 12:27:09.813063+00:00,0.01,2025-03-28 05:27:09.813063-07:00
KXNOBELPEACE-25-VZEL,2025-03-30 00:00:00+00:00,2025_03_29_close_1700_PT,2025-03-29 17:00:00-07:00,2025-03-29 18:58:24.092317+00:00,0.2,2025-03-29 11:58:24.092317-07:00
KXPRESVISIT-26-RU,2025-03-30 00:00:00+00:00,2025_03_29_close_1700_PT,2025-03-29 17:00:00-07:00,2025-03-29 17:15:55.737172+00:00,0.29,2025-03-29 10:15:55.737172-07:00
KXPRESVISIT-26-UKR,2025-03-30 00:00:00+00:00,2025_03_29_close_1700_PT,2025-03-29 17:00:00-07:00,2025-03-28 08:10:29.083693+00:00,0.17,2025-03-28 01:10:29.083693-07:00
KXSECSTATEVISIT-26-RUS,2025-03-30 00:00:00+00:00,2025_03_29_close_1700_PT,2025-03-29 17:00:00-07:00,2025-03-25 16:20:45.410297+00:00,0.71,2025-03-25 09:20:45.410297-07:00
KXUKRAINERESIGN-26,2025-03-30 00:00:00+00:00,2025_03_29_close_1700_PT,2025-03-29 17:00:00-07:00,2025-03-29 22:01:02.186763+00:00,0.23,2025-03-29 15:01:02.186763-07:00
KXUKRIMPEACH-26,2025-03-30 00:00:00+00:00,2025_03_29_close_1700_PT,2025-03-29 17:00:00-07:00,2025-03-29 20:07:11.506496+00:00,0.14,2025-03-29 13:07:11.506496-07:00
KXUSAMBNATO-25-APR,2025-03-30 00:00:00+00:00,2025_03_29_close_1700_PT,2025-03-29 17:00:00-07:00,2025-03-29 20:52:26.106964+00:00,0.38,2025-03-29 13:52:26.106964-07:00
KXUSAMBNATO-25-DEC,2025-03-30 00:00:00+00:00,2025_03_29_close_1700_PT,2025-03-29 17:00:00-07:00,,,
KXUSAMBNATO-25-JUL,2025-03-30 00:00:00+00:00,2025_03_29_close_1700_PT,2025-03-29 17:00:00-07:00,,,
KXUSAMBNATO-25-JUN,2025-03-30 00:00:00+00:00,2025_03_29_close_1700_PT,2025-03-29 17:00:00-07:00,,,
KXUSAMBNATO-25-MAY,2025-03-30 00:00:00+00:00,2025_03_29_close_1700_PT,2025-03-29 17:00:00-07:00,2025-03-27 17:29:30.133343+00:00,0.97,2025-03-27 10:29:30.133343-07:00
KXWHVISIT-25-VP,2025-03-30 00:00:00+00:00,2025_03_29_close_1700_PT,2025-03-29 17:00:00-07:00,2025-03-27 21:46:38.396183+00:00,0.01,2025-03-27 14:46:38.396183-07:00
KXWLEADER-25-VP,2025-03-30 00:00:00+00:00,2025_03_29_close_1700_PT,2025-03-29 17:00:00-07:00,2025-03-28 16:01:53.133699+00:00,0.84,2025-03-28 09:01:53.133699-07:00
KXWLEADERUKR-25MAR-VZEL,2025-03-30 00:00:00+00:00,2025_03_29_close_1700_PT,2025-03-29 17:00:00-07:00,2025-03-29 17:21:37.843788+00:00,0.01,2025-03-29 10:21:37.843788-07:00
KXELECTUKRAINE-26,2025-03-30 12:00:00+00:00,2025_03_30_open_0500_PT,2025-03-30 05:00:00-07:00,2025-03-30 11:21:23.766321+00:00,0.38,2025-03-30 04:21:23.766321-07:00
KXFRIDMAN-26JAN01-VP,2025-03-30 12:00:00+00:00,2025_03_30_open_0500_PT,2025-03-30 05:00:00-07:00,2025-03-24 13:42:39.480108+00:00,0.27,2025-03-24 06:42:39.480108-07:00
KXGOVTRECOGSYRIA-25-RU,2025-03-30 12:00:00+00:00,2025_03_30_open_0500_PT,2025-03-30 05:00:00-07:00,2025-03-30 11:26:15.325560+00:00,0.02,2025-03-30 04:26:15.325560-07:00
KXMARALAGO-26-VZ,2025-03-30 12:00:00+00:00,2025_03_30_open_0500_PT,2025-03-30 05:00:00-07:00,2025-03-28 16:38:37.742115+00:00,0.12,2025-03-28 09:38:37.742115-07:00
KXMOONMAN-31-R,2025-03-30 12:00:00+00:00,2025_03_30_open_0500_PT,2025-03-30 05:00:00-07:00,2025-03-28 12:27:09.813063+00:00,0.01,2025-03-28 05:27:09.813063-07:00
KXNOBELPEACE-25-VZEL,2025-03-30 12:00:00+00:00,2025_03_30_open_0500_PT,2025-03-30 05:00:00-07:00,2025-03-29 18:58:24.092317+00:00,0.2,2025-03-29 11:58:24.092317-07:00
KXPRESVISIT-26-RU,2025-03-30 12:00:00+00:00,2025_03_30_open_0500_PT,2025-03-30 05:00:00-07:00,2025-03-29 17:15:55.737172+00:00,0.29,2025-03-29 10:15:55.737172-07:00
KXPRESVISIT-26-UKR,2025-03-30 12:00:00+00:00,2025_03_30_open_0500_PT,2025-03-30 05:00:00-07:00,2025-03-28 08:10:29.083693+00:00,0.17,2025-03-28 01:10:29.083693-07:00
KXSECSTATEVISIT-26-RUS,2025-03-30 12:00:00+00:00,2025_03_30_open_0500_PT,2025-03-30 05:00:00-07:00,2025-03-25 16:20:45.410297+00:00,0.71,2025-03-25 09:20:45.410297-07:00
KXUKRAINERESIGN-26,2025-03-30 12:00:00+00:00,2025_03_30_open_0500_PT,2025-03-30 05:00:00-07:00,2025-03-30 10:30:04.328045+00:00,0.18,2025-03-30 03:30:04.328045-07:00
KXUKRIMPEACH-26,2025-03-30 12:00:00+00:00,2025_03_30_open_0500_PT,2025-03-30 05:00:00-07:00,2025-03-29 20:07:11.506496+00:00,0.14,2025-03-29 13:07:11.506496-07:00
KXUSAMBNATO-25-APR,2025-03-30 12:00:00+00:00,2025_03_30_open_0500_PT,2025-03-30 05:00:00-07:00,2025-03-30 09:21:30.643624+00:00,0.38,2025-03-30 02:21:30.643624-07:00
KXUSAMBNATO-25-DEC,2025-03-30 12:00:00+00:00,2025_03_30_open_0500_PT,2025-03-30 05:00:00-07:00,,,
KXUSAMBNATO-25-JUL,2025-03-30 12:00:00+00:00,2025_03_30_open_0500_PT,2025-03-30 05:00:00-07:00,,,
KXUSAMBNATO-25-JUN,2025-03-30 12:00:00+00:00,2025_03_30_open_0500_PT,2025-03-30 05:00:00-07:00,,,
KXUSAMBNATO-25-MAY,2025-03-30 12:00:00+00:00,2025_03_30_open_0500_PT,2025-03-30 05:00:00-07:00,2025-03-30 09:22:39.405215+00:00,0.96,2025-03-30 02:22:39.405215-07:00
KXWHVISIT-25-VP,2025-03-30 12:00:00+00:00,2025_03_30_open_0500_PT,2025-03-30 05:00:00-07:00,2025-03-27 21:46:38.396183+00:00,0.01,2025-03-27 14:46:38.396183-07:00
KXWLEADER-25-VP,2025-03-30 12:00:00+00:00,2025_03_30_open_0500_PT,2025-03-30 05:00:00-07:00,2025-03-30 11:18:08.267774+00:00,0.75,2025-03-30 04:18:08.267774-07:00
KXWLEADERUKR-25MAR-VZEL,2025-03-30 12:00:00+00:00,2025_03_30_open_0500_PT,2025-03-30 05:00:00-07:00,2025-03-30 10:26:28.299134+00:00,0.01,2025-03-30 03:26:28.299134-07:00
KXELECTUKRAINE-26,2025-03-31 00:00:00+00:00,2025_03_30_close_1700_PT,2025-03-30 17:00:00-07:00,2025-03-30 11:21:23.766321+00:00,0.38,2025-03-30 04:21:23.766321-07:00
KXFRIDMAN-26JAN01-VP,2025-03-31 00:00:00+00:00,2025_03_30_close_1700_PT,2025-03-30 17:00:00-07:00,2025-03-24 13:42:39.480108+00:00,0.27,2025-03-24 06:42:39.480108-07:00
KXGOVTRECOGSYRIA-25-RU,2025-03-31 00:00:00+00:00,2025_03_30_close_1700_PT,2025-03-30 17:00:00-07:00,2025-03-30 22:43:25.935077+00:00,0.06,2025-03-30 15:43:25.935077-07:00
KXMARALAGO-26-VZ,2025-03-31 00:00:00+00:00,2025_03_30_close_1700_PT,2025-03-30 17:00:00-07:00,2025-03-28 16:38:37.742115+00:00,0.12,2025-03-28 09:38:37.742115-07:00
KXMOONMAN-31-R,2025-03-31 00:00:00+00:00,2025_03_30_close_1700_PT,2025-03-30 17:00:00-07:00,2025-03-28 12:27:09.813063+00:00,0.01,2025-03-28 05:27:09.813063-07:00
KXNOBELPEACE-25-VZEL,2025-03-31 00:00:00+00:00,2025_03_30_close_1700_PT,2025-03-30 17:00:00-07:00,2025-03-30 19:56:36.510279+00:00,0.16,2025-03-30 12:56:36.510279-07:00
KXPRESVISIT-26-RU,2025-03-31 00:00:00+00:00,2025_03_30_close_1700_PT,2025-03-30 17:00:00-07:00,2025-03-30 20:56:04.458829+00:00,0.3,2025-03-30 13:56:04.458829-07:00
KXPRESVISIT-26-UKR,2025-03-31 00:00:00+00:00,2025_03_30_close_1700_PT,2025-03-30 17:00:00-07:00,2025-03-28 08:10:29.083693+00:00,0.17,2025-03-28 01:10:29.083693-07:00
KXSECSTATEVISIT-26-RUS,2025-03-31 00:00:00+00:00,2025_03_30_close_1700_PT,2025-03-30 17:00:00-07:00,2025-03-25 16:20:45.410297+00:00,0.71,2025-03-25 09:20:45.410297-07:00
KXUKRAINERESIGN-26,2025-03-31 00:00:00+00:00,2025_03_30_close_1700_PT,2025-03-30 17:00:00-07:00,2025-03-30 19:35:04.780803+00:00,0.23,2025-03-30 12:35:04.780803-07:00
KXUKRIMPEACH-26,2025-03-31 00:00:00+00:00,2025_03_30_close_1700_PT,2025-03-30 17:00:00-07:00,2025-03-29 20:07:11.506496+00:00,0.14,2025-03-29 13:07:11.506496-07:00
KXUSAMBNATO-25-APR,2025-03-31 00:00:00+00:00,2025_03_30_close_1700_PT,2025-03-30 17:00:00-07:00,2025-03-30 09:21:30.643624+00:00,0.38,2025-03-30 02:21:30.643624-07:00
KXUSAMBNATO-25-DEC,2025-03-31 00:00:00+00:00,2025_03_30_close_1700_PT,2025-03-30 17:00:00-07:00,,,
KXUSAMBNATO-25-JUL,2025-03-31 00:00:00+00:00,2025_03_30_close_1700_PT,2025-03-30 17:00:00-07:00,,,
KXUSAMBNATO-25-JUN,2025-03-31 00:00:00+00:00,2025_03_30_close_1700_PT,2025-03-30 17:00:00-07:00,,,
KXUSAMBNATO-25-MAY,2025-03-31 00:00:00+00:00,2025_03_30_close_1700_PT,2025-03-30 17:00:00-07:00,2025-03-30 12:44:57.656587+00:00,0.95,2025-03-30 05:44:57.656587-07:00
KXWHVISIT-25-VP,2025-03-31 00:00:00+00:00,2025_03_30_close_1700_PT,2025-03-30 17:00:00-07:00,2025-03-27 21:46:38.396183+00:00,0.01,2025-03-27 14:46:38.396183-07:00
KXWLEADER-25-VP,2025-03-31 00:00:00+00:00,2025_03_30_close_1700_PT,2025-03-30 17:00:00-07:00,2025-03-30 19:27:09.945884+00:00,0.75,2025-03-30 12:27:09.945884-07:00
KXWLEADERUKR-25MAR-VZEL,2025-03-31 00:00:00+00:00,2025_03_30_close_1700_PT,2025-03-30 17:00:00-07:00,2025-03-30 22:13:56.637483+00:00,0.01,2025-03-30 15:13:56.637483-07:00
KXELECTUKRAINE-26,2025-03-31 12:00:00+00:00,2025_03_31_open_0500_PT,2025-03-31 05:00:00-07:00,2025-03-30 11:21:23.766321+00:00,0.38,2025-03-30 04:21:23.766321-07:00
KXFRIDMAN-26JAN01-VP,2025-03-31 12:00:00+00:00,2025_03_31_open_0500_PT,2025-03-31 05:00:00-07:00,2025-03-24 13:42:39.480108+00:00,0.27,2025-03-24 06:42:39.480108-07:00
KXGOVTRECOGSYRIA-25-RU,2025-03-31 12:00:00+00:00,2025_03_31_open_0500_PT,2025-03-31 05:00:00-07:00,2025-03-31 11:53:20.012293+00:00,0.18,2025-03-31 04:53:20.012293-07:00
KXMARALAGO-26-VZ,2025-03-31 12:00:00+00:00,2025_03_31_open_0500_PT,2025-03-31 05:00:00-07:00,2025-03-28 16:38:37.742115+00:00,0.12,2025-03-28 09:38:37.742115-07:00
KXMOONMAN-31-R,2025-03-31 12:00:00+00:00,2025_03_31_open_0500_PT,2025-03-31 05:00:00-07:00,2025-03-28 12:27:09.813063+00:00,0.01,2025-03-28 05:27:09.813063-07:00
KXNOBELPEACE-25-VZEL,2025-03-31 12:00:00+00:00,2025_03_31_open_0500_PT,2025-03-31 05:00:00-07:00,2025-03-30 19:56:36.510279+00:00,0.16,2025-03-30 12:56:36.510279-07:00
KXPRESVISIT-26-RU,2025-03-31 12:00:00+00:00,2025_03_31_open_0500_PT,2025-03-31 05:00:00-07:00,2025-03-30 20:56:04.458829+00:00,0.3,2025-03-30 13:56:04.458829-07:00
KXPRESVISIT-26-UKR,2025-03-31 12:00:00+00:00,2025_03_31_open_0500_PT,2025-03-31 05:00:00-07:00,2025-03-28 08:10:29.083693+00:00,0.17,2025-03-28 01:10:29.083693-07:00
KXSECSTATEVISIT-26-RUS,2025-03-31 12:00:00+00:00,2025_03_31_open_0500_PT,2025-03-31 05:00:00-07:00,2025-03-25 16:20:45.410297+00:00,0.71,2025-03-25 09:20:45.410297-07:00
KXUKRAINERESIGN-26,2025-03-31 12:00:00+00:00,2025_03_31_open_0500_PT,2025-03-31 05:00:00-07:00,2025-03-30 19:35:04.780803+00:00,0.23,2025-03-30 12:35:04.780803-07:00
KXUKRIMPEACH-26,2025-03-31 12:00:00+00:00,2025_03_31_open_0500_PT,2025-03-31 05:00:00-07:00,2025-03-29 20:07:11.506496+00:00,0.14,2025-03-29 13:07:11.506496-07:00
KXUSAMBNATO-25-APR,2025-03-31 12:00:00+00:00,2025_03_31_open_0500_PT,2025-03-31 05:00:00-07:00,2025-03-30 09:21:30.643624+00:00,0.38,2025-03-30 02:21:30.643624-07:00
KXUSAMBNATO-25-DEC,2025-03-31 12:00:00+00:00,2025_03_31_open_0500_PT,2025-03-31 05:00:00-07:00,,,
KXUSAMBNATO-25-JUL,2025-03-31 12:00:00+00:00,2025_03_31_open_0500_PT,2025-03-31 05:00:00-07:00,,,
KXUSAMBNATO-25-JUN,2025-03-31 12:00:00+00:00,2025_03_31_open_0500_PT,2025-03-31 05:00:00-07:00,,,
KXUSAMBNATO-25-MAY,2025-03-31 12:00:00+00:00,2025_03_31_open_0500_PT,2025-03-31 05:00:00-07:00,2025-03-30 12:44:57.656587+00:00,0.95,2025-03-30 05:44:57.656587-07:00
KXWHVISIT-25-VP,2025-03-31 12:00:00+00:00,2025_03_31_open_0500_PT,2025-03-31 05:00:00-07:00,2025-03-27 21:46:38.396183+00:00,0.01,2025-03-27 14:46:38.396183-07:00
KXWLEADER-25-VP,2025-03-31 12:00:00+00:00,2025_03_31_open_0500_PT,2025-03-31 05:00:00-07:00,2025-03-30 19:27:09.945884+00:00,0.75,2025-03-30 12:27:09.945884-07:00
KXWLEADERUKR-25MAR-VZEL,2025-03-31 12:00:00+00:00,2025_03_31_open_0500_PT,2025-03-31 05:00:00-07:00,2025-03-30 22:13:56.637483+00:00,0.01,2025-03-30 15:13:56.637483-07:00
KXELECTUKRAINE-26,2025-04-01 00:00:00+00:00,2025_03_31_close_1700_PT,2025-03-31 17:00:00-07:00,2025-03-31 18:01:54.643223+00:00,0.4,2025-03-31 11:01:54.643223-07:00
KXFRIDMAN-26JAN01-VP,2025-04-01 00:00:00+00:00,2025_03_31_close_1700_PT,2025-03-31 17:00:00-07:00,2025-03-24 13:42:39.480108+00:00,0.27,2025-03-24 06:42:39.480108-07:00
KXGOVTRECOGSYRIA-25-RU,2025-04-01 00:00:00+00:00,2025_03_31_close_1700_PT,2025-03-31 17:00:00-07:00,2025-03-31 23:55:01.559927+00:00,0.31,2025-03-31 16:55:01.559927-07:00
KXMARALAGO-26-VZ,2025-04-01 00:00:00+00:00,2025_03_31_close_1700_PT,2025-03-31 17:00:00-07:00,2025-03-28 16:38:37.742115+00:00,0.12,2025-03-28 09:38:37.742115-07:00
KXMOONMAN-31-R,2025-04-01 00:00:00+00:00,2025_03_31_close_1700_PT,2025-03-31 17:00:00-07:00,2025-03-28 12:27:09.813063+00:00,0.01,2025-03-28 05:27:09.813063-07:00
KXNOBELPEACE-25-VZEL,2025-04-01 00:00:00+00:00,2025_03_31_close_1700_PT,2025-03-31 17:00:00-07:00,2025-03-31 14:29:41.092396+00:00,0.19,2025-03-31 07:29:41.092396-07:00
KXPRESVISIT-26-RU,2025-04-01 00:00:00+00:00,2025_03_31_close_1700_PT,2025-03-31 17:00:00-07:00,2025-03-31 16:53:00.362681+00:00,0.31,2025-03-31 09:53:00.362681-07:00
KXPRESVISIT-26-UKR,2025-04-01 00:00:00+00:00,2025_03_31_close_1700_PT,2025-03-31 17:00:00-07:00,2025-03-28 08:10:29.083693+00:00,0.17,2025-03-28 01:10:29.083693-07:00
KXSECSTATEVISIT-26-RUS,2025-04-01 00:00:00+00:00,2025_03_31_close_1700_PT,2025-03-31 17:00:00-07:00,2025-03-31 14:18:06.847100+00:00,0.71,2025-03-31 07:18:06.847100-07:00
KXUKRAINERESIGN-26,2025-04-01 00:00:00+00:00,2025_03_31_close_1700_PT,2025-03-31 17:00:00-07:00,2025-03-31 23:41:47.007182+00:00,0.23,2025-03-31 16:41:47.007182-07:00
KXUKRIMPEACH-26,2025-04-01 00:00:00+00:00,2025_03_31_close_1700_PT,2025-03-31 17:00:00-07:00,2025-03-31 23:43:09.909097+00:00,0.14,2025-03-31 16:43:09.909097-07:00
KXUSAMBNATO-25-APR,2025-04-01 00:00:00+00:00,2025_03_31_close_1700_PT,2025-03-31 17:00:00-07:00,2025-03-31 21:46:49.021917+00:00,0.02,2025-03-31 14:46:49.021917-07:00
KXUSAMBNATO-25-DEC,2025-04-01 00:00:00+00:00,2025_03_31_close_1700_PT,2025-03-31 17:00:00-07:00,,,
KXUSAMBNATO-25-JUL,2025-04-01 00:00:00+00:00,2025_03_31_close_1700_PT,2025-03-31 17:00:00-07:00,,,
KXUSAMBNATO-25-JUN,2025-04-01 00:00:00+00:00,2025_03_31_close_1700_PT,2025-03-31 17:00:00-07:00,,,
KXUSAMBNATO-25-MAY,2025-04-01 00:00:00+00:00,2025_03_31_close_1700_PT,2025-03-31 17:00:00-07:00,2025-03-31 15:27:39.873328+00:00,0.95,2025-03-31 08:27:39.873328-07:00
KXWHVISIT-25-VP,2025-04-01 00:00:00+00:00,2025_03_31_close_1700_PT,2025-03-31 17:00:00-07:00,2025-03-27 21:46:38.396183+00:00,0.01,2025-03-27 14:46:38.396183-07:00
KXWLEADER-25-VP,2025-04-01 00:00:00+00:00,2025_03_31_close_1700_PT,2025-03-31 17:00:00-07:00,2025-03-31 23:41:35.669583+00:00,0.83,2025-03-31 16:41:35.669583-07:00
KXWLEADERUKR-25MAR-VZEL,2025-04-01 00:00:00+00:00,2025_03_31_close_1700_PT,2025-03-31 17:00:00-07:00,2025-03-30 22:13:56.637483+00:00,0.01,2025-03-30 15:13:56.637483-07:00
