id,condition_id,question,slug,outcomes,outcome_prices,clob_token_ids,volume,liquidity,active,closed,end_date,created_at,market_maker_address,_fetched_at,created_ts,end_ts,search_text
507311,0x9de98a4e1f5736ced9bdb199025024b77c1a0df3927c651b4e60a33fb4289695,Will Shakhtar Donetsk win the UEFA Champions League?,will-shakhtar-donetsk-win-the-uefa-champions-league,"[""Yes"", ""No""]","[""0"", ""1""]","[""102006319303460238827563664446951754516041393632850360444322469125777577388771"", ""109788973099970019996072517823266794542154906066004680247007602517078576240900""]",25469002.1878365,0.0,True,True,2025-05-31 05:00:00-07:00,2024-09-17 10:36:10.084639-07:00,,2026-02-03 22:24:51.047724,2024-09-17 10:36:10.084639,2025-05-31 05:00:00,will shakhtar donetsk win the uefa champions league? will-shakhtar-donetsk-win-the-uefa-champions-league
507984,0xfca3e637b1b126a59dd2aac2ca89d501f30c0aacb5dbf9b7b5f1d2c18ca00a55,Will Dynamo Kyiv win the UEFA Europa League?,will-dynamo-kyiv-win-the-uefa-europa-league,"[""Yes"", ""No""]","[""0"", ""1""]","[""50284187941943469569202009194355917949339120733469101749033950310686959468007"", ""68914504833157616843053838732988841773228477730246651549660144444755511574372""]",6108207.296014,0.0,True,True,2025-05-21 05:00:00-07:00,2024-09-24 12:11:29.177343-07:00,,2026-02-03 22:24:51.766480,2024-09-24 12:11:29.177343,2025-05-21 05:00:00,will dynamo kyiv win the uefa europa league? will-dynamo-kyiv-win-the-uefa-europa-league
510319,0xa5ac4cdcfff44ddfb0d332d33575f766414465786fb7d4350782db40d5e9da11,Trump ends Ukraine war in first 90 days?,trump-wins-ends-ukraine-war-in-90-days,"[""Yes"", ""No""]","[""0"", ""1""]","[""84888738552927367074645370589243532246434846262240067551074642775011167355434"", ""86857783363775257860227917708309268561005168570896999677788731255030014967896""]",56491984.2956951,0.0,True,True,2025-04-20 05:00:00-07:00,2024-10-21 11:09:12.014074-07:00,,2026-02-03 22:24:53.275733,2024-10-21 11:09:12.014074,2025-04-20 05:00:00,trump ends ukraine war in first 90 days? trump-wins-ends-ukraine-war-in-90-days
514344,0x5b2691a691ece9066c2b855815e6c8784011833b17d85c65976dc7494b18e002,Will Russia abandon Syrian naval base before April?,will-russia-abandon-syrian-naval-base-before-april-2025,"[""Yes"", ""No""]","[""0"", ""1""]","[""79681138582996578936112424473443297360371347707818627875085391658883171031838"", ""53279921463912303011183231786053847969513342357500913433354375476610025018036""]",2431621.702986,0.0,True,True,2025-03-31 05:00:00-07:00,2024-12-01 09:00:48.764766-08:00,,2026-02-03 22:24:57.448186,2024-12-01 09:00:48.764766,2025-03-31 05:00:00,will russia abandon syrian naval base before april? will-russia-abandon-syrian-naval-base-before-april-2025
514345,0x4fccc0dcb625ea55ff1ca0409bb44fe1952c04bc16cf5255002ceb2cc3791888,Will Russia pull out of Syria before April 2025?,will-russia-pull-out-of-syria,"[""Yes"", ""No""]","[""0"", ""1""]","[""73432865330187359615116518915785578019135296136481914503949203524570605991453"", ""95732005218605204659761731676088213753900421681409627563811250980684322062216""]",736775.609243,0.0,True,True,2025-03-31 05:00:00-07:00,2024-12-01 09:06:14.413039-08:00,,2026-02-03 22:24:57.448186,2024-12-01 09:06:14.413039,2025-03-31 05:00:00,will russia pull out of syria before april 2025? will-russia-pull-out-of-syria
515428,0x0828fb562474c6c4647fb3471db0e85ce5c1f65c0765817ebd456b85aa306ba2,Will Russia recognize Syrian government by March 31?,will-russia-recognize-syrian-government-by-march-31,"[""Yes"", ""No""]","[""1"", ""0""]","[""40451307696519568366199028857248155148021305424168844087204231770158762576473"", ""6428439179431444295846174959551998119011843862016004485269280245534621846576""]",219520.737802,0.0,True,True,2025-03-31 05:00:00-07:00,2024-12-11 13:43:25.007768-08:00,,2026-02-03 22:24:58.405799,2024-12-11 13:43:25.007768,2025-03-31 05:00:00,will russia recognize syrian government by march 31? will-russia-recognize-syrian-government-by-march-31
516143,0x4cfe8afc969fc85f4aa92ef01e8c82b84f773ea1cdf198d694ef9da1155393eb,Will Putin meet with Trump in first 100 days?,will-putin-meet-with-trump-by-first-100-days,"[""Yes"", ""No""]","[""0"", ""1""]","[""25742247876332768458781360292043764039507900813404980298479194684402595556451"", ""95786924372760057572092804419385993470890190892343223404877167501659835222533""]",6796181.626846,0.0,True,True,2025-04-29 05:00:00-07:00,2024-12-20 10:24:41.141666-08:00,,2026-02-03 22:24:58.949138,2024-12-20 10:24:41.141666,2025-04-29 05:00:00,will putin meet with trump in first 100 days? will-putin-meet-with-trump-by-first-100-days
516187,0x73b046b7970a1780f1d7a0cacf73413325911dd87cdc5b63cfdc27496110fb1b,Will Turkey leave NATO by June 30?,will-turkey-leave-nato-by-june-30,"[""Yes"", ""No""]","[""0"", ""1""]","[""56333219586489855674685549932194420713208928308331628771337419037140355178076"", ""76896069667756716472035601301016783496873889454464161011234150458037478069918""]",65478.635547,0.0,True,True,2025-06-30 05:00:00-07:00,2024-12-20 14:37:35.317833-08:00,,2026-02-03 22:24:58.949138,2024-12-20 14:37:35.317833,2025-06-30 05:00:00,will turkey leave nato by june 30? will-turkey-leave-nato-by-june-30
516189,0x98f8c3c5ce0af4b45b30b1323e132f1f430cea4df5de4089dade2e23082e1743,Will Ukraine join NATO before July?,will-ukraine-join-nato-before-july,"[""Yes"", ""No""]","[""0"", ""1""]","[""71685983838843709915160975671540060908877886707703474939962098991499689519711"", ""25301545985889508293321782755434072371936771538975200674445139222395623272851""]",148817.631713,0.0,True,True,2025-06-30 05:00:00-07:00,2024-12-20 14:56:49.481643-08:00,,2026-02-03 22:24:58.949138,2024-12-20 14:56:49.481643,2025-06-30 05:00:00,will ukraine join nato before july? will-ukraine-join-nato-before-july
516190,0x4b1470a1d83fe0e9e5e7edfd68ca0517fdd1386e412d2203d27a5c2832ed60c1,Will Putin remain President of Russia through June?,will-putin-remain-president-of-russia-through-june-2025,"[""Yes"", ""No""]","[""1"", ""0""]","[""83080252071092689902932666850490074811760131055025811650818073654402601835484"", ""27706044619360761256387697290478189707563660684659877077148428665563431908215""]",1098391.834422,0.0,True,True,2025-06-30 05:00:00-07:00,2024-12-20 15:16:42.922838-08:00,,2026-02-03 22:24:58.949138,2024-12-20 15:16:42.922838,2025-06-30 05:00:00,will putin remain president of russia through june? will-putin-remain-president-of-russia-through-june-2025
516315,0xa07f15fdd0baa90adf78bd4d66543083334a7e5235a95fa5f241c4e519ea83f6,Will US leave NATO by June 30?,will-us-leave-nato-by-june-30,"[""Yes"", ""No""]","[""0"", ""1""]","[""9252583647094848244431316973245869222379640287360099162283052699401101960353"", ""112686805416681376426848642516954883318316273962669944235801308401883591913314""]",622057.522977,0.0,True,True,2025-06-30 05:00:00-07:00,2024-12-23 08:00:13.432307-08:00,,2026-02-03 22:24:58.949138,2024-12-23 08:00:13.432307,2025-06-30 05:00:00,will us leave nato by june 30? will-us-leave-nato-by-june-30
516715,0x9bacdaac65cbe257e96e58daf343c56879ea9003bdaed7cdb8cfcd1a82121d3a,Ukraine joins NATO in 2025?,ukraine-joins-nato-in-2025,"[""Yes"", ""No""]","[""0"", ""1""]","[""5802460671946751538636185453975614627729230853286731735057811449821051691611"", ""104795148936930645520469554178353538587130154145659561962269514319642274480768""]",245327.51675,0.0,True,True,2025-12-31 04:00:00-08:00,2024-12-29 10:45:23.330261-08:00,,2026-02-03 22:24:59.475633,2024-12-29 10:45:23.330261,2025-12-31 04:00:00,ukraine joins nato in 2025? ukraine-joins-nato-in-2025
516719,0x8ee2f1640386310eb5e7ffa596ba9335f2d324e303d21b0dfea6998874445791,Russia x Ukraine ceasefire in 2025?,russia-x-ukraine-ceasefire-in-2025,"[""Yes"", ""No""]","[""0"", ""1""]","[""15974786252393396629980467963784550802583781222733347534844974829144359265969"", ""42351579455604873042957090441032286075880144797259231030267680078160718556927""]",73752993.267722,0.0,True,True,2025-12-31 04:00:00-08:00,2024-12-29 10:47:35.140745-08:00,,2026-02-03 22:24:59.475633,2024-12-29 10:47:35.140745,2025-12-31 04:00:00,russia x ukraine ceasefire in 2025? russia-x-ukraine-ceasefire-in-2025
517073,0x949052e68f38931266d5d755f89a8cffab18b7837891d018a550457feec2e754,Assad leaves Russia before 2026?,assad-leaves-russia-before-2026,"[""Yes"", ""No""]","[""0"", ""1""]","[""46900460840406661483474634104595482418501684854096906918305683910102403871123"", ""78869803177078589287716771530665317651497156168734051494454473188006845916520""]",61480.487731,0.0,True,True,2025-12-31 04:00:00-08:00,2025-01-02 06:55:56.326639-08:00,,2026-02-03 22:24:59.962244,2025-01-02 06:55:56.326639,2025-12-31 04:00:00,assad leaves russia before 2026? assad-leaves-russia-before-2026
517693,0x60e45f2a5cccd16fd60eda5f96670f946b2281b7ce59595b621eee05de4eda49,Will Russia abandon Syrian naval base before July?,will-russia-abandon-syrian-naval-base-before-april,"[""Yes"", ""No""]","[""0"", ""1""]","[""69226537548379102137110260910766942274764101034650179979960227372969528243604"", ""38028235049989289118991891250017423701902844342596888644757673357241176888913""]",133894.428883,0.0,True,True,2025-06-30 05:00:00-07:00,2025-01-06 13:13:00.580668-08:00,,2026-02-03 22:25:00.562616,2025-01-06 13:13:00.580668,2025-06-30 05:00:00,will russia abandon syrian naval base before july? will-russia-abandon-syrian-naval-base-before-april
518889,0xc0531ca3aa67e9aec21f8265fdacf39f960c24f3faed1a3e5ac9b4613e6fcd98,Will Donald Trump visit Russia in 2025?,will-donald-trump-visit-russia-in-2025,"[""Yes"", ""No""]","[""0"", ""1""]","[""76417393963448037479806799796874747547221511591996743269503725518742470496274"", ""44380686214454472779171256638293817778327849773706779670665516622038269778385""]",986854.873282,0.0,True,True,2025-12-31 04:00:00-08:00,2025-01-16 09:57:52.426541-08:00,,2026-02-03 22:25:01.425468,2025-01-16 09:57:52.426541,2025-12-31 04:00:00,will donald trump visit russia in 2025? will-donald-trump-visit-russia-in-2025
518890,0x08e4a29cfed319d93843bf78a0953f70c203fdc98051bb4a886483b4cc2ceb8a,Will Donald Trump visit Ukraine in 2025?,will-donald-trump-visit-ukraine-in-2025,"[""Yes"", ""No""]","[""0"", ""1""]","[""1820990530457734990844221236379424325571531338274179313320944848555296238885"", ""19787433176606062103363478006507471735790167880416910771642279209812633663344""]",79206.386456,0.0,True,True,2025-12-31 04:00:00-08:00,2025-01-16 09:58:54.179238-08:00,,2026-02-03 22:25:01.425468,2025-01-16 09:58:54.179238,2025-12-31 04:00:00,will donald trump visit ukraine in 2025? will-donald-trump-visit-ukraine-in-2025
519048,0x45dfeb8088ef684004f6da7ab453cb1e7cacb14330b06a4eb7ba556e47201c43,Zelenskyy out as Ukraine president before July?,zelenskyy-out-as-ukraine-president-before-july,"[""Yes"", ""No""]","[""0"", ""1""]","[""74534059827731044353009484655251717921023956616694121520435859117169009979824"", ""76643504232063200802060773779828726415087044269171506931668031354693251545396""]",3541319.915162,0.0,True,True,2025-06-30 05:00:00-07:00,2025-01-17 10:03:25.827092-08:00,,2026-02-03 22:25:01.848960,2025-01-17 10:03:25.827092,2025-06-30 05:00:00,zelenskyy out as ukraine president before july? zelenskyy-out-as-ukraine-president-before-july
519628,0x5412ae25e97078f814157de948459d59c6221b4c4c495fdd57b536543ad36729,Russia x Ukraine ceasefire before July?,russia-x-ukraine-ceasefire-before-july,"[""Yes"", ""No""]","[""0"", ""1""]","[""39327269875426915204597944387916069897800289788920336317845465327697809453999"", ""37946704943888888914227612417452623974614267503719043957094985529354395995926""]",17125742.5248,0.0,True,True,2025-06-30 05:00:00-07:00,2025-01-22 10:49:18.013328-08:00,,2026-02-03 22:25:02.266334,2025-01-22 10:49:18.013328,2025-06-30 05:00:00,russia x ukraine ceasefire before july? russia-x-ukraine-ceasefire-before-july
519711,0x0ff3c9a02e75c984371ca27a0527e66d01f9781f3e0889c8a777c7eabf7e2d27,Fauci extradited to Russia before April?,fauci-extradited-to-russia,"[""Yes"", ""No""]","[""0"", ""1""]","[""111156766687709638910206270286171712912234553400919220719575426074300830941063"", ""32038020886498115639689935645368080848504138940306791528022037832065100851048""]",683822.076241,0.0,True,True,2025-03-31 05:00:00-07:00,2025-01-22 15:31:37.945342-08:00,,2026-02-03 22:25:02.266334,2025-01-22 15:31:37.945342,2025-03-31 05:00:00,fauci extradited to russia before april? fauci-extradited-to-russia
519736,0x9e7a49b1879cbbe71acddda37f20a510dc130a77d35872abf61200d5626b1987,Ukraine lowers conscription age before May 9?,ukraine-lowers-conscrption-age-before-may-9,"[""Yes"", ""No""]","[""0"", ""1""]","[""63894828884807366836211275957245556698359823645556214866812004935138375830618"", ""108331518505056537403722461966654684743488871885239753047834907734450664515452""]",206610.641303,0.0,True,True,2025-05-09 05:00:00-07:00,2025-01-23 08:01:15.076734-08:00,,2026-02-03 22:25:02.266334,2025-01-23 08:01:15.076734,2025-05-09 05:00:00,ukraine lowers conscription age before may 9? ukraine-lowers-conscrption-age-before-may-9
519844,0xe8834c7ad3a6f044bd8657185dfdccd74d34e5914c7b7b187cd983224553b3ba,Will Trump meet with Volodymyr Zelenskyy in his first 100 days?,will-trump-meet-with-volodymyr-zelenskyy-in-his-first-100-days,"[""Yes"", ""No""]","[""1"", ""0""]","[""40914113765279699847589045742755525912767460490196542143342551731171071232917"", ""115151921832306680160638545362939767099400757097903129602011054222202727203606""]",541368.592052,0.0,True,True,2025-04-29 05:00:00-07:00,2025-01-23 14:55:08.028755-08:00,,2026-02-03 22:25:02.266334,2025-01-23 14:55:08.028755,2025-04-29 05:00:00,will trump meet with volodymyr zelenskyy in his first 100 days? will-trump-meet-with-volodymyr-zelenskyy-in-his-first-100-days
521017,0x9594bd3e3ccbdba06624e883d13e58fa5c96bbd583ed8ec39ff1925c7122757c,Will Russia capture Pokrovsk by March 31?,will-russia-capture-pokrovsk-by-march-31,"[""Yes"", ""No""]","[""0"", ""1""]","[""63182977171719536185590504061028033371838908242930582322019726404858111508240"", ""105531599127977237704667730489551350974645261772934155298833173301612989078542""]",227697.921172,0.0,True,True,2025-03-31 05:00:00-07:00,2025-01-30 10:26:51.130879-08:00,,2026-02-03 22:25:03.257401,2025-01-30 10:26:51.130879,2025-03-31 05:00:00,will russia capture pokrovsk by march 31? will-russia-capture-pokrovsk-by-march-31
521025,0xb303fceda7906a905f697c1f9eac462da9cd8c9b1a8d18898363437a7be31561,Will Russia capture Pokrovsk by June 30?,will-russia-capture-pokrovsk-by-june-30,"[""Yes"", ""No""]","[""0"", ""1""]","[""50391907985844971368730434370554275352555306650304559981296724287110163889372"", ""28414938735362964078307100001374150957816395319940009652318455849499629150252""]",577005.485231,0.0,True,True,2025-06-30 05:00:00-07:00,2025-01-30 10:39:25.051758-08:00,,2026-02-03 22:25:03.257401,2025-01-30 10:39:25.051758,2025-06-30 05:00:00,will russia capture pokrovsk by june 30? will-russia-capture-pokrovsk-by-june-30
521026,0xd5a64f75a5d7107e53e7c3eaf52865624a0c79ad8c41379faef4285494991326,Will Russia capture Pokrovsk by December 31?,will-russia-capture-pokrovsk-by-december-31-531,"[""Yes"", ""No""]","[""1"", ""0""]","[""49473000926194462184545427213242554383104595845909786504578023251386790224858"", ""23632768753333496327246137884794918423597173479688585307138116345069085580247""]",958806.306985,0.0,True,True,2025-06-30 05:00:00-07:00,2025-01-30 10:40:05.309161-08:00,,2026-02-03 22:25:03.257401,2025-01-30 10:40:05.309161,2025-06-30 05:00:00,will russia capture pokrovsk by december 31? will-russia-capture-pokrovsk-by-december-31-531
521041,0xd6243623b48dbccc42461df4e3c478a467de726eee19a477df0911f77b38cba6,Will Russia capture Siversk before May?,will-russia-capture-siversk-before-may,"[""Yes"", ""No""]","[""0"", ""1""]","[""83524440200143860657028178945801858366378129256359488825050609853223919531809"", ""70920939650366426146836696994150938025168677239124917474200404356093431153260""]",121791.363829,0.0,True,True,2025-04-30 05:00:00-07:00,2025-01-30 12:29:41.477847-08:00,,2026-02-03 22:25:03.257401,2025-01-30 12:29:41.477847,2025-04-30 05:00:00,will russia capture siversk before may? will-russia-capture-siversk-before-may
521100,0x33acd15d84b5b0cb3125425fff9abb9f84260ad6cdd658e57230627c83ede60f,Will Russia recapture Sudzha by April 30?,will-russia-recapture-sudzha-by-april-30,"[""Yes"", ""No""]","[""1"", ""0""]","[""14990029861718662869816237869973544862792282285138092644462921007650993247380"", ""42807705713627033072721560874549512720856774493986139163714965545915531235572""]",302652.40591,0.0,True,True,2025-04-30 05:00:00-07:00,2025-01-30 16:18:49.374361-08:00,,2026-02-03 22:25:03.257401,2025-01-30 16:18:49.374361,2025-04-30 05:00:00,will russia recapture sudzha by april 30? will-russia-recapture-sudzha-by-april-30
521103,0x07f106c0b60e94d96a63954f0536811c1a0b054b958f26bb749689b620b72f50,NATO/EU troops fighting in Ukraine in 2025?,natoeu-troops-fighting-in-ukraine-in-2025,"[""Yes"", ""No""]","[""0"", ""1""]","[""103909253011351322759892776638669457027523901655815490042130382730360706229706"", ""40643730425995007653653846322257326466291751148478865541862332040512398068473""]",170793.703881,0.0,True,True,2025-12-31 04:00:00-08:00,2025-01-30 16:57:35.244062-08:00,,2026-02-03 22:25:03.257401,2025-01-30 16:57:35.244062,2025-12-31 04:00:00,nato/eu troops fighting in ukraine in 2025? natoeu-troops-fighting-in-ukraine-in-2025
521499,0x87b7ea66b816a057a5d18f8f230ec016e8c9225a8c97a15e678c3de157305737,Will Russia recapture Sudzha by June 30?,will-russia-recapture-sudzha-by-june-30,"[""Yes"", ""No""]","[""1"", ""0""]","[""47692708638309429756044208432818720002044706296619873136468383174493259480485"", ""37809713000353368658683984822433912106052732096671571646866650191133502648634""]",80628.548248,0.0,True,True,2025-06-30 05:00:00-07:00,2025-02-02 19:54:27.695953-08:00,,2026-02-03 22:25:03.631640,2025-02-02 19:54:27.695953,2025-06-30 05:00:00,will russia recapture sudzha by june 30? will-russia-recapture-sudzha-by-june-30
521603,0x3ea4ec25d0491fa7c374ed61762ec9d604c52b56df0d8c5f30ccdb71a838bc1e,Will Ukraine win Eurovision 2025?,will-ukraine-win-eurovision-2025,"[""Yes"", ""No""]","[""0"", ""1""]","[""18833065283746804110550289341323864262410877417777323132151715138616977528841"", ""108064859672314536571175804798614410280877635973727667622803804179444259690672""]",1734956.735678,0.0,True,True,2025-05-17 05:00:00-07:00,2025-02-03 11:56:09.782359-08:00,,2026-02-03 22:25:03.631640,2025-02-03 11:56:09.782359,2025-05-17 05:00:00,will ukraine win eurovision 2025? will-ukraine-win-eurovision-2025
521607,0x1663edea3eba0d1ae8f064276dd426cb0497a19bb5188dae48a2f8fa8ea34da8,Ukraine agrees to Trump mineral deal before April?,ukraine-agrees-to-give-trump-rare-earth-metals-before-april,"[""Yes"", ""No""]","[""1"", ""0""]","[""60725874250423703620094276151916802462347260149939877434146037169740775578517"", ""19581875847511870332319795513136572323104448524830954515426555865929792709452""]",7079947.244644,0.0,True,True,2025-03-31 05:00:00-07:00,2025-02-03 12:08:04.503107-08:00,,2026-02-03 22:25:03.631640,2025-02-03 12:08:04.503107,2025-03-31 05:00:00,ukraine agrees to trump mineral deal before april? ukraine-agrees-to-give-trump-rare-earth-metals-before-april
522056,0x07555b0e89abe017ddde72e5d04f26f6b26a7f221cca5fcae54ca99dd984774d,Ukraine agrees not to join NATO in 2025? ,ukraine-agrees-not-to-join-nato-before-july,"[""Yes"", ""No""]","[""0"", ""1""]","[""96601928894191559916157952751631886797424000157973909225754084049773554405468"", ""111817814065148789668110176254570458287510111700931938757952739120253070676417""]",1643257.827825,0.0,True,True,2025-12-31 04:00:00-08:00,2025-02-06 13:55:33.636794-08:00,,2026-02-03 22:25:04.029870,2025-02-06 13:55:33.636794,2025-12-31 04:00:00,ukraine agrees not to join nato in 2025?  ukraine-agrees-not-to-join-nato-before-july
522057,0x591f785022238c7ea2563553d93c024e451a18ea74d9bbd79a6126c0267c588a,"Ukraine recognizes Russian sovereignty over its territory by December 31, 2025?",ukraine-recognizes-russian-sovereignty-over-ukrainian-territory-in-2025,"[""Yes"", ""No""]","[""0"", ""1""]","[""48477409091695386761559202853239391470463303066983260592312960625658563043275"", ""39073221701552764059446410725782004011128353041681427534414147663135223634260""]",2130098.430134,0.0,True,True,2025-12-31 04:00:00-08:00,2025-02-06 14:01:49.644084-08:00,,2026-02-03 22:25:04.029870,2025-02-06 14:01:49.644084,2025-12-31 04:00:00,"ukraine recognizes russian sovereignty over its territory by december 31, 2025? ukraine-recognizes-russian-sovereignty-over-ukrainian-territory-in-2025"
522878,0x0b5d28cc85d295a39897b524329653628d7de3378920ab63247c8af9d7ee03d3,Will Trump meet with Putin or Zelenskyy first?,will-trump-meet-with-putin-or-zelenskyy-first,"[""Putin"", ""Zelenskyy""]","[""0"", ""1""]","[""5442743401928862894180841736263512191564084389996775978514134400673743050598"", ""55264189025055373090161890959631464405045385380191735792739072809428026021736""]",465247.688699,0.0,True,True,2025-12-31 04:00:00-08:00,2025-02-11 10:41:56.219533-08:00,,2026-02-03 22:25:04.398591,2025-02-11 10:41:56.219533,2025-12-31 04:00:00,will trump meet with putin or zelenskyy first? will-trump-meet-with-putin-or-zelenskyy-first
522894,0x07ee279bba9504331b98ed151db364f9562f5cf80baec6d7ab37b5e32221a6d6,Will Russia capture Kupiansk by April 30?,will-russia-capture-kupiansk-by-april-30,"[""Yes"", ""No""]","[""0"", ""1""]","[""81020312652589627285197771109762839746287006928172707150877539028691834065212"", ""108303820542127194670275571355095079674537367635794408292209711330192187534707""]",65384.620266,0.0,True,True,2025-04-30 05:00:00-07:00,2025-02-11 11:12:53.838311-08:00,,2026-02-03 22:25:04.398591,2025-02-11 11:12:53.838311,2025-04-30 05:00:00,will russia capture kupiansk by april 30? will-russia-capture-kupiansk-by-april-30
522895,0xe252404a63e04d8199105b91833a47471317be7307e2471a9349375694bc39c8,Will Russia capture Kupiansk by August 31?,will-russia-capture-kupiansk-by-august-31-961-273,"[""Yes"", ""No""]","[""0"", ""1""]","[""62643694748826312587911382162440534823433709821141516597510649054633548502810"", ""66339636783489562244427406324835042611372608866942882907689045655663784195972""]",830318.639654,0.0,True,True,2025-08-31 05:00:00-07:00,2025-02-11 11:13:47.985923-08:00,,2026-02-03 22:25:04.398591,2025-02-11 11:13:47.985923,2025-08-31 05:00:00,will russia capture kupiansk by august 31? will-russia-capture-kupiansk-by-august-31-961-273
523197,0x70d6726f639283c79ff2394d67edeb20c343da15a16242abc0ca253938422adf,Will Trump visit Russia in first 100 days?,will-trump-visit-russia-in-first-100-days,"[""Yes"", ""No""]","[""0"", ""1""]","[""76517872896411850784270344965682992803318434169987777444136970978963357739156"", ""55509409310784585364116971076570089959207228118269642206238982520364239944605""]",735454.119765,0.0,True,True,2025-04-29 05:00:00-07:00,2025-02-12 13:46:09.799621-08:00,,2026-02-03 22:25:05.015331,2025-02-12 13:46:09.799621,2025-04-29 05:00:00,will trump visit russia in first 100 days? will-trump-visit-russia-in-first-100-days
523198,0xa503070c5f90c70e460260460637f50ded4d8886e0a3969c76c557d5377b42f3,Will Putin visit the U.S. before July?,will-putin-visit-the-us-before-july,"[""Yes"", ""No""]","[""0"", ""1""]","[""17636133037698655711537839367918666335877935696344385855077943944327611242596"", ""111048886296924495129741424280092672064807186679410610865674623733591163627018""]",141775.399659,0.0,True,True,2025-06-30 05:00:00-07:00,2025-02-12 13:58:11.712371-08:00,,2026-02-03 22:25:05.015331,2025-02-12 13:58:11.712371,2025-06-30 05:00:00,will putin visit the u.s. before july? will-putin-visit-the-us-before-july
523343,0xf3d74c153a35436ff82a5f78200104975c5841140ace763f2954adb340cca511,Ukraine election called in 2025?,ukraine-election-called-in-2025,"[""Yes"", ""No""]","[""0"", ""1""]","[""22255463452594162709449800579658835371746668793825841462318307382376621533755"", ""57160884655103428512814247631012981773015723019889832549493437551469480061242""]",982716.694339,0.0,True,True,2025-12-31 04:00:00-08:00,2025-02-13 11:39:17.849008-08:00,,2026-02-03 22:25:05.015331,2025-02-13 11:39:17.849008,2025-12-31 04:00:00,ukraine election called in 2025? ukraine-election-called-in-2025
523413,0x1b74c3efe140a09049e0eb6b6a2112e00fa4d199cdc718c1a58af1abf6d9e49d,Will any country leave NATO in 2025?,will-any-country-leave-nato-in-2025,"[""Yes"", ""No""]","[""0"", ""1""]","[""46975241878566226675389813084558441099978633579735672808077735156890286559886"", ""4274339277583331170231436480507835882687434608350779078862983050349942696879""]",277041.272422,0.0,True,True,2025-12-31 04:00:00-08:00,2025-02-13 14:27:44.964669-08:00,,2026-02-03 22:25:05.015331,2025-02-13 14:27:44.964669,2025-12-31 04:00:00,will any country leave nato in 2025? will-any-country-leave-nato-in-2025
523420,0x9388fd0115ced362ce81ba2d3433903f2ae5c78263355d7038ae74ac96c85ac1,"Ukraine election held by December 31, 2025?",ukraine-election-held-in-2025,"[""Yes"", ""No""]","[""0"", ""1""]","[""110303218457795832861589414223072133732424840017074962598980991451216787898529"", ""110513468504414111967623727967802735681305040958967125800368195228103949451183""]",1589428.067032,0.0,True,True,2025-12-31 04:00:00-08:00,2025-02-13 15:40:57.211688-08:00,,2026-02-03 22:25:05.015331,2025-02-13 15:40:57.211688,2025-12-31 04:00:00,"ukraine election held by december 31, 2025? ukraine-election-held-in-2025"
524021,0x79fe1c0701d145ed4b74e6b7b3658acbc9b016b70e7321afdb777ad14e8c236c,U.S. recognizes Russian sovereignty over Crimea in 2025? ,will-the-us-recognize-russian-sovereignty-over-crimea-in-2025,"[""Yes"", ""No""]","[""0"", ""1""]","[""97262919156133260921887403057581420516585464065308475066791456615017669503669"", ""22814991468805556116471270417641782171550309851492637070422109257339804109572""]",801266.380276,0.0,True,True,2025-12-31 04:00:00-08:00,2025-02-18 12:42:06.673333-08:00,,2026-02-03 22:25:05.501235,2025-02-18 12:42:06.673333,2025-12-31 04:00:00,u.s. recognizes russian sovereignty over crimea in 2025?  will-the-us-recognize-russian-sovereignty-over-crimea-in-2025
524143,0x42b1922e8f436430a99511ad0a8029fd84a62d8bc91ac52b22455399ce598152,Will Trump audit Ukraine aid before May?,will-doge-audit-ukraine-aid-before-may,"[""Yes"", ""No""]","[""0"", ""1""]","[""1179039883486402183499490082435825463500517700553032674433043579228770785112"", ""32156304147657186738936334568719617978558036247795210919856751006394161293073""]",843458.400258,0.0,True,True,2025-04-30 05:00:00-07:00,2025-02-19 11:25:01.345821-08:00,,2026-02-03 22:25:06.020964,2025-02-19 11:25:01.345821,2025-04-30 05:00:00,will trump audit ukraine aid before may? will-doge-audit-ukraine-aid-before-may
524145,0xbd1c9c355583f950c76a09bb2e305789043712121800bb5a7abe491a5ee58871,Will Trump meet with Zelenskyy before July?,will-trump-meet-with-volodymyr-zelenskyy-before-july,"[""Yes"", ""No""]","[""1"", ""0""]","[""66356062315875533075062405949409720397580573066885585702377343083606583765118"", ""102062916030133807330186342894442541205582789480933958339342744794892413850627""]",183568.45293,0.0,True,True,2025-06-30 05:00:00-07:00,2025-02-19 11:45:56.258685-08:00,,2026-02-03 22:25:06.020964,2025-02-19 11:45:56.258685,2025-06-30 05:00:00,will trump meet with zelenskyy before july? will-trump-meet-with-volodymyr-zelenskyy-before-july
524147,0x83769fd5022537ff59ca1ccfdfb1c9915983788003e00e905508e22e67404f28,Will Trump meet with Volodymyr Zelenskyy in 2025?,will-trump-meet-with-volodymyr-zelenskyy-in-2025,"[""Yes"", ""No""]","[""1"", ""0""]","[""43469326409739858395690572881501444443817974097672167644298447954120789600137"", ""6436214359665115810717148929293436681245885613476937891713590935932389735242""]",129300.49074,0.0,True,True,2025-12-31 04:00:00-08:00,2025-02-19 11:49:57.167284-08:00,,2026-02-03 22:25:06.020964,2025-02-19 11:49:57.167284,2025-12-31 04:00:00,will trump meet with volodymyr zelenskyy in 2025? will-trump-meet-with-volodymyr-zelenskyy-in-2025
524166,0xe26bf05dd86c73fe3658387fb47a5f376fe353955e04a7411f1a93c0ae640c0f,Will Russia capture Yunakivka before April? ,will-russia-capture-yunakivka-before-april,"[""Yes"", ""No""]","[""0"", ""1""]","[""35057502241937192778389704257086579693609237940626705268567244417790426578086"", ""78756270090058328064708496784085995551970878179267233912072431123845087829900""]",120713.280213,0.0,True,True,2025-03-31 05:00:00-07:00,2025-02-19 13:34:24.581306-08:00,,2026-02-03 22:25:06.020964,2025-02-19 13:34:24.581306,2025-03-31 05:00:00,will russia capture yunakivka before april?  will-russia-capture-yunakivka-before-april
524285,0x1ecb710da7d97b76c1c99180d8f3d2afe052d09b68eca89b4cf3ce37a7a0a426,US recognizes Russian sovereignty over Ukraine?,us-recognizes-russian-sovereignty-over-ukraine,"[""Yes"", ""No""]","[""0"", ""1""]","[""65482627758879803524003778479202246178420046841505286705606240559010331503838"", ""107643187201000404038693592426566378917534508353468263334674357442312114112510""]",1238681.423725,0.0,True,True,2025-12-31 04:00:00-08:00,2025-02-20 08:41:56.546019-08:00,,2026-02-03 22:25:06.020964,2025-02-20 08:41:56.546019,2025-12-31 04:00:00,us recognizes russian sovereignty over ukraine? us-recognizes-russian-sovereignty-over-ukraine
524286,0x73e5aa827f6705f18dd71da26f074cef281ec747afc5285fd967a02c365d059c,US lifts Russia sanctions before April?,us-lifts-russia-sanctions-before-april,"[""Yes"", ""No""]","[""0"", ""1""]","[""115114197311499111543193572783859493614053250846925313706441259864891207898704"", ""91341822191508357012161040744212791733846804586994886076613620652580149733293""]",315785.626562,0.0,True,True,2025-03-31 05:00:00-07:00,2025-02-20 08:51:44.938428-08:00,,2026-02-03 22:25:06.020964,2025-02-20 08:51:44.938428,2025-03-31 05:00:00,us lifts russia sanctions before april? us-lifts-russia-sanctions-before-april
524291,0x12da9018becd98b431fb377ae57087ebbe8ad4a1cf82c832fb0aed7c4b6b791d,Will Trump visit Russia before July?,will-trump-visit-russia-before-july,"[""Yes"", ""No""]","[""0"", ""1""]","[""106785705064968660332067023300536266535388124753272914243541205698423062856246"", ""6456202668171707900880212750943570928813250356351945554332572852984770395210""]",324865.427332,0.0,True,True,2025-06-30 05:00:00-07:00,2025-02-20 09:56:09.361837-08:00,,2026-02-03 22:25:06.020964,2025-02-20 09:56:09.361837,2025-06-30 05:00:00,will trump visit russia before july? will-trump-visit-russia-before-july
524292,0x58f04e4d6d4207be5ffcaa8e12ceaaff491bea2f66a67f1c701744e59c3a920c,Will Trump withdraw the U.S. from NATO in 2025?,will-trump-withdraw-the-us-from-nato-in-2025,"[""Yes"", ""No""]","[""0"", ""1""]","[""23363560824318474668781482335102625289561748638527872548758492627125630990827"", ""9014695769446700891659134648259488341557414914618690658701879241952037527074""]",228935.133447,0.0,True,True,2025-12-31 04:00:00-08:00,2025-02-20 10:23:30.223532-08:00,,2026-02-03 22:25:06.020964,2025-02-20 10:23:30.223532,2025-12-31 04:00:00,will trump withdraw the u.s. from nato in 2025? will-trump-withdraw-the-us-from-nato-in-2025
524309,0x69c2da9742638186de095a52f9a6aa9e04ecd622f8d5351160a6ab56bbfa08ba,Will the US sanction Ukraine before April?,will-the-us-sanction-ukraine-before-april,"[""Yes"", ""No""]","[""0"", ""1""]","[""62739431005727143581337651607856141421574040080327270423566759351110690651138"", ""76806132265340086545575562146347593981887664770206771853842841388965390951387""]",82810.752088,0.0,True,True,2025-03-31 05:00:00-07:00,2025-02-20 11:37:11.217747-08:00,,2026-02-03 22:25:06.020964,2025-02-20 11:37:11.217747,2025-03-31 05:00:00,will the us sanction ukraine before april? will-the-us-sanction-ukraine-before-april
524310,0x97004cec761044f6eb772191377b3a352d3ec05ec0249a1bf5ca442ba1fac097,Will Ukraine agree to pay back U.S. aid before July?,will-ukraine-agree-to-payback-us-aid-before-july,"[""Yes"", ""No""]","[""1"", ""0""]","[""82246973513888061559569421022652964687465272762066736721360354291228748283806"", ""6800060988333615171942817578522303119129729510028069894794248047438283072436""]",1529637.779795,0.0,True,True,2025-06-30 05:00:00-07:00,2025-02-20 11:47:32.053121-08:00,,2026-02-03 22:25:06.020964,2025-02-20 11:47:32.053121,2025-06-30 05:00:00,will ukraine agree to pay back u.s. aid before july? will-ukraine-agree-to-payback-us-aid-before-july
524348,0x827af1ac5895766ceda8258b54844be5f1a31428a3b4bc4a8be8259776d44700,"Will Karoline Leavitt say ""Putin"" 3+ times during next White House press briefing?",will-karoline-leavitt-say-putin-3-times-during-next-white-house-press-briefing-02202025,"[""Yes"", ""No""]","[""0"", ""1""]","[""52960782840877996381169383667062216635147767148703288363719115614339176853095"", ""73984012795437798473481687953253285098754321969692105101879063972760068638228""]",3408.054773,0.0,True,True,2025-12-31 04:00:00-08:00,2025-02-20 14:35:53.285157-08:00,,2026-02-03 22:25:06.020964,2025-02-20 14:35:53.285157,2025-12-31 04:00:00,"will karoline leavitt say ""putin"" 3+ times during next white house press briefing? will-karoline-leavitt-say-putin-3-times-during-next-white-house-press-briefing-02202025"
524477,0x2820f9e0e7fac7f3cc909bccdd212c6f3de818a6b0e4ca401c24beba941a2249,Trump in Russia on Victory Day May 9?,will-trump-visit-russia-by-may-9,"[""Yes"", ""No""]","[""0"", ""1""]","[""83547673164506671794819260938344653989875088069034224812175182562166039721574"", ""75533964938719028696952998369094361524498526879485856631877081096914627658644""]",1143264.619709,0.0,True,True,2025-05-09 05:00:00-07:00,2025-02-21 10:25:09.107922-08:00,,2026-02-03 22:25:06.020964,2025-02-21 10:25:09.107922,2025-05-09 05:00:00,trump in russia on victory day may 9? will-trump-visit-russia-by-may-9
525157,0xb58d0e3b3dd34b2b8d8997e6ce36ca3873bdd6034fe0dde633f11e50d4b18c69,Zelensky resigns in 2025?,zelensky-resigns-in-2025,"[""Yes"", ""No""]","[""0"", ""1""]","[""74129046843921940913413587682588886122583847748489066762857187137233978267670"", ""64545313588399663482682286511585103428301403511234717343459455007091083337075""]",639799.279247,0.0,True,True,2025-12-31 04:00:00-08:00,2025-02-24 15:06:16.266385-08:00,,2026-02-03 22:25:06.587661,2025-02-24 15:06:16.266385,2025-12-31 04:00:00,zelensky resigns in 2025? zelensky-resigns-in-2025
525231,0x216cfc5952a75a6c2005fa90a1f49524401abdde826aaa916af4c88a70426363,Trump agrees to send U.S. peacekeeping force to Ukraine?,trump-agrees-to-send-us-peacekeeping-force-to-ukraine,"[""Yes"", ""No""]","[""0"", ""1""]","[""27854589915558666949911110700107109304807510472832754346848714713106576041207"", ""83742739530586820493605246339344277590673217105618245459443915506041800643469""]",96453.374455,0.0,True,True,2025-12-31 04:00:00-08:00,2025-02-25 14:26:52.989952-08:00,,2026-02-03 22:25:07.060178,2025-02-25 14:26:52.989952,2025-12-31 04:00:00,trump agrees to send u.s. peacekeeping force to ukraine? trump-agrees-to-send-us-peacekeeping-force-to-ukraine
525232,0x235acc369ccd9f0c10a74aa4cb6e5c0c6783eaec22b4843f6fe0e171ad8e4057,EU/NATO country announces peacekeeping force in Ukraine in 2025?,eunato-country-announces-peacekeeping-force-in-ukraine,"[""Yes"", ""No""]","[""0"", ""1""]","[""73663957466489274595176785305097386128325404078001917490010407904837134882577"", ""31566724138998405553508313449766802786847999037726188458982786371622924711878""]",133019.206562,0.0,True,True,2025-12-31 04:00:00-08:00,2025-02-25 14:31:00.303884-08:00,,2026-02-03 22:25:07.060178,2025-02-25 14:31:00.303884,2025-12-31 04:00:00,eu/nato country announces peacekeeping force in ukraine in 2025? eunato-country-announces-peacekeeping-force-in-ukraine
525437,0x5b2e8b20438de32ab995a59630103b9ad71e87d7488b49ff417bbd348a026326,Will Karoline Leavitt say Zelensky 3+ times during next White House press briefing?-02262025,will-karoline-leavitt-say-zelensky-3-times-during-next-white-house-press-briefing-02262025,"[""Yes"", ""No""]","[""1"", ""0""]","[""12198166341436727947405729209814148041740036263965322192437253954048906701116"", ""10316592426452860464899722692398677096383513371344164830735417650138017205817""]",1646.182951,0.0,True,True,2025-12-31 04:00:00-08:00,2025-02-26 10:57:55.551434-08:00,,2026-02-03 22:25:07.060178,2025-02-26 10:57:55.551434,2025-12-31 04:00:00,will karoline leavitt say zelensky 3+ times during next white house press briefing?-02262025 will-karoline-leavitt-say-zelensky-3-times-during-next-white-house-press-briefing-02262025
525442,0x322afd91e6bedddd2526aa648a69bcf28e99478703585573a560660b012d9f9a,Will Karoline Leavitt say NATO during next White House press briefing?-02262025,will-karoline-leavitt-say-nato-during-next-white-house-press-briefing-02262025,"[""Yes"", ""No""]","[""0"", ""1""]","[""108057916747365167542504013787062021441684619476265070483570121865318046932052"", ""17526688879266974475993857941710252477836369992267558391595367358065513215277""]",2278.299285,0.0,True,True,2025-12-31 04:00:00-08:00,2025-02-26 10:57:59.430322-08:00,,2026-02-03 22:25:07.060178,2025-02-26 10:57:59.430322,2025-12-31 04:00:00,will karoline leavitt say nato during next white house press briefing?-02262025 will-karoline-leavitt-say-nato-during-next-white-house-press-briefing-02262025
526195,0xb472c7c5aaa18a76d8d17adeb37d82f6e60455939b51d915ac58761810e7bc7e,Trump meets with Zelenskyy in March?,trump-meets-with-zelenskyy-in-march,"[""Yes"", ""No""]","[""0"", ""1""]","[""12982586453466445749194861647506890885462622298228855644485956568156721995084"", ""2982266270073266056670373330595756642635775353985195392148151429259698844414""]",341877.570084,0.0,True,True,2025-03-31 05:00:00-07:00,2025-02-28 10:35:51.118127-08:00,,2026-02-03 22:25:07.692186,2025-02-28 10:35:51.118127,2025-03-31 05:00:00,trump meets with zelenskyy in march? trump-meets-with-zelenskyy-in-march
526201,0xbcafacec21088537778de406ac00826232d7d9df6eaa316686eef825333d64f8,Trump cuts Ukraine aid before April?,trump-cuts-ukraine-aid-before-april,"[""Yes"", ""No""]","[""1"", ""0""]","[""14030780821490845641014798526978615898126738690825975440643648080367106351536"", ""49446363504744573768705063881507523181687221291911597744438684788300530505870""]",60067.961274,0.0,True,True,2025-03-31 05:00:00-07:00,2025-02-28 11:16:35.003479-08:00,,2026-02-03 22:25:07.692186,2025-02-28 11:16:35.003479,2025-03-31 05:00:00,trump cuts ukraine aid before april? trump-cuts-ukraine-aid-before-april
526229,0xf73ebbd375f4b32f1ac0aee1724fa07288530b0cd3d2fbfbcfc7412d0c6bcb82,Trump severs ties with Ukraine before May?,trump-severs-ties-with-ukraine-before-may,"[""Yes"", ""No""]","[""0"", ""1""]","[""88551081062941956754624270296481102277138087249231124901142839087117648363109"", ""86304131703011980721755979925817881408007934797292837200662297834354514178950""]",140572.146211,0.0,True,True,2025-04-30 05:00:00-07:00,2025-02-28 11:53:55.201777-08:00,,2026-02-03 22:25:07.692186,2025-02-28 11:53:55.201777,2025-04-30 05:00:00,trump severs ties with ukraine before may? trump-severs-ties-with-ukraine-before-may
526328,0xb642dea896e5fa052a9259ad7ba4b759caebb7b1b452d90a5b4c82f8065db1a2,Trump announces cutting all military aid to Ukraine aid before April?,trump-announces-cutting-all-aid-to-ukraine-aid-before-april,"[""Yes"", ""No""]","[""1"", ""0""]","[""112613028079131639673263586128056585565508673808219769390624850448495579144185"", ""48019957245720333241053750286187835121164033600979134578695848489257796672624""]",968146.857798,0.0,True,True,2025-03-31 05:00:00-07:00,2025-02-28 13:53:43.376771-08:00,,2026-02-03 22:25:07.692186,2025-02-28 13:53:43.376771,2025-03-31 05:00:00,trump announces cutting all military aid to ukraine aid before april? trump-announces-cutting-all-aid-to-ukraine-aid-before-april
526330,0x5bcb29016c13ecb705de35015e1e436fd462b975264fb105408760e3d3e41ca1,Trump ends all military aid to Ukraine before April?,trump-ends-all-military-aid-to-ukraine-before-april,"[""Yes"", ""No""]","[""1"", ""0""]","[""7233956615985758994704218592688025235205518864690983225838041466815296090257"", ""59065287021625081296283171815866061030678924583028958238466688987139422049230""]",119091.78612,0.0,True,True,2025-03-31 05:00:00-07:00,2025-02-28 14:07:39.525823-08:00,,2026-02-03 22:25:07.692186,2025-02-28 14:07:39.525823,2025-03-31 05:00:00,trump ends all military aid to ukraine before april? trump-ends-all-military-aid-to-ukraine-before-april
526814,0x1b07e957981a04e688191208a4fc8b8349a93d6de03eba460fda38e647dafa5b,Sea/Air ceasefire in Ukraine before May? ,seaair-ceasefire-in-ukraine-before-may,"[""Yes"", ""No""]","[""1"", ""0""]","[""105039045108735350701067761926660919174556796573940954887933194396971464305066"", ""65961864506371256053813328069691531595710124813443748296296270747497043580971""]",1547772.010237,0.0,True,True,2025-04-30 05:00:00-07:00,2025-03-04 08:27:13.526679-08:00,,2026-02-03 22:25:08.200623,2025-03-04 08:27:13.526679,2025-04-30 05:00:00,sea/air ceasefire in ukraine before may?  seaair-ceasefire-in-ukraine-before-may
526861,0xb8498bb4d013be50bd4af336c0cadf62ab0f2885cc968b742304d6edccfc7190,Will Trump sign mineral deal without Zelenskyy apology?,will-trump-sign-mineral-deal-without-zelenskyy-apology,"[""Yes"", ""No""]","[""1"", ""0""]","[""32921044856076201189154703786849418887213408387521621721061527935861828024828"", ""65449845407755668776897976670879705991692250175624922195548093200952844680115""]",973016.213858,0.0,True,True,2025-07-31 05:00:00-07:00,2025-03-04 14:06:50.110242-08:00,,2026-02-03 22:25:08.200623,2025-03-04 14:06:50.110242,2025-07-31 05:00:00,will trump sign mineral deal without zelenskyy apology? will-trump-sign-mineral-deal-without-zelenskyy-apology
527005,0x6ee44a32b167a5d5d05a4b6522d7304a27b8682e3314528afbd99a9cf22a3ef6,U.S. announces resumption of direct flights to Russia before May?,us-announces-resumption-of-direct-flights-to-russia-before-may,"[""Yes"", ""No""]","[""0"", ""1""]","[""100121345789532362055123879793212027312379236056429540221720415709850532973373"", ""96618036676034164847772351078297997221316377064022855127438030193903015078566""]",22139.902349,0.0,True,True,2025-04-30 05:00:00-07:00,2025-03-06 09:38:55.303143-08:00,,2026-02-03 22:25:08.525485,2025-03-06 09:38:55.303143,2025-04-30 05:00:00,u.s. announces resumption of direct flights to russia before may? us-announces-resumption-of-direct-flights-to-russia-before-may
527032,0x02c656172e040722a0a53c5aa8a2e597e96ddcb96cd0caa36d2cb88018b0113e,"Will Karoline Leavitt say ""Zelensky"" 3+ times during next White House press briefing?",will-karoline-leavitt-say-zelensky-3-times-during-next-white-house-press-briefing-03062025,"[""Yes"", ""No""]","[""0"", ""1""]","[""90544185197348445762400462367487730947998989538649021442756705113012034127717"", ""52520991936301939851844268554264807330714499642654844594240746592838266792432""]",1266.814548,0.0,True,True,2025-12-31 04:00:00-08:00,2025-03-06 11:18:56.713064-08:00,,2026-02-03 22:25:08.525485,2025-03-06 11:18:56.713064,2025-12-31 04:00:00,"will karoline leavitt say ""zelensky"" 3+ times during next white house press briefing? will-karoline-leavitt-say-zelensky-3-times-during-next-white-house-press-briefing-03062025"
527081,0x3ce5ee714234737803479a56eb108db5773073f9171c09f089c8d299c5e5d6c7,Will Trump meet with Putin in Saudi Arabia before June?,will-trump-meet-with-putin-in-saudi-arabia-before-june,"[""Yes"", ""No""]","[""0"", ""1""]","[""85329416514471004297478005149625146014624743562622421967455557722819447174298"", ""17189149212865445714213344530377307644873493103595435170459256971807866915825""]",1219774.204101,0.0,True,True,2025-05-31 05:00:00-07:00,2025-03-06 14:00:04.633516-08:00,,2026-02-03 22:25:08.525485,2025-03-06 14:00:04.633516,2025-05-31 05:00:00,will trump meet with putin in saudi arabia before june? will-trump-meet-with-putin-in-saudi-arabia-before-june
527278,0xcc8881bf9d7af55bb753b1c9381a8a03de4670b25df883ae6fa21856778938a4,Will the US sanction Russia before May?,will-the-us-sanction-russia-before-may,"[""Yes"", ""No""]","[""1"", ""0""]","[""76683579252562835143863542840343898007243510337054657506558517873008498105093"", ""33787629600621860180939604657495798919073059313987957113657471584613393310606""]",62934.400328,0.0,True,True,2025-04-30 05:00:00-07:00,2025-03-07 11:45:36.524014-08:00,,2026-02-03 22:25:08.525485,2025-03-07 11:45:36.524014,2025-04-30 05:00:00,will the us sanction russia before may? will-the-us-sanction-russia-before-may
527279,0x515b15f2d8fb8a3af69e2dcb7283a3078914f3ee6429e8c8806017b39bef190b,Will Russia recapture Sudzha by March 31?,will-russia-recapture-sudzha-by-march-31,"[""Yes"", ""No""]","[""1"", ""0""]","[""40001158490980829331315202760805197309678407198352511114569399283632572307422"", ""22752183918002848078277748029145662550669719932108767430775139318472934671798""]",452812.374945,0.0,True,True,2025-04-30 05:00:00-07:00,2025-03-07 12:20:49.344779-08:00,,2026-02-03 22:25:08.525485,2025-03-07 12:20:49.344779,2025-04-30 05:00:00,will russia recapture sudzha by march 31? will-russia-recapture-sudzha-by-march-31
527626,0x48c715b695536243a128b653e59f8214262a454811a570c4b019226291c0fa69,Will Ukraine agree to cede territory to Russia in 2025?,will-ukraine-agree-to-cede-territory-to-russia,"[""Yes"", ""No""]","[""0"", ""1""]","[""43554559475444151134965087578429452442155898771039342630775189465337055566481"", ""40314666630270199948617708179196809729468470728992516088417142092585805813924""]",1908688.199133,0.0,True,True,2025-12-31 04:00:00-08:00,2025-03-10 13:27:25.518654-07:00,,2026-02-03 22:25:08.798898,2025-03-10 13:27:25.518654,2025-12-31 04:00:00,will ukraine agree to cede territory to russia in 2025? will-ukraine-agree-to-cede-territory-to-russia
527709,0xd3f594344cbf212feb32efe684d9600ae5b71845ef338f200320290bc37a9870,Trump admin announces resumption of military aid to Ukraine in March?,trump-admin-announces-resumption-of-military-aid-to-ukraine-in-march,"[""Yes"", ""No""]","[""1"", ""0""]","[""85002994025515696883588653696098275527901701638575491699125613029027027235329"", ""105636912788505991886611011583816050206563268279448751624446619230700614212413""]",12025.035627,0.0,True,True,2025-03-31 05:00:00-07:00,2025-03-11 10:51:04.627445-07:00,,2026-02-03 22:25:08.798898,2025-03-11 10:51:04.627445,2025-03-31 05:00:00,trump admin announces resumption of military aid to ukraine in march? trump-admin-announces-resumption-of-military-aid-to-ukraine-in-march
527738,0x72ed157680650b1881541b71e2f1562e91e58b02684927afef176d20cbd8b795,Will Ukraine qualify for the Eurovision 2025 grand final?,will-ukraine-qualify-for-the-eurovision-2025-grand-final,"[""Yes"", ""No""]","[""1"", ""0""]","[""47217203061047134143175510127034119976779831588706440388475209755834617894086"", ""57836422453484991184862304513880960942928740753594366217285054827100256043629""]",97528.628132,0.0,True,True,2025-05-13 05:00:00-07:00,2025-03-11 11:46:39.503718-07:00,,2026-02-03 22:25:08.798898,2025-03-11 11:46:39.503718,2025-05-13 05:00:00,will ukraine qualify for the eurovision 2025 grand final? will-ukraine-qualify-for-the-eurovision-2025-grand-final
527778,0xe112e5f8d3ee38f57c7285f0b487c221cfbcb81bf78d304204f645a808c19ca4,"Will Karoline Leavitt say ""Zelensky"" 2+ times during next White House press briefing?",will-karoline-leavitt-say-zelensky-2-times-during-next-white-house-press-briefing03122025,"[""Yes"", ""No""]","[""0"", ""1""]","[""106988216519643499376049198611972327812705987369690881670622752851258017055460"", ""92450645452368253230523710809447075900117732163558142612783945291835725603892""]",1114.938704,0.0,True,True,2025-12-31 04:00:00-08:00,2025-03-11 13:01:44.400394-07:00,,2026-02-03 22:25:08.798898,2025-03-11 13:01:44.400394,2025-12-31 04:00:00,"will karoline leavitt say ""zelensky"" 2+ times during next white house press briefing? will-karoline-leavitt-say-zelensky-2-times-during-next-white-house-press-briefing03122025"
527793,0xcc248e5b3109197192b15a3fbc98f84887fd5b2e9baf2b72d94fc66b5102b760,Will Volodymyr Zelenskyy be the first leader out in 2025?,will-volodymyr-zelenskyy-be-the-first-leader-out-in-2025,"[""Yes"", ""No""]","[""0"", ""1""]","[""34353004114733610600599108671624538601026150134280504474917975142881001506854"", ""104477650133844581250441370373502437500393415797797551558001585788133958858911""]",1645702.005711,0.0,True,True,2025-12-31 04:00:00-08:00,2025-03-11 13:33:12.439716-07:00,,2026-02-03 22:25:08.798898,2025-03-11 13:33:12.439716,2025-12-31 04:00:00,will volodymyr zelenskyy be the first leader out in 2025? will-volodymyr-zelenskyy-be-the-first-leader-out-in-2025
527807,0xb17868a887f1f40595b2433c741b81be879add5f0a54a14f8a7cc0684dc4a0eb,Will Vladimir Putin be the first leader out in 2025?,will-vladimir-putin-be-the-first-leader-out-in-2025,"[""Yes"", ""No""]","[""0"", ""1""]","[""96309695544495520203095223116782609207881514291963878378807412991184449319557"", ""101187783020489175097881466143729246039288728860799413094245717990586232137871""]",1782662.475384,0.0,True,True,2025-12-31 04:00:00-08:00,2025-03-11 13:33:20.224539-07:00,,2026-02-03 22:25:08.798898,2025-03-11 13:33:20.224539,2025-12-31 04:00:00,will vladimir putin be the first leader out in 2025? will-vladimir-putin-be-the-first-leader-out-in-2025
527864,0x50367d046344f1a4c48dd9754792e6bbc4dd3b677987a40bd023c170a1ce52ab,Trump-Putin-Xi meeting before July?,trump-putin-xi-meeting-before-july,"[""Yes"", ""No""]","[""0"", ""1""]","[""14565754545456565688283938979080674943684657882221860483948776271627834461719"", ""31048397862565808780979830996088252808372214733605755499646757654037932775538""]",150874.710546,0.0,True,True,2025-06-30 05:00:00-07:00,2025-03-12 09:14:48.389643-07:00,,2026-02-03 22:25:08.798898,2025-03-12 09:14:48.389643,2025-06-30 05:00:00,trump-putin-xi meeting before july? trump-putin-xi-meeting-before-july
527883,0xccf5ec6e7d759a1fa96e10cab0f754fbd18ce96e91d67e7200fc2947c45b9f90,Russia x Ukraine Ceasefire in March?,russia-x-ukraine-ceasefire-in-march,"[""Yes"", ""No""]","[""0"", ""1""]","[""34640517840991627193786603980769340863508486074161860354452561196139782226623"", ""48108343364112029551220380061541581070978537785339975006630519161050017547210""]",1488182.343965,0.0,True,True,2025-03-31 05:00:00-07:00,2025-03-12 22:11:26.319481-07:00,,2026-02-03 22:25:08.798898,2025-03-12 22:11:26.319481,2025-03-31 05:00:00,russia x ukraine ceasefire in march? russia-x-ukraine-ceasefire-in-march
