condition_id,market_id_pm,request_id,prepared_block,init_block,init_tx,init_log_index
0xb17868a887f1f40595b2433c741b81be879add5f0a54a14f8a7cc0684dc4a0eb,527807,0xf15d6df8184375797574a9ddad216d723677b7bc7057d5bf3e23a001f4f25c2e,68933112,68933108,0xa6f5909383ec816b506572afe17072e49815ade69c3c0d2e98a314f624b3b8b6,293
0x5e1df4ad3d4a4640f57cdf11e23f26c16c9221d9614d4bf6eada4db6f34cd059,527808,0xa3c8a0b808f392eb9f6ba56cc9afa794f08c4800fc3670521d40cd20e68e82ba,68933124,68933120,0xbd5c75ec5470c77db2156e4c31134cd8da8e12b5bd05def8c375632c9d37d535,299
0xc5821602b440e61665dce5dcdc0fd20153864ba185d26a13e9be80fe98bb9e97,519777,0x2f267d4704a1060fbb1bd5b770c0bc22887b74ebcc4eda3884734225b0ba90b9,67058705,67058699,0xc80fb8fd0d7f03c51c2f7442c426fc4cd8901dc9a3822179d677f354fb34da2e,149
0x872c8e9a4e4808a2ab714c267bd8a93f63cb739c853d7e4de2b42009e73f9b3f,521835,0xcc89400dd87b50021e5b7e533d2ad5b435d00620e1be8f654f2e74f0fe9448d4,67625936,67625933,0x66a88097a78e892c3456c160d906a58540a38472518bd5dba117d4adcb2bace9,214
0x812d8819cda5c57e824719de0381d8e207a45b5b71da31a6425f6c2f181a3fc4,528973,0x45d12029ff48e322cf801737198969c4f2d8ddf4a9315becb510ffaebe4a4802,69251985,69251981,0xedcad597a0a54fbd196e7400b84874d035e6446f54f46a3719da43ef56cf467a,156
0xffffb2874475ae9c1e3a0e3c3c4b4e329eb3105427aa484f357bf41c5fd77c4f,519778,0xeb10970e0ab31c11029ee7d62e939bb96ad71c6decf0e12ba073d494c6743cd1,67058722,67058715,0x9f0f3a735e0b6cc2984f692564aa9592f7d01902dbd4f56c3e6c4336b640e94b,181
0xffdd774123c13df21ce755bfd4f65bde47a74f1377ea73c8b130d84c59831173,521836,0x1007a005ca24a696421208ba42c44584e6c7fc6d929b4ed040fd1bc79f774340,67625945,67625942,0xd23606bd50645fd8d25a30890b6e7de9d6a333fcecd19d5d7a44979d0fc4eaf2,220
0x4a68d828f7263f34391484404380c34efa9566f12a08a88553ddbe8e285c3ae9,528974,0x8dfb35f3a0b2abd9ce4950ff63ab3d48097d781b36bc5a65f24426b13e801c31,69251994,69251990,0xd23cdb0e6cff4558cfcf46042a8ab88848c76c5c235294d2f38dfc6b001d12fe,255
0xa1cee304c35d3821b004b633d7ec69cb445600085549f0ec8d431083fdb784a3,509083,0x9b846170ad1486b966931baa9b792fa3e15eddfa140705eecddf7b3af0830b37,62787483,62787478,0xf191eba6cc22fc708fd574fd7b2cfdac44c49bb9bef0308d78ba6c95e98205ea,207
0x5b4e43b605a2c8faf591c86bbd04dc9d17e973da79c70a61dfec07005cfed19b,509087,0xd2428e12639ea29fc0e70ab31655ee7b4185be22682f34a38811b323b868a3aa,62787499,62787494,0x22c609107b502a997065b8132031dd48ef2954feafe19f17214f6c67cf47a244,320
0xd1cfd61da9ac8931fc3aa48ad05eb9687e6f925a15502eb23a04e0174d2c9f30,507857,0x617abb8addacf79fa228fb3575f1ea37a2c66a61d1eda6ca966ad415f583e444,62225222,62225217,0x2a739915dd8ecebe19c7688dedf21f92e121db9aa4b1103284de21ad9e9eb252,218
0x2ee656b8bc037e24df53a6b1e33bd9ad12c913c065f564d965ebbfc79b5a4a8b,507858,0x63f891caccda56b2098a6b1b3f67cf2d730f1e569a1867150116227832e396b7,62225240,62225236,0x2ce8a8900df259a78dd984fbb11d04776b4668c593a99db61110114965fefb63,249
0x59893482329bae5941b0d89cb843c989365a86278c29849da97b65b8ca6c3a84,525548,0xb42ca6b6b768b9352a1a0d9b27a1b8e62ee1185c497eda3e62a81a64c12e90f4,68609077,68609072,0xdc9615a8b89a20898a2edb43852a2dec216319800a62ea8da9a34c2971763f5c,228
0x6f8323ccf2ebd280fc9798266470be7b5d24e05b5ea7ac406360f88d6e8f70a8,525641,0x774f159d156b35e63449e2c842598e31be1d29741437375bc420bc6216aa5964,68609006,68609002,0x43b42d96d55b30d9985c383ade74586fed50de412021a381cad7abb240d2c5b3,282
0x996589e16b968a560860def78785a4a415ac8e43d9b56e651e230fef73bd565a,509088,0x6b12bdc3899d686bfb011192cdf87b2814ba512f215c9440b4e1d69e8cdccbc9,62787511,62787506,0x53ed7b750dedab0110d9ade696fd3dbff50d86a092525172f6184d67a051454e,437
0xb006bcc75123f958a5562eac7be606b36ca17266c89a0bb9ecb5312221cd33f4,509089,0xdf6cccffe4ea5e32970c5e41ed904fef2fbf6cc2a228bde723e9db923b5822eb,62787521,62787518,0x8a6bc429a96188b6a5be55f287cacfdb024cfd458ab8fa31f55268f412e4af65,363
0x92007bff181c69633e52a717a9086801a327e8f74c03c5dbbe8321b267586540,525375,0x9a85391f9449045ec3076f918243fdda4c563bf55f06072d8ece32dcaed35ee6,68407014,68407011,0x351cd4169334b6abdc122de935d772475eab61f79ce36f2cbcc9204af2e3d34e,118
0xceeb3a4731ce686d37801362732d01149bbbf6479961d383a2bead6219f003ff,509090,0x57cb7d64812c5950c82b66a8eb3503d4319115d7734aca98ce7b06890b65a044,62787554,62787550,0xa4daed4dde9a2db3eb01b3bd6d0850962839c497532011d96ec9055ff1fa4b3f,300
0x8e7409627b88e0e5745859ccfef3a7d75f57c95b639650c7b5340865ad5ca70c,525360,0xab1ce5ff76f419054c6bc7d29a8a88fcd18b3ddbb411bf160b53e7cf3ea956b8,68406839,68406836,0x3d0805f712cd43c642b5f0f187c5fb41caec9f275abce91fe92c08c5289240a3,170
0x3329697f75e759b7fb781e52314d4322492a6d0816e8465d90091af88a3f4219,507859,0xff7f36144cdf24637db8e45051f15cb095d32e82b7f05354fe33a626fb646c75,62225250,62225246,0xa50619d81a9838747fb952a6e0954742d4fac30ec5ae070dd16aa142842d42e8,187
0xcc846e4e2304f3076a69a7b8bfdc930aa6a772002a79915b741520eddb5ef492,509091,0x2c445a351ed3185e5a10c40520c614b90d541d4d12c9354d91ddd97d4bc74c83,62787565,62787561,0x9b5abd26900e1d90aaba499dc5d58b98b327052990c30c5672e60ceb2d427223,273
0xc635cfc916000aff903b80fe81472fd8e6cdccb88f616e8d8befb78db66552d3,507860,0x6526a572f5d486c19b0f9d97f02fc6ffa316dcb6eaa96c8f1d5b6dee41e0eade,62225618,62225614,0x1ad1f87651a5c65ab28310f710018c08e643d715fcf75373057586e5c48131e3,222
0xc28a6a59080f7ed26620bfe111ce0bac356057cdd182a252f26632a0524aaa09,507861,0x5a5997fc4c3b07b118341e636726b40e327b21d05417d3b90625041d57b60134,62225644,62225639,0x86c45d2eb7b707d5db5e7d49a6fe7b9c7e918c1f7686b146dc50c8d3a311d03d,72
0xa94c8395a76220162cc1acaebb7c3372fdb064c597e298e7f0dc3146034187d1,525421,0xdfc512af9a687c94db190fb0352329a6c2f0837ab3807bb8b1e9b79eaf9f95c8,68407696,68407692,0x85b452e2eb4fecbfe804fec712dc3cfc6ed079a01332ff2a182fa234d5895ed7,363
0x84d62ee93bfa7d38836e278801c8c5ccb791482d36b0fbedc990ac2ba1610d9c,525390,0x2ee085c563aa161f251a9a1c12c5b26b29f711ae8a1825298e8444e8a0be4573,68407694,68407691,0x52716ec6d7401fbcdc1533a67e0bfa010598fb97ac1da93ac152795c7de21e1b,468
0x8292efeee76cf38a3d1c07b97f1372eddd638e680d892dc6632e42ba08c9dec9,525625,0x0ad86e1d70baf3678e1e81293e57cc76e415c271bf4eec5f7df20decec61b59d,68608663,68608660,0x80d693366aa0fcaf4a54eff716e1869db11ef4228848a301c23c4b869a828beb,234
0xded5e3aac89222e48578b1f7a2ef39a61d18017d5c5c709701ba2ae5d5ddfbc9,509118,0x5db75d5d8e84fd2e5f1a135c542e21e3e682e65a2bbc7a5fb4789e934ae8bd8a,62788508,62788503,0x29993c3cc82e1adeb66e2328002a4f0467abf4159331bacb9b2b6e9397a5fa0b,313
0x2d7e29af3bba553a336d02292525b67218cfa5a6f123ed0eda1bd44d9981526e,509092,0x0a6f0dd214ca45008c96e00bb82ef67c8044d8b7b51083f9da97fd4804ce5867,62787578,62787574,0x8855e1a6a7c6b70e552121bc3415d959b82f323832125a77851c1a9a452111e9,410
0x3a5a0289c93118833ee682065e6935ded62984992f97fd5a59b4d2271214282d,509093,0x334392af397744fb3deb5dee032cf46653a8999a0fd687b5ab5a79d67c8a901e,62787590,62787586,0x17ad3355caa4e8d760490a303983478d75a85b402420c80eee9adc2c4a671812,332
0x497d6cf1098ea666aed470ead36e66ab5a9d54ff29cdf6357708a20aa1808e6e,507863,0x2762c3aca68521c7846a8683f5bcea90f82ac88de0ab35406ecfcb1fe14c90bd,62225964,62225961,0x204fb3370760e0a48f9ae4df0beaaae69c52b5132f71150fb86478076de2e7d7,240
0xba6c5ece6d70e46fc4fe5dfd73db248bc1a1a162bebc05e9b2cd8b91293cccce,507864,0xdf375dcd5161b86752b3fd073976e1a5bb208e44817b99321ad966b9a1b77ab7,62225974,62225969,0x682e14a8a707efc7b792546a803acca745b8c87f431efb3564b2c228ef2e867e,278
0x1b3f3f9a32da3ef3839f7ea2296c8b681ac58b88a19db50dd66de39e113556ef,509095,0x585eb1d7f6fbfe36d0395525063bb8e96e19843f392aa7e938e8c9b862ceddc0,62788070,62788065,0x00ecc54ab52e03dc260972fede9789d823e611eab826fc49c7cfb55e0da35459,387
0x9939fd74f2d2078cafd04de7a9a8060b27ff331f8db4a737121519b81440de1e,525370,0xb8be72b0a79ad4e24ecd71736e832ade5037147f60e9dedec6ae6232462638c0,68406967,68406963,0xcbd616267b1fd30a72ec8fe0565cc1be4e307a8a0dd275c36215815ed473a075,201
0xd2f0475a426f69d5da5971e0bbd1d47344332f577027b08bf94965078f6aa562,525366,0x7ca96b857c34d58974fb618db1d564d8f9ec6ada86faed8177a78da0cfab5444,68406901,68406896,0x9eae7924b9804d64a4c2e83aa4f7f0afb3f8a482aa83800fa95a7d1d986fb244,100
0xee49c41419021c5282902eabae4a3f58a9c3a7c20dadd8a389385509087eb881,509096,0xb5433c9f79391ab7886c53ac539feb45fcaf167b28cb67faf7d54208dadfeb0f,62788083,62788079,0x3e0db5d5df4d6223a166ed6e2ba5bc67e1809a4188d2f5383d28d1e78062a8d7,209
0x11097c3daad854876a8d9ef2abdd43dc327b5be1cb5f08b562c2d422d2b1e3d6,525377,0x036eb83bc0536c69fcc7f422d718994bd10010e4983428cff08e2e81afad8a2d,68407033,68407029,0xfa181a36f15c1717dfe89f3e9a212472ac7f8bd1938db0ccc6ae0b87f395dd93,465
0x7e8953cc66f9dabfe80fb0d1a9284bffb7a293f700b21027261fade58a082d73,525362,0x929c26d8c0596e65a015dc7c5f08c5cc319ed24cbed089c04bafb56ced84ebb4,68406860,68406857,0x1d79cf16f68bf778c1e413b81ad5f4b339f3f5cc16ab27db28cb7632bad19f3e,172
0xcc15be7879f727d6c306c24e987b5db3d63aeb59a8c7033e1ee4a765026dc2d7,525534,0xe6523310d70da449afa7f83ccac44f52131b44303a3e6c0ce4045f9cca337f47,68608709,68608705,0x760dd1023259bd1cccd074e978d86e66b4380be73a2ceaf870a9fcba2e244b7c,166
0x5f437a76e4e76fbe81b4269e5f8ffd98ade4751ec849baa0a68284723645904d,507866,0x04fcf58d9224becbc7297f485224dcf5d244500744861dc73becf1bddf567369,62225996,62225993,0x56d23394ddb84934b0f83bd4e1e6aa37c003711a87970635d6879a498bb38c75,140
0x994d6fe74741a1fa7e9a9d47fb066a143835d9c9d3fdda83a2302c0844d64837,525369,0x3774aa72c0a9bdc2ee65b53551a0fd4aaa5981a234c09024152d360c6e9b2cd4,68406955,68406950,0xecb01c18ff48b9ed4b75ade95b6c6304cfb9986e2e2ef1bbf00b3a88cf70b311,189
0x8469cd8e3fbb7cfbd313bcdb9ec7f269519993208ccd4371149fc141a9309437,525642,0x7ec8db592bc28aaecc2baa703a8f0defd543647108b9d437eaf92ae4bee652fe,68609064,68609059,0xf8a0cdb6718fa42cda3038d244e0dcff4c1d7339d5ad5b53128ae4e07baf3d4a,236
0x5e958663d5a4aefff6284798171d0b8d61cbb59c003b3b6d494fae585b2d6ad0,525630,0xe16d1c0cd798f9b5c10e4b6c370619299372eb303c0278e760adc39f49153dcd,68608731,68608728,0xa7d3cc197ca0480332dc91abd8658e7e32a6501afebd8552c0cb51f3fa2a7261,55
0x56e8cd19951bf3f7fb74866ba579db274ebbb11ccadcaed40cf45c028e403b9c,525363,0xa4fc5e78a4b3c6952f005a0fa97b6a2b5e9fcd2b0c9a7d76fa8b3e4b1ca6aa42,68406867,68406864,0x32441cdbbc0d1bfecda596d85a3ef2b8760be24324155bba8efefecfbac0471b,312
0x703cac2f85877a6640fb0e949776b59983442c46af8d263aa107e88e04d620a1,525367,0xa1f16b98f10096193c4925b6f5335aec6e36095c39260cdb7dc8e34d9de4737f,68406909,68406905,0x428a19061e79032d97fc73e40926e44b4cd33916ea8672e90f5ef000653719b2,220
0x9c60e608e40b658cf15c18b0aaaddda7c6614e66187ec4ecc34be6c8526ef16f,525361,0xfbda723cce9a7dff892cf2c0ca4c655194add3dc38d9d95afbc6fb69dc857b1b,68406847,68406843,0xecf1d1ae3863b76f104ec18c587f378e23dd09b827166706b2b2cdabd9d96ffc,187
0x4e2dd28f54a645ac62743a49116dfae0b6fd22ef4187ee2a340d1346ca612bcf,507869,0x4657eed95567548050b9e8c5d260045113f4327a40595e1c47a8343c6f1c3118,62226039,62226035,0xad76989b77e0246c432d24628c418954dd9933ea95a305c204c93f8f8f38d072,55
0x1073cc3483263763397b853cb095ac8451f7e26b5a94231b5973c14bf6e7a95a,525410,0x9f8689391052492e9a823f6bf24b3a10328295fcff200ffd1811d455ba3c7fcb,68407889,68407885,0x9c134a6b2cd53cc797bd78d32b16fe775885d585271da557c0d6306ecce3bbfd,327
0x794c65cfbadb39b11fe7b89c8994fcbe2678e562b0f9399fdeeaebcbc9fca093,509097,0x80fbbc09cf1e6763db9b7666ad6211b820f38df9582ab6d8875584170b39e93e,62788126,62788121,0xceb6d30cd2ef1b77b9cda3eed1a5da09cdc78d6133ab3470802f335e417bcf7a,292
0xf2ac47929c6f7112146b9de14f367b3e436953576acf78f9432835d30196b629,525532,0x73f19d05c106c29c0c991e7da5baccf709c76fb538e858f1b1309b814e96240a,68608685,68608682,0xad7eceb1226013ab12eede75ebc9e3112f756395d4e31dd24474406ee1bceacc,258
0xfcef9715d8ab758ceaf3e3b4513c3d593b3aa5fc124c1a7ad2d0d8a7ad25018a,525626,0x40c54aef736e5976b387f94c53dd22ee87ce772a12b00012ac11e3b3f8fc5b6f,68608683,68608680,0xdd8fed09c511aee305757e127c8f4a4e7be482bcbf37f844883951816abddedd,168
0xe3afb091ba0c2bd1d0660ac9256f37e0c7560b02eee15641c6cce6ceb62f3769,525358,0x825786f68cba7b0f9870da321718d6106d82c65a393532ae82336c137e7fb3e5,68406820,68406817,0x89688689720e6b6a8bfb0110f3a6c454e9f203349931ce43631d4d877a422970,445
0x86d89ba9a7cf636633bce9844a6e0eef07126f6bb3705aab1f5afa5d4851eb97,507872,0xe26f186ddde1893860ed1a38ef5eae8320409838386c274eb08ead7ee7767ed6,62226057,62226054,0xbf378ceb72491e8813ac7abb0c6dfafc21aa585c164cd7d35e5070ca5efbc18f,121
0xadc74c7282d955d2603b56ba7eee2831b295bb71596a056e46e5848b13562377,507873,0xc541908428714130e0b5f09f95e43bad08ee7bf3e8825bce64686b00100dedb5,62226067,62226064,0xa937af0b02446cb7ce8b8fff6c22257f57e6678420287a2445c05089e57fcd37,122
0x101de66e10fed9c9e44a516de28398b72d1bee3df9d5818914c9ddbfc24e7e8f,507875,0xcc43b16aef6f722d88ff46e19c9e1b9d094d864a4aed91eaa36be9c1c21c8e04,62226075,62226072,0x0d460feba86694f2c575c06afb3e3dfbdab3d7c9b2985b43abced2615fbe4e5d,100
0xf4472853ab134236dbfe4cd5f83fcbc60f62767b2a474a1c0b0ed3190d813084,507876,0xf8a7d878c82579140f2b349674cb67abd1aa280fba0ea76168627e7f7b5deacc,62226086,62226082,0x2c1a0221d9b1c0fe1226d453d7f2d37ba8acbe588ba8a3a7c9587f073facb64f,122
0xa9c3453deb9e9af9388cbb0ca7a9897d76d642aad0c47306d4d20a29c50a7ee0,509100,0xf0a55345cd04d02928347c5e0b7c2b491a16bc9a27fca0fa92fe1e25c45f96ac,62788170,62788167,0x2b905d1af671930894f2cffef1ca876144428b8cad597e0009f2eb119ffcc231,351
0x604e0a2c994985f63ca96608b76018319b55c784dc483c25c6092b3503500d4f,509101,0x6c9ab4b82f6def20b0d958a03a042fa4e53acb10051ee94e8241800d363dbae5,62788181,62788177,0x7f0a5d3b1bffa81697ee3b151c714be208a3e39e8ca816a49b3521594b719081,353
0x4b73d2b80fcc70e12ba15b7c7ebe0c0a05a425d9b0c7707b03d3ae918c0e4d4b,507882,0x362f91c691e67df79c35671a28ec8092ba0080b784086dce8654af3ad1c3bc20,62226135,62226129,0x7673ad622aa768976c5c10cedbde5dcf191f76350dad3b548ad90d796e00f0f9,1290
0x8836e8247fac979e52677de7403de29889202ba4daa129ded99dfa170d690d84,509102,0x7c09204e162fa7bc7781fb554f923d801f0760f564fa444c7ff5abefe0e20359,62788190,62788187,0xe04aba7efffc09ef3d1ca004d2461e356969569bba7ad97f90636515c3896d15,166
0xb3af306795f672a0bcaf4bd529ffa8343e88949bc74b098ccd2a0238ce676cd3,507883,0xd64a7f6711587f88be85d60e4f898caa661ca09247c6842bdd8dfbf2a032e683,62226149,62226145,0x63f35b9df275f858f6330a83b7fe5d093e86ae53bab168ae56fd901a16455566,497
0xfef1327c8a6dc7cfa05d24032ccca677077f10d1563062e7a4b6a3824908f29e,525401,0xed0ee8ced8ad2206223ef5a8ab1fbc150c0657adbb0c7d53b0d29bd4bfd8b416,68407808,68407804,0x5c2c2af3f11f344d4712efe17b9e5f5127142e880b08f8c4a00727fd2374b16f,291
0x70f25e1cabea613ed06de9fdf179665e30a26f3315cc0c34aa25204b35550fb3,525453,0x8e847cfd359ce7809326e123d0035069748d469f243996c6a91f4f909a8e39aa,68407656,68407652,0x74dae1e7d92a646a0bf148a4aca34cde3b68bc64de0b292b5e4ad12154440834,217
0xf610e2f30647222cb6f3ca9f19eb9c7f03912d29c50de4491bb4b33999164780,509103,0x58bbe4d3a91cb70cdcba59a12a8f54cc9898900c191d19cf8ab488fe2fde2cad,62788218,62788214,0x4a384a4f4044b650c97beee00c57f2f95772b7d69a826e2d9b0f4d9e13500717,178
0xdf70bc7474097f7c34665be3e97755ec6b99abeb14420d7a4ff785f406beec39,525416,0x4432739b1d0ffd9c4360270ce64403d1037dacbf440ad2b8269d39312a98c171,68407630,68407627,0xf6d81df68f91afecc82a274711bdb94fdf7ed959371fe489a58242cbf60d7014,142
0xc8761147389535d28583a71eab365841f36f1cc7ee689fbd32a384e3879a5b7c,525385,0x7ec4b1685241d439dbf75af74c3c391d209dbca4c3211bea0b7f58a62f1b4ad4,68407629,68407625,0xc54b29eb5d0b93fa64e4044f40cf133b51cb8ded192c6c0cc7eadc4db932b5d8,273
0x6edc6c77c16ef3ba1bcd646159f12f8b8a39528e500dcff95b9220ccfbb75141,507884,0x1436798700d1c49357ed3540df02cb9ad6459e3c5ab3d9902aee247629eb4a5b,62226160,62226155,0x219e5f7f1796c373d82896e9ef1e104ac0aea3c6bb509c7c2b24daa2f985e14c,171
0xfbf04aa6a90f95b9984a94e183ee98afcf9936c5dc13064b0fc3d7de66ff0a82,525371,0xb818c1cbed9f48e4a2fd5ec80996323e18cb3c0d9ea06eeec0c4321a837323bb,68406981,68406976,0x34bb483f67ad3c5089ffa9f133a4af32b5270fa33752ed8e0b19e7b483444699,187
0xbeea0aff752734aa33484711d15695dff9694b2092a8c0ab71fbf2ec74e7fb11,507888,0xa9b9bea9ebc0d95792cf7c8207079f06f4be2963f2605d70524d62936a5d3a67,62226188,62226183,0x579f7eabcee32314da16478bca3c6b25763e3c114ab6e5761b97dfec7e049a03,196
0xa56ac5f70b0a4ac821cfe4ac8ddce319633aef33063546b55b0ad7da3325f207,525365,0x32a98cad7620ec7684d05c673e4aef84bb8cd8d043a50c32fa1452cc6922aeea,68406884,68406881,0x518b4db39bda3c391104ff44c7c63f06d22d1aa6b2b3b55d6d6a7eadfc9b787a,472
0x789b808459ae07b1fb86866ac43c88379d570cad8e622d75e50208db28390c8c,509104,0x68fc9e884593eb3bef88a726ae7b6e06a5eec8428043743f1bda936a764a8058,62788253,62788248,0xf8cddfdbad6c50905523a4189fb8e419f4bfb5d6fc5c7e8dfa0b8c274a72510a,227
0xa5896f61e82824d1823d720f760bdabb028b54647c3a41a8f056b34645843215,525535,0x7dc24a73f1e9459efbb832b18c96bead25e53f2ebbde253ca8567bba170c116c,68608717,68608714,0xb76367c5ff497f0fbff241774fe45a11ace6e1a0f09df4475da744e193065ee9,49
0x5c51ee27231bc5c88b5d2ff75b5b6022612a1ccd7117f4cf04a0c38762c58ad6,525629,0x630d70c6ff517cb46de4c64936c132d04076008175c3f58edb34ae6658ea1a5e,68608714,68608711,0xe45330c30d15c37aa27454e5aaa7087019f4211d401e859a43353d5cad40c551,186
0xbde7cb252ead2a71c66998e33c76cb1a5462d5c5bd970d0adc38c2d9dffdd807,507889,0x024c413caa3b98e0bb573ce39fe6b00b46c72961d50300a303edcde86733125b,62226262,62226257,0xdebd5d40c43012e550627e80e664574e09a65a550c92441660b9c1f948c09d07,239
0xbc67af13da50b8d9282d5f332b8835f8ab039c8f584a78695fddf1450a1c8679,509105,0xd498f8a56f62d7b0edc1dbff9c69d988108d5c55bdc50835965596fe8737509e,62788264,62788259,0x7437ec2abf20c8c3703bc02707e3ab2b8643b3c9b4b6468111e37eb3fbde650a,216
0xb2527b0abc0dde233f5478d1fa6f043cd9fbe6a79ee1e02711773a3e3a869d53,507890,0xcfa70938251a7dab1f1ee330332549d1cecc0425a8ddf8c31d6a0f22e054d2f7,62226738,62226735,0x272f7093aab88390a74b87cd112aebc2654c035e1a91b2f771c70193df0ab3af,1130
0x9cf7ca2ab303017fd3169f7ce40357ea6b46672dbb79935ba3e0a0c893b96f03,525368,0xe08d692a7138f761e7cce9c6b1e5085ac820a9afca9774521b3eb9d1d5744be9,68406943,68406937,0xc40dd255baf7c257f23430d39d199a550affbf4c5d9996dd7f9669690a256172,344
0x872b293fc86a2e392b344fcda74799c8a77f6d54e17b1eaf2ac04b81edb45505,509106,0xa379f5e5de3771cefd4380bf380ed8c55c0f1188a6aea8c84e7bb861d43dfa16,62788279,62788274,0x8e7313623ad2941602a966a053c4b8dcab08236d9bc5e56bc963cac0b389ffae,258
0x4ea1a572e24ed7db20d3550ab0108603150b68f6829750ec331d90cce58a459a,507891,0xcad57147a3cf24ebe97e209805f0fe72773d971e45122546f4a1d107e1235ad4,62226753,62226750,0x9fc7275ae584d6022ec3906fdbc6ce75b617aff4d932699ba84159f6494b9367,159
0x5cbed2da6aafc562a3eac928fd621978713634ec1cc167cd74fd39499581181b,525530,0xd537a3961ec501ab8102773113f95f7f59f5a4f798aaddc9b436adc5bbbbab29,68608650,68608645,0xdcc9a01ff82b01032d9c7ad0d55125ec80e3d62a770e8552f3e065622c720216,134
0xd370dc54fac404cb545564df43d8036500da8ef683cbbc0dc1fbce3ab1e0217b,525624,0x2ff563b7c05f4193039e2e9a07e897766acb982590d7ba90767d1425061a28a6,68608645,68608642,0x858aa7eb76f75f23c1fa10c32b09cb7fdca983a31b0ee834b8b218df2ddff7a3,174
0x763cc84a3cde36b9ce12a8afe6d3e1e3e46e50692e8ec47636c7803c1033cfab,507892,0x03d4135712a2bc2292c99ff85ccbad782dce3723fe01b64747160a1eb9ca5b14,62226781,62226777,0x5327e5b9e31403487f47cfdacb1e2de4e008c8ea390a13f33840a54fe3a818b7,118
0xf04411511f74ed05240b53c97bb578244f3058f8846997d47324f23021d7e0c6,507893,0x12e0e53b806cf907596a3efa7f9e96ceb941e8b35ccc8744bb07d7053942849c,62226801,62226797,0xa552b37cf2415f630703b8d4aff2b62f4006967c76b1e7d055ed665ab99250be,135
0xbe18b72dc5fe801642372b31cf9351a9a35799a06773323a7104e97ebf4d4ec9,509107,0x0ee13dcea63fd11db0cd28830d8ec059338039b51d545821e41402debb483d9d,62788292,62788288,0xef382ae95d9b99a94034be28999c07e7089e7ad7f77c9ccc67ac7761f761f2ee,351
0x5fc9f2bcee3566a981e7d1ee449a2e44cebc2fd35dd1457d2fdd1e5f23b602b4,525528,0x877a98af8fdbdfa86c1ff2bc2a6f7e67f3e6774afc82efe4bdc7336fa157f142,68608201,68608198,0xa4af3f698f640cd55eae5ef9a2e606db50d5be6e108f6b5ebbb9d97a5f08bd1b,402
0xc312615ee72a15e6b7d3e5db4c01fab5ad57103f1db814a38890eb5aed331f8d,525622,0x8f98de4faa9201afa64907e4ffeac8fa22b41595c0c899c74986ced6c048fb81,68608201,68608196,0x8c1e2c6601e47d111bfadf1b104c6a73db2a420f6c843de9008176d866dadfa2,444
0x98688bb50142d4531dde904f4d3c478f1a6138507877ebb9b3ad17940fee3045,509108,0x7ef18642323f6a8f7adc0598d313ae6e25def34d70248362f5acb40dcbcaf413,62788336,62788330,0x27f0db52df44cc302d0a5ffc84ad4ac9b77b034ad7208fcad8c14fb36ff5710f,140
0xd97d95f15edfe56fd412a3e95929497903f16069964f63b7ced90172cd723d61,525427,0xe6cad7faff753b1339abd9583dcdef48539e2b357a81067b320a1873cbb01073,68407754,68407751,0x3f9ccf518450965a7350298baf787405eb98d3808e30bf2c97c4eb1ff15f0ce4,298
0x68a14da906e9e7cd029f77fcbf8abc7396c5923e14973751a94c99f6daa9d7b8,525396,0x4e557b1b0c48ebf09e6575080517bdaf88ac458996474b7ee49968092a23bad8,68407750,68407747,0x9cf5b86a1b52bd1371c14d4b611ad9316481c9fa955b59609b5014bd0246c35b,178
0xd3515b9a758863a8270f9eb388627b896358ae3f3e7bc9a1cfa05a2e90913962,525550,0x24bc86ab1a7962952a8056356790f2df8a20e67898b6ca232356f9a79294667d,68609110,68609106,0x6f0799fd5bc5b28c9740bf23883add85daad86f4ef212f6b846c1a4df48b4b8f,102
0x52933e0208f96c9d8339d686c410cd5a188d9585555996874315d1a534141825,509109,0xc915f1c4438213b8231a0411f68436d6debeb6aeabc0cdd84aeb1efc8a46bbf9,62788369,62788364,0x550bbd65de1f085d09988d7a3986064f879e6e1ce8ef276cde494a6d4c278219,217
0xea6add66b06dfdd20b051f6dea7e3ed6e5087a22686f1f65feb8ed14b60e9c2a,509110,0x6d1c4aa6bddcf47d409be11d2243fec10572f8b59878b20a2e299f4178ead1b4,62788347,62788342,0x4e6f315c5a2d57d49553da3163bb02046f92f334363931b0a087c2f75bd12035,202
0x13041f785614fc083d0d0ad60390b9e7f38daa10afd4f09b498259acfff18bd2,525640,0x63976963d7eabd83c90154b1d906e939ad55594bf2d8fdb726f210a3747ffe15,68608972,68608967,0x865da2acec1865912ffd23b6609ff4545fb763a568338e0990993843c531b14a,233
0x5cc4f3fe707fda933306e5266a7bb2599dd539da1150bd3293011ea47ee0fe9d,525417,0xc7e8ece4d2a985582252f2a966ed26518c2cc1adece9cb3cc65abf8b9f60540e,68407653,68407650,0x414bc80f2813e5e40fe821f5ce6d75fab34c9d5714b2857157b6670ba1bc5302,238
0x4c9ccd1404d105968de9b1ff3226fbafdc0b6e402a26bbcad3a84a1b62296783,525386,0xb6397890c86953d5eda4bbc0e28cbc5dde1cad291d1e2b2e1c4f8a3d357907d3,68407654,68407649,0x4e178a077884f3dbada9a71a3d040bd7f0c53e2da021c8607dd8ca5825a4ba45,654
0x3f816d82200f0198e72df1175e21d9f757e274307a5f93d075e3c14c7f9a4377,509111,0x6da851963b16f4bd39c7b0ab4f922ab3338fbaec628ec132e26afbba50f9ab5f,62788379,62788374,0x86e1f611802bdb06bc098b97690f7b58026d72263c7e3e2b4d951d647363d756,165
0x37963e2b3194455fe768cd470571640c758c049b7cda6967449a43a8bd5c835f,507894,0x65edad44163b4b81f79188b126cf0e8a9c04b041a9a43b278175a1be07448960,62226812,62226807,0xab8b1fad79943edfa08aed4fb5cc3a4661ca93c94de2f76b0a9dbc818d329181,67
0x59a3ce650dec48f8da2bbd3b07ec4920e9a58fcada76e4a6d3cba63284245ea3,525912,0x4e9382e37b1841cc021e784b580518e4b4e30f81773bdd7caa110d8256364bce,68609121,68609119,0x473fca219bbcfe045e17c3ef90e636279c97daf83eb8e4b4b429257bcc51b29b,234
0x1cdb1b16949129d7a2b9f044cc6cc6e2b13daa9a2a15e483f171fbe0f31db340,509116,0x5adb940b973a30bc6058e2aaded30588ee906e57953743228a59cb64c7c7ef3c,62788486,62788483,0x519426215145b24399e8890f694c2e66f4896dc6fb11ef7229057ab7a70f1866,210
0x305df84a4e3cdedb1a70ddec73949c64311247dbf7f41c236ee6a795dcc3d347,507895,0xd7c230bd60369c53e085956c427f536684344db33e1cd263b7358b61247c3435,62226823,62226820,0xc0447456a4af664ac004c03e58b1d4a6a0bff2f544c812a63cc44f0f3d6c11c0,133
0xbf44392afde05a6d2bd421d72bbbdbfdaff6650441dee235ba0d83414396e68e,509112,0x855b2fc4e50efbc3a6c98253278a4ef1de5e4f148f5c2e2af90d906cb3d2bc6d,62788391,62788388,0x3039432888a61dca098cb04ef605c5dc787557d2e6dc9805a23a8a55607ef270,187
0xc022fc3b994509037e6f70adbc3e40b497a6cdc11b6f308a12b3040ba9df9a28,509113,0xd4d70f6682ed41d9e85e7210771bc11a7d81f4599a28c3d1738517ea405753e2,62788421,62788417,0x135005a8d649792dbe2a9cbe9b92d72bb5cc265d0141a39974f3f4a265102c18,472
0x5d5636328cf2d2b1f0cad84989b3cdfdc69a9452522ffc7a8cfa8fb80515bec3,525533,0x8d9716f075938a99e0d9bbce0c3a8a24cfdb5395adb346447b492ba59a75a628,68608695,68608692,0x0d1720a8c7018ec490a0222829689401ee751c5da13559dc40bf355d5ec4ed86,171
0x6fd0ee23ef64263510ce90b7d39150842851a8d9b72891854be40f90f5717462,525627,0xe454a4b3a33f98d8869e26bf8bf0f3e958686c376f0896b48ef0addba4d620ec,68608697,68608694,0x89856414fe18e0387fe69bbf1b925c564ad64df4654aaed2dd25414e6867a8ec,132
0xbba16a21398862877d2ba91d7221be625b4514066580c91c6acbc32b03fe7997,507896,0x022714a1fb2ebd7846cfb40b222183013009da2014cd884f36a019ad5d63dcdb,62226833,62226831,0xd5420d08818c00209915612a00b7c61bb42a2cac393d3609c149214cb0638910,39
0x2f4d4813b59746d5ced985170530331befb399a25acc8540061e0ac8224c9aa2,509115,0xebcd1acb21002a72051e5c5fd0289e01c72fc8e567e303f9dfbcc257e3baf599,62788464,62788458,0x50052fc507245b7d12733cfc6ebef680c05d47a5ec6c486aa760fada05f71938,646
0xcb8162298a401d327612bccf5a784109894c45dbe51f8b2abaf006a964d2802a,525529,0x569108cfb6d3dabce29c1637bd65841456540fbeb5f789202d12fbf7c1a65530,68608635,68608630,0x403c04bbb184c57ef00df5bfecea812454b96fc855401a2bff75af48c9bb5e05,705
0xb6154cde7563e65dcaac821b784ea0b858a4d4c992c733bb69abdbb1ff9acd47,525623,0x18b416565853ecf135422c5775ac6f0bc32aa22d8370334ec09e5e9ebe3e5c69,68608634,68608630,0xda13368221efcde10dc5d20b94880642743e4f79589a7be6b9b21d53cb2da31f,698
0x582b0ea6bd8c5bb2bfeefd34b2f87b79ce133b12bd4c71c3542f3ea6a35d5ba4,525372,0xe4557c43df046fe6022058f4c07553a9367c6d46a8d7abf0c37faccb3c11628f,68406989,68406985,0x1886ba8083ac0563f1291da999d347fb2317724db8e3b45ba2e7985318a2857e,246
0xebfda84c91d3dafde3f49bd132aadc9e762b88023021806e7345cd526fc7e1fa,516723,0x4dd53c9b0d616686cea42b92e8886696ea98740d1b249052e6d3b801de11ca77,66079547,66079539,0xa1daedf4b2b78ff50631a8bf5c2a18a69623cba3a1739065cfc7461e13b1343a,90
0x8e9b6942b4dac3117dadfacac2edb390b6d62d59c14152774bb5fcd983fc134e,516724,0xef6971601b767913c85fd9dd595ea3e73c561df29533e6eb8d9273c0ec10cbb2,66079564,66079559,0xddc65bdbecf03c40a168774b77edb088b434203ba9d2cc0b7fa0f49a50412009,127
0x05af636e0989accb08334a74f69e5368e0aa28fe498fd16a3ca991e6dc5ae2cc,516725,0x8b77dbf0e57a1c31eb3dbc187132706ec0cbc98a1f38083017a4366eb4917d0f,66079576,66079571,0x4669c2b0760c2f4711cdbddbd92bcd5b9edcba1177864ce7e03f00d3b48c0abd,205
0x6df2f2ca434b5bacaef33d6b24edf42845199f4f794e66580de2d2c880a25275,516726,0x9cf39e79b6cd47e9fabcafcef10d0f49528ca3328caf091ff3b696ed1258d5be,66079585,66079581,0xed4486d816c2dd8327a651ce09b160d2cb0691b6a0834e71ff77aeaf08b63a77,337
0xc2846f35e85eb09a094edbd4e93e345d3c682dc0436615adc27122222fccbd81,516727,0xdf1c35d58be927accc754bf40f80fd470f1cdc180a9b7a18d76e33eb184cd976,66079598,66079592,0x4d104d6ae0efd1676b7e20dc9d0a73994fd8fdde655c85b35e7b724cbebdf32d,236
0x6ee22365b6602d928aa7136f549cc0d718bb16b044a6d15191041b84b5f1f43d,516728,0x47f7b59cf1fef3097e5d68a70c83b82120748bc17b2426fb9e29396134c34c93,66079633,66079628,0x830f2b72b68a09044ff5c47323bdfd998904d9f3e4ad17b0374d2d2d8c5c9499,137
0x37100ed3560699c48d90a027e65da10a04e395785b598289163e3bbfdaca99e6,516731,0x033b2dbd0328eea8a2a302be05efbc501aaf3312be1bec02404fbb49745ec831,66079652,66079648,0x9af077412261e3911bc0e359b688ef77ea648bf1729c48023d81ab5a2bd38611,97
0xf4d03ce9ce65ea06654f23e26dead828005511d65bb650cd5a9dc77891406d12,516730,0xb9c9f7d9d6ffc8464777f8e52c171b21abf668e1c4c5730e157aedbc58089b61,66079665,66079661,0x8633c336bcfe2cf51e1cba45f34cca096b85f8c8d46bb7dc3df37b6d26cc032d,107
0xe03d57b46639f895cd964478206dcd03c1ff4c243a9ccd73a24952cd44669591,528684,0xd6aa378faf1adf32f8952ac4cb7529c4894ac57fe461ab42716f4218649ca5a7,69174262,69174259,0xca9342008afce749076b7b0540e379f69d65bf5076a9b0e0af05879d5460544e,220
0x51f7452fddea310ba15955cfa8fa21419335b16f8310074e43f48c4856d7e0b8,517585,0x86676ad840003b8b78566dd57e8700bf546b778bca04a8631946cb5fed3d4cfe,66379767,66379763,0xc63aa91e68820aa0fc368d5cc0ea7106283d850ce010383f04b8146a7346e887,133
0xc1a5352b767a581a9840feebc0d0b71f0034c9fcc14b5ad74431d6c95e50796d,517589,0x2e2fca7a3f3897affbfccd9db6e48c7dbadf2f845629d1a253dfb690794f43aa,66380003,66379997,0xe3c528366cdad2060cbf124fb667068b5763be9d0cae4a6908a1ab4006e4a9ef,124
0xae6dab898b0531faf72bf9f09517538249131850cfe48b309f7f91124411c380,517586,0x69b80f7e2712482da6a199b69818c956e8fe35313f8ab000e4f62170047df709,66379783,66379778,0xf0178ed7bc236dbb2b77fdb3b243c44f1c0016aeacce96920527dea5fddcede0,240
0x88e1379369e64f6a3fff8e0da42a136862e227eb516977832e04511bd778e8b8,528688,0xa44dc4ed8ff85ad18d8899fb26526718bbf3cf7711a8fa628b160c4ea8edbfbb,69174321,69174318,0xbb84e17d3bf071669ff3f61db82b2e76f3ece26868dd6312182beeebd807c848,133
0xa8ad29b208d9b2e79c4ae9cd22a85c8b875ced0a1fd6eab6f00a92055d603be2,517588,0xffb15fef36fcc79101456446148a4c5dc16a651880a1c15d191e19e4012db226,66379985,66379977,0x546bc0c014ff2c48e102323d6f75c8a4a007b983febaa0558cd5b5c74d97007e,516
0x7b94d6cef097f44d4f2327f2777b0c3f79048d25dad50bd9e752c7ea3fb80acc,517590,0x9d1a0062e411d71170a4409fa89dceb101a91576a241101d2f3b9269c8cca18c,66380016,66380012,0xe8af9ff6d4bff1868b0e8a8a7b3ac0f0767b46eaa5a2c80b3f3b0a8df2d76c8a,614
0xec0a4d2952cb62ca55e16a4ad879aae5c988309f71a8f16fc3c65fe0a8df52d4,543259,0xf0705fde486b645c9d11cc7e2fdd40dcbd949ba65d1b2c82105ec2a554e4c2df,71352618,71352618,0x2d850f165a3cba0a6edfa56dd9ce1440a674ee24058872202ca88dac633aea1c,5
0x60e541066412fd81be728abbbdcf8128f4d2bb70d18f8c66a276bc75707e99f3,543274,0xad06df5862e1a802343f65f53819d516ab714b8dcde042f57383261e7daa1747,71352700,71352700,0x1806c6a3e6cad40134c90af254913dcf2b5f6b16d9b88bd6ac3dd702bbcb572c,23
0xc984e72be5b7445bac6319af55b23873d156590da74e68ef21be6fc8d5ae6499,543272,0x21667a83d9df9bdb32a1fe257f74f36fae7d19103d27c3139750375fac645c3b,71352689,71352689,0x776f19a59d75bad0210c6165651ed16c4fd19428f693f203904ecaba1a23a671,17
0xf690d66f5e516216fa145f1578f95b5897678be255127ebe390c2b51d8656bdb,543263,0x1e339ec08d6072b27fda5364af65fc1facf7356133a20ec3f6243371b7d2baee,71352640,71352640,0x872ad6f3a05d21a97776aece9bad4f7fe7f39ef06aaafb44f4a97cb09ea2d88b,23
0x961ee2529ff3c3b27a9b7dc424c1d7046f52bdd5b4ae38bd74ae65f0838fabaa,514172,0x6b86ca548e635cfa0a5b7b88fd9a0a717eb74a010888f219ab210fc25be0ab38,64770551,64770548,0xa7c2565e593e584c9b0b796536d9889e121549ec4051f36c16278afd126c63f1,183
0x5ab99b5c84e83438d0919125c4bb9fa883fb5238388b2803aa998f434a073dec,514184,0xd15779dcc39dbeaf6bfa71fb8a516200775dfb4d0bbc12496d08e8935f4b1f1b,64770632,64770627,0x85258bb84fb3443be0d35fa9752ce6f0b3f2b89aee2d5c7a005c854abb154d5a,269
0xda8ebb9d7998b0e37f912b78d8f71a9e36b8a8b5b2afff4bb1f8106e29ae0604,551143,0x6e00495a7d36bb94f2f096be15ce2f4f1ed2e7f465637742725884212b116151,72577914,72577914,0x097e27eadc423450f0d9a735db98b71b8875b57f8a9feb2eaeaa9a8b29a3eb70,5
0xd35959d5208eda42fce49fd5b752380dee17813a98c96d87308ed8a324608a4e,543258,0xc0052207fbace3fcbcb61b5c65bbe5b61abd8eab244f9e4e1d085186b0db99c3,71352613,71352612,0x66a11a716b7bbec0266c211975e63ce83d745eabcfbd925aa1ae40493af2b4f4,8
0x73f531e7088e7da29626e152d60566aa71a4a078b6ae6b7215577a963edc376c,514181,0xde9cc83de5e11d518f9ba48bce90816bfe948ebb2d710a6c1ae15d2a30ab86e3,64770561,64770557,0xd64bd0e345ac940f635f4f293da0fe59bf13baea3825061544b6baffc8a46c92,180
0x9ec056d5b1c7793835a46928ca3db97f1df589765e099964b04215d12db65250,543261,0x7e5c4d176ee7e93249384aca90bf25ce361bfff7b5585eea9998e13525044538,71352629,71352629,0x9a82021e605c8233030f563246527be3e8b5e285ee85b98b6d9c79fb5604e79a,21
0x027eeeaba097b5f3b166eace64668b2e6b327acc7c6b314ae5f03b33b51425e7,551137,0xedc68240d252c0e432f3e49847ad97915930d26fc857f70a3c638577cceb53c1,72577882,72577882,0x0ba11c5c11a675fc4ba70af0a33ce76c55a397d6fb06bbe00eee6504591305bb,9
0xaf2193cd6b091db90642fb9b9fd7f3c4a1c280373357081ec68c9841e864b207,543260,0xb60fe589fb727cede739e7db81b6c1a0e6efb862a76bcd7857ef50e771a17f81,71352623,71352623,0x0653ab36123a36266e8d1203e545f7aa9ce163e1baabd8aeaad057d3f1879ada,8
