id,condition_id,question,slug,outcomes,outcome_prices,clob_token_ids,volume,liquidity,active,closed,end_date,created_at,market_maker_address,_fetched_at,created_ts,end_ts,search_text,outcome_0_name,outcome_1_name,outcome_0_putin_2025_03_17_close_1700_PT,outcome_0_putin_2025_03_17_open_0500_PT,outcome_0_putin_2025_03_18_close_1700_PT,outcome_0_putin_2025_03_18_open_0500_PT,outcome_0_putin_2025_03_19_close_1700_PT,outcome_0_putin_2025_03_19_open_0500_PT,outcome_0_putin_2025_03_20_close_1700_PT,outcome_0_putin_2025_03_20_open_0500_PT,outcome_0_putin_2025_03_21_close_1700_PT,outcome_0_putin_2025_03_21_open_0500_PT,outcome_0_putin_2025_03_22_close_1700_PT,outcome_0_putin_2025_03_22_open_0500_PT,outcome_0_putin_2025_03_23_close_1700_PT,outcome_0_putin_2025_03_23_open_0500_PT,outcome_0_putin_2025_03_24_close_1700_PT,outcome_0_putin_2025_03_24_open_0500_PT,outcome_0_putin_2025_03_25_close_1700_PT,outcome_0_putin_2025_03_25_open_0500_PT,outcome_0_putin_2025_03_26_close_1700_PT,outcome_0_putin_2025_03_26_open_0500_PT,outcome_0_putin_2025_03_27_close_1700_PT,outcome_0_putin_2025_03_27_open_0500_PT,outcome_0_putin_2025_03_28_close_1700_PT,outcome_0_putin_2025_03_28_open_0500_PT,outcome_0_putin_2025_03_29_close_1700_PT,outcome_0_putin_2025_03_29_open_0500_PT,outcome_0_putin_2025_03_30_close_1700_PT,outcome_0_putin_2025_03_30_open_0500_PT,outcome_0_putin_2025_03_31_close_1700_PT,outcome_0_putin_2025_03_31_open_0500_PT,outcome_0_yes_2025_03_17_close_1700_PT,outcome_0_yes_2025_03_17_open_0500_PT,outcome_0_yes_2025_03_18_close_1700_PT,outcome_0_yes_2025_03_18_open_0500_PT,outcome_0_yes_2025_03_19_close_1700_PT,outcome_0_yes_2025_03_19_open_0500_PT,outcome_0_yes_2025_03_20_close_1700_PT,outcome_0_yes_2025_03_20_open_0500_PT,outcome_0_yes_2025_03_21_close_1700_PT,outcome_0_yes_2025_03_21_open_0500_PT,outcome_0_yes_2025_03_22_close_1700_PT,outcome_0_yes_2025_03_22_open_0500_PT,outcome_0_yes_2025_03_23_close_1700_PT,outcome_0_yes_2025_03_23_open_0500_PT,outcome_0_yes_2025_03_24_close_1700_PT,outcome_0_yes_2025_03_24_open_0500_PT,outcome_0_yes_2025_03_25_close_1700_PT,outcome_0_yes_2025_03_25_open_0500_PT,outcome_0_yes_2025_03_26_close_1700_PT,outcome_0_yes_2025_03_26_open_0500_PT,outcome_0_yes_2025_03_27_close_1700_PT,outcome_0_yes_2025_03_27_open_0500_PT,outcome_0_yes_2025_03_28_close_1700_PT,outcome_0_yes_2025_03_28_open_0500_PT,outcome_0_yes_2025_03_29_close_1700_PT,outcome_0_yes_2025_03_29_open_0500_PT,outcome_0_yes_2025_03_30_close_1700_PT,outcome_0_yes_2025_03_30_open_0500_PT,outcome_0_yes_2025_03_31_close_1700_PT,outcome_0_yes_2025_03_31_open_0500_PT,outcome_1_no_2025_03_17_close_1700_PT,outcome_1_no_2025_03_17_open_0500_PT,outcome_1_no_2025_03_18_close_1700_PT,outcome_1_no_2025_03_18_open_0500_PT,outcome_1_no_2025_03_19_close_1700_PT,outcome_1_no_2025_03_19_open_0500_PT,outcome_1_no_2025_03_20_close_1700_PT,outcome_1_no_2025_03_20_open_0500_PT,outcome_1_no_2025_03_21_close_1700_PT,outcome_1_no_2025_03_21_open_0500_PT,outcome_1_no_2025_03_22_close_1700_PT,outcome_1_no_2025_03_22_open_0500_PT,outcome_1_no_2025_03_23_close_1700_PT,outcome_1_no_2025_03_23_open_0500_PT,outcome_1_no_2025_03_24_close_1700_PT,outcome_1_no_2025_03_24_open_0500_PT,outcome_1_no_2025_03_25_close_1700_PT,outcome_1_no_2025_03_25_open_0500_PT,outcome_1_no_2025_03_26_close_1700_PT,outcome_1_no_2025_03_26_open_0500_PT,outcome_1_no_2025_03_27_close_1700_PT,outcome_1_no_2025_03_27_open_0500_PT,outcome_1_no_2025_03_28_close_1700_PT,outcome_1_no_2025_03_28_open_0500_PT,outcome_1_no_2025_03_29_close_1700_PT,outcome_1_no_2025_03_29_open_0500_PT,outcome_1_no_2025_03_30_close_1700_PT,outcome_1_no_2025_03_30_open_0500_PT,outcome_1_no_2025_03_31_close_1700_PT,outcome_1_no_2025_03_31_open_0500_PT,outcome_1_zelenskyy_2025_03_17_close_1700_PT,outcome_1_zelenskyy_2025_03_17_open_0500_PT,outcome_1_zelenskyy_2025_03_18_close_1700_PT,outcome_1_zelenskyy_2025_03_18_open_0500_PT,outcome_1_zelenskyy_2025_03_19_close_1700_PT,outcome_1_zelenskyy_2025_03_19_open_0500_PT,outcome_1_zelenskyy_2025_03_20_close_1700_PT,outcome_1_zelenskyy_2025_03_20_open_0500_PT,outcome_1_zelenskyy_2025_03_21_close_1700_PT,outcome_1_zelenskyy_2025_03_21_open_0500_PT,outcome_1_zelenskyy_2025_03_22_close_1700_PT,outcome_1_zelenskyy_2025_03_22_open_0500_PT,outcome_1_zelenskyy_2025_03_23_close_1700_PT,outcome_1_zelenskyy_2025_03_23_open_0500_PT,outcome_1_zelenskyy_2025_03_24_close_1700_PT,outcome_1_zelenskyy_2025_03_24_open_0500_PT,outcome_1_zelenskyy_2025_03_25_close_1700_PT,outcome_1_zelenskyy_2025_03_25_open_0500_PT,outcome_1_zelenskyy_2025_03_26_close_1700_PT,outcome_1_zelenskyy_2025_03_26_open_0500_PT,outcome_1_zelenskyy_2025_03_27_close_1700_PT,outcome_1_zelenskyy_2025_03_27_open_0500_PT,outcome_1_zelenskyy_2025_03_28_close_1700_PT,outcome_1_zelenskyy_2025_03_28_open_0500_PT,outcome_1_zelenskyy_2025_03_29_close_1700_PT,outcome_1_zelenskyy_2025_03_29_open_0500_PT,outcome_1_zelenskyy_2025_03_30_close_1700_PT,outcome_1_zelenskyy_2025_03_30_open_0500_PT,outcome_1_zelenskyy_2025_03_31_close_1700_PT,outcome_1_zelenskyy_2025_03_31_open_0500_PT
507311,0x9de98a4e1f5736ced9bdb199025024b77c1a0df3927c651b4e60a33fb4289695,Will Shakhtar Donetsk win the UEFA Champions League?,will-shakhtar-donetsk-win-the-uefa-champions-league,"[""Yes"", ""No""]","[""0"", ""1""]","[""102006319303460238827563664446951754516041393632850360444322469125777577388771"", ""109788973099970019996072517823266794542154906066004680247007602517078576240900""]",25469002.1878365,0.0,True,True,2025-05-31 05:00:00-07:00,2024-09-17 10:36:10.084639-07:00,,2026-02-03 22:24:51.047724,2024-09-17 10:36:10.084639,2025-05-31 05:00:00,will shakhtar donetsk win the uefa champions league? will-shakhtar-donetsk-win-the-uefa-champions-league,Yes,No,,,,,,,,,,,,,,,,,,,,,,,,,,,,,,,0.001,0.001,0.001,0.001,0.001,0.001,0.001,0.001,0.001,0.001,0.001,0.001,0.001,0.001,0.001,0.001,0.001,0.001,0.001,0.001,0.001,0.001,0.001,0.001,0.001,0.001,0.001,0.001,0.001,0.001,0.999,0.999,0.999,0.999,0.999,0.999,0.999,0.999,0.999,0.999,0.999,0.999,0.999,0.999,0.999,0.999,0.999,0.999,0.999,0.999,0.999,0.999,0.999,0.999,0.999,0.999,0.999,0.999,0.999,0.999,,,,,,,,,,,,,,,,,,,,,,,,,,,,,,
507984,0xfca3e637b1b126a59dd2aac2ca89d501f30c0aacb5dbf9b7b5f1d2c18ca00a55,Will Dynamo Kyiv win the UEFA Europa League?,will-dynamo-kyiv-win-the-uefa-europa-league,"[""Yes"", ""No""]","[""0"", ""1""]","[""50284187941943469569202009194355917949339120733469101749033950310686959468007"", ""68914504833157616843053838732988841773228477730246651549660144444755511574372""]",6108207.296014,0.0,True,True,2025-05-21 05:00:00-07:00,2024-09-24 12:11:29.177343-07:00,,2026-02-03 22:24:51.766480,2024-09-24 12:11:29.177343,2025-05-21 05:00:00,will dynamo kyiv win the uefa europa league? will-dynamo-kyiv-win-the-uefa-europa-league,Yes,No,,,,,,,,,,,,,,,,,,,,,,,,,,,,,,,0.002,0.002,0.002,0.002,0.002,0.002,0.002,0.002,0.002,0.002,0.002,0.002,0.002,0.002,0.002,0.002,0.002,0.002,0.002,0.002,0.002,0.002,0.002,0.002,0.002,0.002,0.002,0.002,0.002,0.002,0.998,0.998,0.998,0.998,0.998,0.998,0.998,0.998,0.998,0.998,0.998,0.998,0.998,0.998,0.998,0.998,0.998,0.998,0.998,0.998,0.998,0.998,0.998,0.998,0.998,0.998,0.998,0.998,0.998,0.998,,,,,,,,,,,,,,,,,,,,,,,,,,,,,,
510319,0xa5ac4cdcfff44ddfb0d332d33575f766414465786fb7d4350782db40d5e9da11,Trump ends Ukraine war in first 90 days?,trump-wins-ends-ukraine-war-in-90-days,"[""Yes"", ""No""]","[""0"", ""1""]","[""84888738552927367074645370589243532246434846262240067551074642775011167355434"", ""86857783363775257860227917708309268561005168570896999677788731255030014967896""]",56491984.2956951,0.0,True,True,2025-04-20 05:00:00-07:00,2024-10-21 11:09:12.014074-07:00,,2026-02-03 22:24:53.275733,2024-10-21 11:09:12.014074,2025-04-20 05:00:00,trump ends ukraine war in first 90 days? trump-wins-ends-ukraine-war-in-90-days,Yes,No,,,,,,,,,,,,,,,,,,,,,,,,,,,,,,,0.35,0.35,0.24000000846207545,0.3497734238514114,0.19,0.210000000316,0.13,0.16686381928348878,0.14,0.15,0.15,0.14,0.16,0.15,0.14,0.15,0.15,0.1400000002064,0.13000000121800007,0.14,0.09,0.1200000043084492,0.070000000664286,0.07000001860008333,0.06999999575333331,0.07,0.07,0.060000003760011265,0.07,0.07,0.65,0.6599999844899996,0.75,0.66,0.8099999808545442,0.789999999684,0.85,0.84,0.8599999738559987,0.84,0.85,0.86,0.84,0.85,0.8699999791199984,0.85,0.84,0.85,0.86,0.8599999991399997,0.91,0.8799999956915509,0.929999999335714,0.9299999813999167,0.94,0.93,0.93,0.9399999962399888,0.9399994295168007,0.93,,,,,,,,,,,,,,,,,,,,,,,,,,,,,,
516143,0x4cfe8afc969fc85f4aa92ef01e8c82b84f773ea1cdf198d694ef9da1155393eb,Will Putin meet with Trump in first 100 days?,will-putin-meet-with-trump-by-first-100-days,"[""Yes"", ""No""]","[""0"", ""1""]","[""25742247876332768458781360292043764039507900813404980298479194684402595556451"", ""95786924372760057572092804419385993470890190892343223404877167501659835222533""]",6796181.626846,0.0,True,True,2025-04-29 05:00:00-07:00,2024-12-20 10:24:41.141666-08:00,,2026-02-03 22:24:58.949138,2024-12-20 10:24:41.141666,2025-04-29 05:00:00,will putin meet with trump in first 100 days? will-putin-meet-with-trump-by-first-100-days,Yes,No,,,,,,,,,,,,,,,,,,,,,,,,,,,,,,,0.3699998971300273,0.3485964070143903,0.22,0.37962032453559846,0.19000000331363695,0.21,0.12,0.14,0.14,0.13999999834319526,0.15,0.14,0.1550376464115965,0.16,0.16,0.1699999870799997,0.16,0.15,0.0992592354590218,0.16,0.08,0.09,0.09,0.09,0.08,0.08,0.08,0.08,0.08,0.08,0.6300001028699727,0.65,0.7600000081600001,0.64,0.809999996686363,0.78,0.8700000372666684,0.86,0.86,0.8600000033648525,0.85,0.86,0.83,0.84,0.84,0.8300000129200004,0.83,0.83,0.9,0.8499997449998725,0.92,0.91,0.9,0.91,0.91,0.92,0.92,0.92,0.91,0.92,,,,,,,,,,,,,,,,,,,,,,,,,,,,,,
516187,0x73b046b7970a1780f1d7a0cacf73413325911dd87cdc5b63cfdc27496110fb1b,Will Turkey leave NATO by June 30?,will-turkey-leave-nato-by-june-30,"[""Yes"", ""No""]","[""0"", ""1""]","[""56333219586489855674685549932194420713208928308331628771337419037140355178076"", ""76896069667756716472035601301016783496873889454464161011234150458037478069918""]",65478.635547,0.0,True,True,2025-06-30 05:00:00-07:00,2024-12-20 14:37:35.317833-08:00,,2026-02-03 22:24:58.949138,2024-12-20 14:37:35.317833,2025-06-30 05:00:00,will turkey leave nato by june 30? will-turkey-leave-nato-by-june-30,Yes,No,,,,,,,,,,,,,,,,,,,,,,,,,,,,,,,0.04,0.04,0.04,0.04,0.04,0.04,0.04,0.04,0.04,0.04,0.04,0.04,0.04,0.04,0.04,0.04,0.04,0.04,0.04,0.04,0.05,0.04,0.05,0.05,0.05,0.05,0.05,0.05,0.05,0.05,0.96,0.96,0.96,0.96,0.96,0.96,0.96,0.96,0.9599998617599647,0.96,0.9599999654399978,0.9599998617599647,0.96,0.96,0.96,0.96,0.96,0.96,0.96,0.96,0.95,0.96,0.95,0.95,0.95,0.95,0.95,0.95,0.95,0.95,,,,,,,,,,,,,,,,,,,,,,,,,,,,,,
516189,0x98f8c3c5ce0af4b45b30b1323e132f1f430cea4df5de4089dade2e23082e1743,Will Ukraine join NATO before July?,will-ukraine-join-nato-before-july,"[""Yes"", ""No""]","[""0"", ""1""]","[""71685983838843709915160975671540060908877886707703474939962098991499689519711"", ""25301545985889508293321782755434072371936771538975200674445139222395623272851""]",148817.631713,0.0,True,True,2025-06-30 05:00:00-07:00,2024-12-20 14:56:49.481643-08:00,,2026-02-03 22:24:58.949138,2024-12-20 14:56:49.481643,2025-06-30 05:00:00,will ukraine join nato before july? will-ukraine-join-nato-before-july,Yes,No,,,,,,,,,,,,,,,,,,,,,,,,,,,,,,,0.028,0.029,0.029,0.029,0.029,0.029,0.029,0.029,0.029,0.029,0.029,0.029,0.029,0.029,0.029,0.029,0.031224489795918367,0.031224489795918367,0.03,0.031224489795918367,0.033,0.03,0.033,0.033,0.033,0.033,0.032,0.033,0.032,0.032,0.972,0.972,0.971,0.972,0.971,0.971,0.97,0.971,0.97,0.97,0.97,0.97,0.97,0.97,0.97,0.97,0.967,0.967,0.97,0.967,0.967,0.97,0.967,0.9708737168312996,0.9709999108621725,0.9709999108621725,0.968,0.9709999108621725,0.968,0.968,,,,,,,,,,,,,,,,,,,,,,,,,,,,,,
516190,0x4b1470a1d83fe0e9e5e7edfd68ca0517fdd1386e412d2203d27a5c2832ed60c1,Will Putin remain President of Russia through June?,will-putin-remain-president-of-russia-through-june-2025,"[""Yes"", ""No""]","[""1"", ""0""]","[""83080252071092689902932666850490074811760131055025811650818073654402601835484"", ""27706044619360761256387697290478189707563660684659877077148428665563431908215""]",1098391.834422,0.0,True,True,2025-06-30 05:00:00-07:00,2024-12-20 15:16:42.922838-08:00,,2026-02-03 22:24:58.949138,2024-12-20 15:16:42.922838,2025-06-30 05:00:00,will putin remain president of russia through june? will-putin-remain-president-of-russia-through-june-2025,Yes,No,,,,,,,,,,,,,,,,,,,,,,,,,,,,,,,0.9659999888077212,0.9659999955199968,0.9659999845436911,0.9659999845436911,0.9689338376056403,0.9659999845436911,0.9689338376056403,0.9689338376056403,0.961,0.9689338376056403,0.9605820721769499,0.965,0.9629999992536745,0.9605820721769499,0.96,0.96,0.96,0.96,0.963,0.96,0.962,0.9630000355940014,0.96,0.962,0.965,0.9639993714711528,0.9669992956770738,0.964,0.962,0.968,0.03400000257600171,0.034000004480003225,0.034,0.03400001545630888,0.032832113144758736,0.034,0.032832113144758736,0.032832113144758736,0.04083720930232558,0.032832113144758736,0.037,0.035,0.037000000746325486,0.037,0.037000000746325486,0.037000000746325486,0.037000000746325486,0.037000000746325486,0.037,0.037000000746325486,0.038,0.03700000140600005,0.03994286,0.038,0.035,0.03994286,0.03300000183608757,0.036,0.03799963333333333,0.032,,,,,,,,,,,,,,,,,,,,,,,,,,,,,,
516315,0xa07f15fdd0baa90adf78bd4d66543083334a7e5235a95fa5f241c4e519ea83f6,Will US leave NATO by June 30?,will-us-leave-nato-by-june-30,"[""Yes"", ""No""]","[""0"", ""1""]","[""9252583647094848244431316973245869222379640287360099162283052699401101960353"", ""112686805416681376426848642516954883318316273962669944235801308401883591913314""]",622057.522977,0.0,True,True,2025-06-30 05:00:00-07:00,2024-12-23 08:00:13.432307-08:00,,2026-02-03 22:24:58.949138,2024-12-23 08:00:13.432307,2025-06-30 05:00:00,will us leave nato by june 30? will-us-leave-nato-by-june-30,Yes,No,,,,,,,,,,,,,,,,,,,,,,,,,,,,,,,0.04076074,0.04076074,0.048073349633251834,0.04683333333333333,0.05,0.046,0.046,0.045,0.04899999083699988,0.05294058827822787,0.050687154159611815,0.0452232,0.057999946407995925,0.057999946407995925,0.053,0.05,0.054000000054,0.049,0.054000000054,0.054000000054,0.051,0.054,0.04842511637119937,0.052,0.046,0.0480000012693334,0.046,0.046,0.045780437044745055,0.046,0.959,0.959,0.952,0.953,0.95,0.9539999828279832,0.954,0.956,0.9510004581502978,0.947,0.9539336970762051,0.954,0.9420000535920041,0.9420000535920041,0.947,0.95,0.946,0.951,0.946,0.946,0.949,0.946,0.952,0.948,0.954,0.9519999987306667,0.954,0.954,0.955,0.954,,,,,,,,,,,,,,,,,,,,,,,,,,,,,,
516715,0x9bacdaac65cbe257e96e58daf343c56879ea9003bdaed7cdb8cfcd1a82121d3a,Ukraine joins NATO in 2025?,ukraine-joins-nato-in-2025,"[""Yes"", ""No""]","[""0"", ""1""]","[""5802460671946751538636185453975614627729230853286731735057811449821051691611"", ""104795148936930645520469554178353538587130154145659561962269514319642274480768""]",245327.51675,0.0,True,True,2025-12-31 04:00:00-08:00,2024-12-29 10:45:23.330261-08:00,,2026-02-03 22:24:59.475633,2024-12-29 10:45:23.330261,2025-12-31 04:00:00,ukraine joins nato in 2025? ukraine-joins-nato-in-2025,Yes,No,,,,,,,,,,,,,,,,,,,,,,,,,,,,,,,0.06,0.06,0.06,0.06,0.06,0.06,0.06000000188000263,0.06000000188000263,0.06000000188000263,0.06000000188000263,0.06,0.06,0.06,0.06,0.060000003760011265,0.060000003760011265,0.06000000626667916,0.060000003760011265,0.06000000626667916,0.06000000626667916,0.060000000268571434,0.06000000626667916,0.060000000268571434,0.060000000268571434,0.060000000268571434,0.060000000268571434,0.060000000268571434,0.060000000268571434,0.06,0.060000037600487305,0.94,0.94,0.9399999623995127,0.9399999623995127,0.9399999623995127,0.9399999623995127,0.9399999981199973,0.9399999981199973,0.93,0.9399999981199973,0.94,0.94,0.94,0.94,0.9399999962399888,0.9399999962399888,0.9399999937333209,0.9399999962399888,0.9399999937333209,0.9399999937333209,0.9399999997314286,0.9399999937333209,0.9399999997314286,0.9399999997314286,0.9399999997314286,0.9399999997314286,0.93,0.9399999997314286,0.9399999623995127,0.9399999623995127,,,,,,,,,,,,,,,,,,,,,,,,,,,,,,
516719,0x8ee2f1640386310eb5e7ffa596ba9335f2d324e303d21b0dfea6998874445791,Russia x Ukraine ceasefire in 2025?,russia-x-ukraine-ceasefire-in-2025,"[""Yes"", ""No""]","[""0"", ""1""]","[""15974786252393396629980467963784550802583781222733347534844974829144359265969"", ""42351579455604873042957090441032286075880144797259231030267680078160718556927""]",73752993.267722,0.0,True,True,2025-12-31 04:00:00-08:00,2024-12-29 10:47:35.140745-08:00,,2026-02-03 22:24:59.475633,2024-12-29 10:47:35.140745,2025-12-31 04:00:00,russia x ukraine ceasefire in 2025? russia-x-ukraine-ceasefire-in-2025,Yes,No,,,,,,,,,,,,,,,,,,,,,,,,,,,,,,,0.74,0.74,0.74,0.7599999954399995,0.6999999936363626,0.7099999952666666,0.6900000007841766,0.7,0.7099999826829132,0.69,0.7,0.69,0.7099999994115732,0.71,0.6899999951699998,0.7,0.65,0.68,0.63,0.67,0.6099999993899999,0.63,0.5670169775728359,0.6,0.5299999797636334,0.5699999925899997,0.53,0.52,0.4900000991667163,0.52,0.26,0.25,0.2615,0.24000000456000042,0.30000000636363744,0.29,0.30999999921582344,0.3,0.2900000173170868,0.31,0.3,0.30999998945999985,0.29000000058842684,0.2999999742857128,0.3166528240153271,0.3,0.34,0.32,0.36999999862614047,0.33999993631419206,0.39000000061000006,0.37,0.43,0.4,0.47000002023636656,0.43999999207999974,0.469999964703546,0.48,0.5099999008332837,0.48,,,,,,,,,,,,,,,,,,,,,,,,,,,,,,
517073,0x949052e68f38931266d5d755f89a8cffab18b7837891d018a550457feec2e754,Assad leaves Russia before 2026?,assad-leaves-russia-before-2026,"[""Yes"", ""No""]","[""0"", ""1""]","[""46900460840406661483474634104595482418501684854096906918305683910102403871123"", ""78869803177078589287716771530665317651497156168734051494454473188006845916520""]",61480.487731,0.0,True,True,2025-12-31 04:00:00-08:00,2025-01-02 06:55:56.326639-08:00,,2026-02-03 22:24:59.962244,2025-01-02 06:55:56.326639,2025-12-31 04:00:00,assad leaves russia before 2026? assad-leaves-russia-before-2026,Yes,No,,,,,,,,,,,,,,,,,,,,,,,,,,,,,,,0.22999999328399992,0.22999999328399992,0.22999999328399992,0.22999999328399992,0.22999999328399992,0.22999999328399992,0.22999999328399992,0.22999999328399992,0.22543552128393204,0.22999999328399992,0.21999985479995063,0.22543552128393204,0.21999985479995063,0.21999985479995063,0.21999985479995063,0.21999985479995063,0.21999985479995063,0.21999985479995063,0.21999985479995063,0.21999985479995063,0.22,0.21999985479995063,0.22,0.22,0.22,0.22,0.22,0.22,0.22,0.22,0.79,0.79,0.79,0.79,0.79,0.79,0.79,0.79,0.77,0.79,0.77,0.77,0.77,0.77,0.8,0.8,0.79,0.79,0.79,0.79,0.78,0.79,0.78,0.78,0.78,0.78,0.78,0.78,0.78,0.78,,,,,,,,,,,,,,,,,,,,,,,,,,,,,,
517693,0x60e45f2a5cccd16fd60eda5f96670f946b2281b7ce59595b621eee05de4eda49,Will Russia abandon Syrian naval base before July?,will-russia-abandon-syrian-naval-base-before-april,"[""Yes"", ""No""]","[""0"", ""1""]","[""69226537548379102137110260910766942274764101034650179979960227372969528243604"", ""38028235049989289118991891250017423701902844342596888644757673357241176888913""]",133894.428883,0.0,True,True,2025-06-30 05:00:00-07:00,2025-01-06 13:13:00.580668-08:00,,2026-02-03 22:25:00.562616,2025-01-06 13:13:00.580668,2025-06-30 05:00:00,will russia abandon syrian naval base before july? will-russia-abandon-syrian-naval-base-before-april,Yes,No,,,,,,,,,,,,,,,,,,,,,,,,,,,,,,,0.12,0.12,0.12,0.12,0.12,0.12,0.12,0.12,0.12,0.12,0.12,0.12,0.12,0.12,0.09,0.12,0.09,0.09,0.09,0.09,0.1,0.11,0.1,0.08,0.08,0.1,0.08,0.08,0.08,0.08,0.87,0.87,0.88,0.88,0.88,0.88,0.88,0.88,0.89,0.889999886079969,0.89209995800084,0.89,0.89209995800084,0.89209995800084,0.89,0.89209995800084,0.89,0.89,0.89,0.89,0.89,0.89,0.9,0.89,0.92,0.9,0.92,0.92,0.92,0.92,,,,,,,,,,,,,,,,,,,,,,,,,,,,,,
518889,0xc0531ca3aa67e9aec21f8265fdacf39f960c24f3faed1a3e5ac9b4613e6fcd98,Will Donald Trump visit Russia in 2025?,will-donald-trump-visit-russia-in-2025,"[""Yes"", ""No""]","[""0"", ""1""]","[""76417393963448037479806799796874747547221511591996743269503725518742470496274"", ""44380686214454472779171256638293817778327849773706779670665516622038269778385""]",986854.873282,0.0,True,True,2025-12-31 04:00:00-08:00,2025-01-16 09:57:52.426541-08:00,,2026-02-03 22:25:01.425468,2025-01-16 09:57:52.426541,2025-12-31 04:00:00,will donald trump visit russia in 2025? will-donald-trump-visit-russia-in-2025,Yes,No,,,,,,,,,,,,,,,,,,,,,,,,,,,,,,,0.36,0.38,0.35,0.36,0.3299999590799969,0.31000000483000023,0.29,0.31,0.28491428571428573,0.28,0.3,0.28491428571428573,0.33,0.33,0.32,0.3,0.3298259868421053,0.3298259868421053,0.33,0.3,0.36,0.31407055630936226,0.31,0.36,0.3,0.31,0.28,0.3,0.29,0.2700000085708069,0.6154573237284435,0.633891818437536,0.6699999865999994,0.6154573237284435,0.67,0.6899999951699998,0.6900000066959164,0.7,0.71,0.72,0.7,0.7,0.68,0.68,0.68,0.68,0.67,0.67,0.6892825733480927,0.6892825733480927,0.64,0.6699999195999292,0.69,0.64,0.7,0.68,0.7164193360153687,0.7,0.71,0.7299999974449999,,,,,,,,,,,,,,,,,,,,,,,,,,,,,,
518890,0x08e4a29cfed319d93843bf78a0953f70c203fdc98051bb4a886483b4cc2ceb8a,Will Donald Trump visit Ukraine in 2025?,will-donald-trump-visit-ukraine-in-2025,"[""Yes"", ""No""]","[""0"", ""1""]","[""1820990530457734990844221236379424325571531338274179313320944848555296238885"", ""19787433176606062103363478006507471735790167880416910771642279209812633663344""]",79206.386456,0.0,True,True,2025-12-31 04:00:00-08:00,2025-01-16 09:58:54.179238-08:00,,2026-02-03 22:25:01.425468,2025-01-16 09:58:54.179238,2025-12-31 04:00:00,will donald trump visit ukraine in 2025? will-donald-trump-visit-ukraine-in-2025,Yes,No,,,,,,,,,,,,,,,,,,,,,,,,,,,,,,,0.18999987839995622,0.18999987839995622,0.1799999125714086,0.18999987839995622,0.17999998703999964,0.16,0.16,0.17999998703999964,0.16,0.16,0.16999988517541542,0.16999988609996242,0.16,0.16999988517541542,0.16,0.16,0.1799998703999637,0.16,0.1799999279999928,0.1799998703999637,0.1799999279999928,0.1799999279999928,0.16,0.1799999279999928,0.16,0.16,0.18340666666666666,0.18340666666666666,0.18340666666666666,0.18340666666666666,0.82,0.82,0.82,0.82,0.84,0.84,0.84,0.84,0.84,0.84,0.84,0.84,0.84,0.84,0.84,0.84,0.8200001296000363,0.83,0.8200000720000072,0.8200001296000363,0.82,0.8200000720000072,0.82,0.82,0.82,0.82,0.81,0.81,0.81,0.81,,,,,,,,,,,,,,,,,,,,,,,,,,,,,,
519048,0x45dfeb8088ef684004f6da7ab453cb1e7cacb14330b06a4eb7ba556e47201c43,Zelenskyy out as Ukraine president before July?,zelenskyy-out-as-ukraine-president-before-july,"[""Yes"", ""No""]","[""0"", ""1""]","[""74534059827731044353009484655251717921023956616694121520435859117169009979824"", ""76643504232063200802060773779828726415087044269171506931668031354693251545396""]",3541319.915162,0.0,True,True,2025-06-30 05:00:00-07:00,2025-01-17 10:03:25.827092-08:00,,2026-02-03 22:25:01.848960,2025-01-17 10:03:25.827092,2025-06-30 05:00:00,zelenskyy out as ukraine president before july? zelenskyy-out-as-ukraine-president-before-july,Yes,No,,,,,,,,,,,,,,,,,,,,,,,,,,,,,,,0.16,0.15000000927947993,0.14,0.16,0.13,0.1499999985,0.12,0.13000000870001732,0.10999990319998838,0.12999999275714275,0.12,0.11000000844402749,0.12,0.12,0.1,0.1199999996020529,0.1,0.11,0.1,0.09,0.1099999684666652,0.1099999684666652,0.09,0.11,0.1,0.1,0.09,0.1,0.1,0.10999990319998838,0.84,0.84,0.86,0.84,0.87,0.8500000096907051,0.88,0.8699999912999827,0.89,0.88,0.88,0.8899999915559725,0.88,0.88,0.8999997290968903,0.89,0.9,0.89,0.9099998835199683,0.91,0.89,0.89,0.91,0.89,0.9,0.9,0.91,0.9,0.9,0.9,,,,,,,,,,,,,,,,,,,,,,,,,,,,,,
519628,0x5412ae25e97078f814157de948459d59c6221b4c4c495fdd57b536543ad36729,Russia x Ukraine ceasefire before July?,russia-x-ukraine-ceasefire-before-july,"[""Yes"", ""No""]","[""0"", ""1""]","[""39327269875426915204597944387916069897800289788920336317845465327697809453999"", ""37946704943888888914227612417452623974614267503719043957094985529354395995926""]",17125742.5248,0.0,True,True,2025-06-30 05:00:00-07:00,2025-01-22 10:49:18.013328-08:00,,2026-02-03 22:25:02.266334,2025-01-22 10:49:18.013328,2025-06-30 05:00:00,russia x ukraine ceasefire before july? russia-x-ukraine-ceasefire-before-july,Yes,No,,,,,,,,,,,,,,,,,,,,,,,,,,,,,,,0.6099999926799997,0.58,0.5299999991587301,0.62,0.52,0.5199999958399999,0.5,0.52,0.49,0.48,0.4613999882352941,0.49,0.48,0.48,0.43611118268689925,0.48,0.43999998574073956,0.45,0.4,0.44,0.34,0.3731500906344411,0.31,0.34,0.28,0.3,0.31,0.2799999731199972,0.3,0.32,0.4,0.41,0.47000000084126986,0.389999999038,0.489999999902,0.48000000416000005,0.5,0.4799999879999988,0.51,0.5,0.55,0.509999999949,0.52,0.5199999997409068,0.56,0.52,0.5600000142592605,0.55,0.6,0.56,0.66,0.63,0.69,0.66,0.72,0.7099994390993213,0.69,0.72,0.7,0.68,,,,,,,,,,,,,,,,,,,,,,,,,,,,,,
519736,0x9e7a49b1879cbbe71acddda37f20a510dc130a77d35872abf61200d5626b1987,Ukraine lowers conscription age before May 9?,ukraine-lowers-conscrption-age-before-may-9,"[""Yes"", ""No""]","[""0"", ""1""]","[""63894828884807366836211275957245556698359823645556214866812004935138375830618"", ""108331518505056537403722461966654684743488871885239753047834907734450664515452""]",206610.641303,0.0,True,True,2025-05-09 05:00:00-07:00,2025-01-23 08:01:15.076734-08:00,,2026-02-03 22:25:02.266334,2025-01-23 08:01:15.076734,2025-05-09 05:00:00,ukraine lowers conscription age before may 9? ukraine-lowers-conscrption-age-before-may-9,Yes,No,,,,,,,,,,,,,,,,,,,,,,,,,,,,,,,0.122,0.116,0.11400000064527196,0.121,0.1042903,0.12,0.1,0.1,0.1,0.1,0.1,0.1,0.087,0.1,0.06447826086956522,0.06447826086956522,0.1,0.08,0.05300000148410492,0.061,0.07647055337370089,0.07647055337370089,0.05300005085872324,0.07647055337370089,0.05300005085872324,0.05300005085872324,0.044,0.044,0.05,0.045000013907780294,0.8789999050676305,0.884,0.8859999993547281,0.879,0.886,0.88,0.9099090909090909,0.9,0.9099090909090909,0.9099090909090909,0.9099090909090909,0.9099090909090909,0.903,0.9099090909090909,0.9449997196498963,0.9449997196498963,0.9040684090909091,0.9200710518605333,0.9459994078031864,0.927,0.934,0.934,0.9460539419899724,0.934,0.9460539419899724,0.9460539419899724,0.946719690455718,0.942349378042185,0.95,0.9549999860922197,,,,,,,,,,,,,,,,,,,,,,,,,,,,,,
519844,0xe8834c7ad3a6f044bd8657185dfdccd74d34e5914c7b7b187cd983224553b3ba,Will Trump meet with Volodymyr Zelenskyy in his first 100 days?,will-trump-meet-with-volodymyr-zelenskyy-in-his-first-100-days,"[""Yes"", ""No""]","[""1"", ""0""]","[""40914113765279699847589045742755525912767460490196542143342551731171071232917"", ""115151921832306680160638545362939767099400757097903129602011054222202727203606""]",541368.592052,0.0,True,True,2025-04-29 05:00:00-07:00,2025-01-23 14:55:08.028755-08:00,,2026-02-03 22:25:02.266334,2025-01-23 14:55:08.028755,2025-04-29 05:00:00,will trump meet with volodymyr zelenskyy in his first 100 days? will-trump-meet-with-volodymyr-zelenskyy-in-his-first-100-days,Yes,No,,,,,,,,,,,,,,,,,,,,,,,,,,,,,,,0.999,0.999,0.999,0.999,0.999,0.999,0.999,0.999,0.999,0.999,0.999,0.999,0.999,0.999,0.999,0.999,0.999,0.999,0.999,0.999,0.999,0.999,0.999,0.999,0.999,0.999,0.999,0.999,0.999,0.999,0.001,0.001,0.001,0.001,0.001,0.001,0.001,0.001,0.001,0.001,0.001,0.001,0.001,0.001,0.001,0.001,0.001,0.001,0.001,0.001,0.001,0.001,0.001,0.001,0.001,0.001,0.001,0.001,0.001,0.001,,,,,,,,,,,,,,,,,,,,,,,,,,,,,,
521025,0xb303fceda7906a905f697c1f9eac462da9cd8c9b1a8d18898363437a7be31561,Will Russia capture Pokrovsk by June 30?,will-russia-capture-pokrovsk-by-june-30,"[""Yes"", ""No""]","[""0"", ""1""]","[""50391907985844971368730434370554275352555306650304559981296724287110163889372"", ""28414938735362964078307100001374150957816395319940009652318455849499629150252""]",577005.485231,0.0,True,True,2025-06-30 05:00:00-07:00,2025-01-30 10:39:25.051758-08:00,,2026-02-03 22:25:03.257401,2025-01-30 10:39:25.051758,2025-06-30 05:00:00,will russia capture pokrovsk by june 30? will-russia-capture-pokrovsk-by-june-30,Yes,No,,,,,,,,,,,,,,,,,,,,,,,,,,,,,,,0.39,0.38,0.38,0.38999999024999976,0.34,0.36,0.35,0.34,0.369601,0.35,0.35999984316822986,0.35999987039991704,0.33,0.33000000134,0.32999999540357133,0.32,0.3100000154030613,0.3100000158688904,0.3299999811899992,0.32999997766153655,0.3299999811899992,0.3299999811899992,0.24,0.22,0.21999999361999986,0.23,0.22,0.22,0.20999999344799994,0.22,0.61,0.6199999989832,0.62,0.6100000097500002,0.63,0.64,0.65,0.6499999593749923,0.63,0.66,0.6400001568317701,0.6400001296000829,0.67,0.6699999986599999,0.67,0.67,0.6836251931010485,0.689999996826,0.6700000188100008,0.7,0.6700000188100008,0.6700000188100008,0.76,0.7750070464099444,0.7800000063800001,0.7899999144166474,0.7799999943839998,0.77,0.7900000065520001,0.78,,,,,,,,,,,,,,,,,,,,,,,,,,,,,,
521026,0xd5a64f75a5d7107e53e7c3eaf52865624a0c79ad8c41379faef4285494991326,Will Russia capture Pokrovsk by December 31?,will-russia-capture-pokrovsk-by-december-31-531,"[""Yes"", ""No""]","[""1"", ""0""]","[""49473000926194462184545427213242554383104595845909786504578023251386790224858"", ""23632768753333496327246137884794918423597173479688585307138116345069085580247""]",958806.306985,0.0,True,True,2025-06-30 05:00:00-07:00,2025-01-30 10:40:05.309161-08:00,,2026-02-03 22:25:03.257401,2025-01-30 10:40:05.309161,2025-06-30 05:00:00,will russia capture pokrovsk by december 31? will-russia-capture-pokrovsk-by-december-31-531,Yes,No,,,,,,,,,,,,,,,,,,,,,,,,,,,,,,,0.62,0.61,0.6203954300669474,0.6,0.59,0.6,0.67,0.59,0.6482255,0.67,0.64,0.6200000988000731,0.6300001369000863,0.64,0.6400007920022176,0.68,0.65,0.6400007920022176,0.62,0.62,0.64,0.62,0.6,0.6,0.6,0.6,0.6,0.6,0.5983064056069085,0.6,0.39,0.39,0.37000030206803325,0.4,0.41,0.37,0.3351659015311873,0.38,0.35,0.3351659015311873,0.3799999011999269,0.3799999011999269,0.36999986309991373,0.36,0.3599999920799998,0.32,0.3549675864980999,0.3599999920799998,0.38,0.38,0.36,0.38,0.4,0.4,0.4,0.4,0.4,0.4,0.39000001109216137,0.4,,,,,,,,,,,,,,,,,,,,,,,,,,,,,,
521041,0xd6243623b48dbccc42461df4e3c478a467de726eee19a477df0911f77b38cba6,Will Russia capture Siversk before May?,will-russia-capture-siversk-before-may,"[""Yes"", ""No""]","[""0"", ""1""]","[""83524440200143860657028178945801858366378129256359488825050609853223919531809"", ""70920939650366426146836696994150938025168677239124917474200404356093431153260""]",121791.363829,0.0,True,True,2025-04-30 05:00:00-07:00,2025-01-30 12:29:41.477847-08:00,,2026-02-03 22:25:03.257401,2025-01-30 12:29:41.477847,2025-04-30 05:00:00,will russia capture siversk before may? will-russia-capture-siversk-before-may,Yes,No,,,,,,,,,,,,,,,,,,,,,,,,,,,,,,,0.15,0.15,0.12,0.11150053064263199,0.1299999789399992,0.11000000106633578,0.1299999789399992,0.1299999789399992,0.11000000778750091,0.11000000778750091,0.11999990495047623,0.1100000890004361,0.09,0.11999990495047623,0.07,0.07000000074400017,0.07,0.07,0.06999993629999426,0.06,0.07,0.07,0.060000037600487305,0.07,0.05,0.060000037600487305,0.05,0.05,0.05,0.05,0.85,0.85,0.88,0.9,0.8700000319255392,0.9,0.8899994125992129,0.8899994125992129,0.8899999922124991,0.8899999922124991,0.8800000950495238,0.8899999109995639,0.9199998756055805,0.9199999553780271,0.9299999992559999,0.9299999992559999,0.93,0.9299999992559999,0.9300000637000058,0.94,0.93,0.93,0.9399999623995127,0.93,0.95,0.9399999623995127,0.95,0.95,0.95,0.95,,,,,,,,,,,,,,,,,,,,,,,,,,,,,,
521100,0x33acd15d84b5b0cb3125425fff9abb9f84260ad6cdd658e57230627c83ede60f,Will Russia recapture Sudzha by April 30?,will-russia-recapture-sudzha-by-april-30,"[""Yes"", ""No""]","[""1"", ""0""]","[""14990029861718662869816237869973544862792282285138092644462921007650993247380"", ""42807705713627033072721560874549512720856774493986139163714965545915531235572""]",302652.40591,0.0,True,True,2025-04-30 05:00:00-07:00,2025-01-30 16:18:49.374361-08:00,,2026-02-03 22:25:03.257401,2025-01-30 16:18:49.374361,2025-04-30 05:00:00,will russia recapture sudzha by april 30? will-russia-recapture-sudzha-by-april-30,Yes,No,,,,,,,,,,,,,,,,,,,,,,,,,,,,,,,0.999,0.999,0.999,0.999,0.999,0.999,0.999,0.999,0.999,0.999,0.999,0.999,0.999,0.999,0.999,0.999,0.999,0.999,0.999,0.999,0.999,0.999,0.999,0.999,0.999,0.999,0.999,0.999,0.999,0.999,0.001,0.001,0.001,0.001,0.001,0.001,0.001,0.001,0.001,0.001,0.001,0.001,0.001,0.001,0.001,0.001,0.001,0.001,0.001,0.001,0.001,0.001,0.001,0.001,0.001,0.001,0.001,0.001,0.001,0.001,,,,,,,,,,,,,,,,,,,,,,,,,,,,,,
521103,0x07f106c0b60e94d96a63954f0536811c1a0b054b958f26bb749689b620b72f50,NATO/EU troops fighting in Ukraine in 2025?,natoeu-troops-fighting-in-ukraine-in-2025,"[""Yes"", ""No""]","[""0"", ""1""]","[""103909253011351322759892776638669457027523901655815490042130382730360706229706"", ""40643730425995007653653846322257326466291751148478865541862332040512398068473""]",170793.703881,0.0,True,True,2025-12-31 04:00:00-08:00,2025-01-30 16:57:35.244062-08:00,,2026-02-03 22:25:03.257401,2025-01-30 16:57:35.244062,2025-12-31 04:00:00,nato/eu troops fighting in ukraine in 2025? natoeu-troops-fighting-in-ukraine-in-2025,Yes,No,,,,,,,,,,,,,,,,,,,,,,,,,,,,,,,0.13,0.12,0.13,0.13,0.11262178619756427,0.11262178619756427,0.13,0.13,0.1299999789399992,0.1299999789399992,0.1299999789399992,0.1299999789399992,0.1299999789399992,0.1299999789399992,0.1299999789399992,0.1299999789399992,0.1299999466999952,0.13,0.1299999466999952,0.1299999466999952,0.1299999789399992,0.1299999466999952,0.11,0.11,0.169999998623,0.11,0.16,0.15,0.16,0.16,0.88,0.88,0.88,0.88,0.89,0.89,0.8804035578554902,0.8804035578554902,0.88999995549998,0.8804035578554902,0.88999995549998,0.88999995549998,0.88999995549998,0.88999995549998,0.8899998071665799,0.88999995549998,0.8700000533000048,0.8795403372936412,0.8700000533000048,0.8700000533000048,0.8813705768075465,0.8700000533000048,0.89,0.89,0.8499999787499984,0.89,0.84,0.85,0.8499994474992542,0.84,,,,,,,,,,,,,,,,,,,,,,,,,,,,,,
521499,0x87b7ea66b816a057a5d18f8f230ec016e8c9225a8c97a15e678c3de157305737,Will Russia recapture Sudzha by June 30?,will-russia-recapture-sudzha-by-june-30,"[""Yes"", ""No""]","[""1"", ""0""]","[""47692708638309429756044208432818720002044706296619873136468383174493259480485"", ""37809713000353368658683984822433912106052732096671571646866650191133502648634""]",80628.548248,0.0,True,True,2025-06-30 05:00:00-07:00,2025-02-02 19:54:27.695953-08:00,,2026-02-03 22:25:03.631640,2025-02-02 19:54:27.695953,2025-06-30 05:00:00,will russia recapture sudzha by june 30? will-russia-recapture-sudzha-by-june-30,Yes,No,,,,,,,,,,,,,,,,,,,,,,,,,,,,,,,0.999,0.999,0.999,0.999,0.999,0.999,0.999,0.999,0.999,0.999,0.999,0.999,0.999,0.999,0.999,0.999,0.999,0.999,0.999,0.999,0.999,0.999,0.999,0.999,0.999,0.999,0.999,0.999,0.999,0.999,0.001,0.001,0.001,0.001,0.001,0.001,0.001,0.001,0.001,0.001,0.001,0.001,0.001,0.001,0.001,0.001,0.001,0.001,0.001,0.001,0.001,0.001,0.001,0.001,0.001,0.001,0.001,0.001,0.001,0.001,,,,,,,,,,,,,,,,,,,,,,,,,,,,,,
521603,0x3ea4ec25d0491fa7c374ed61762ec9d604c52b56df0d8c5f30ccdb71a838bc1e,Will Ukraine win Eurovision 2025?,will-ukraine-win-eurovision-2025,"[""Yes"", ""No""]","[""0"", ""1""]","[""18833065283746804110550289341323864262410877417777323132151715138616977528841"", ""108064859672314536571175804798614410280877635973727667622803804179444259690672""]",1734956.735678,0.0,True,True,2025-05-17 05:00:00-07:00,2025-02-03 11:56:09.782359-08:00,,2026-02-03 22:25:03.631640,2025-02-03 11:56:09.782359,2025-05-17 05:00:00,will ukraine win eurovision 2025? will-ukraine-win-eurovision-2025,Yes,No,,,,,,,,,,,,,,,,,,,,,,,,,,,,,,,0.03599996630399784,0.036,0.025,0.035,0.028,0.027,0.023,0.024,0.023,0.023,0.023000000167984983,0.023,0.026,0.029,0.024,0.025,0.029,0.026000001657231372,0.025,0.026,0.02238177,0.022,0.022,0.022,0.02,0.02299998895999978,0.02399997695999908,0.022,0.025,0.02200001190614893,0.975,0.964,0.975,0.966,0.972,0.973,0.976,0.976,0.9769999992144004,0.9760475885374146,0.976999999832015,0.978,0.974,0.971,0.976,0.975,0.972,0.9739999983427686,0.975,0.976,0.9789999974311924,0.978,0.978,0.978,0.98,0.977,0.979,0.978,0.975,0.977999988093851,,,,,,,,,,,,,,,,,,,,,,,,,,,,,,
522056,0x07555b0e89abe017ddde72e5d04f26f6b26a7f221cca5fcae54ca99dd984774d,Ukraine agrees not to join NATO in 2025? ,ukraine-agrees-not-to-join-nato-before-july,"[""Yes"", ""No""]","[""0"", ""1""]","[""96601928894191559916157952751631886797424000157973909225754084049773554405468"", ""111817814065148789668110176254570458287510111700931938757952739120253070676417""]",1643257.827825,0.0,True,True,2025-12-31 04:00:00-08:00,2025-02-06 13:55:33.636794-08:00,,2026-02-03 22:25:04.029870,2025-02-06 13:55:33.636794,2025-12-31 04:00:00,ukraine agrees not to join nato in 2025?  ukraine-agrees-not-to-join-nato-before-july,Yes,No,,,,,,,,,,,,,,,,,,,,,,,,,,,,,,,0.5499999998401163,0.5100000273488399,0.55,0.5499999807499988,0.53,0.5699999472749785,0.52,0.5499999931249997,0.49,0.5099999966618182,0.5299999816266648,0.4849566547679755,0.519999995689119,0.52,0.48,0.5027792620405805,0.47999982719988943,0.44,0.48,0.5,0.44,0.46,0.44,0.44,0.43,0.43,0.42000002022187255,0.4399999788539732,0.43999998122666495,0.43999980639989156,0.45000000015988373,0.4899999726511601,0.45999989384612733,0.45000001925000127,0.47,0.4300000527250215,0.4799999827199989,0.45000000687500025,0.51,0.4900000038850401,0.47,0.52,0.48000000487279226,0.48,0.51,0.48000005093879133,0.5200001728001106,0.53,0.52,0.5,0.56,0.54,0.5599999663999852,0.56,0.5699999709504107,0.5599999663999852,0.5799999797781275,0.5600000211460268,0.560000018773335,0.56,,,,,,,,,,,,,,,,,,,,,,,,,,,,,,
522057,0x591f785022238c7ea2563553d93c024e451a18ea74d9bbd79a6126c0267c588a,"Ukraine recognizes Russian sovereignty over its territory by December 31, 2025?",ukraine-recognizes-russian-sovereignty-over-ukrainian-territory-in-2025,"[""Yes"", ""No""]","[""0"", ""1""]","[""48477409091695386761559202853239391470463303066983260592312960625658563043275"", ""39073221701552764059446410725782004011128353041681427534414147663135223634260""]",2130098.430134,0.0,True,True,2025-12-31 04:00:00-08:00,2025-02-06 14:01:49.644084-08:00,,2026-02-03 22:25:04.029870,2025-02-06 14:01:49.644084,2025-12-31 04:00:00,"ukraine recognizes russian sovereignty over its territory by december 31, 2025? ukraine-recognizes-russian-sovereignty-over-ukrainian-territory-in-2025",Yes,No,,,,,,,,,,,,,,,,,,,,,,,,,,,,,,,0.28,0.24,0.25,0.2799999959700149,0.25,0.23999999834683955,0.25,0.25999999029333304,0.22999999620499997,0.22,0.21000000790002363,0.22,0.22999988603598984,0.21,0.25,0.23,0.25,0.2399999954430379,0.22,0.25,0.18,0.21,0.19,0.18999999381161964,0.19,0.19,0.2,0.19000000112033258,0.2,0.2,0.729999987589999,0.76,0.75,0.7200000040299851,0.76,0.76,0.75,0.7400000097066669,0.770000003795,0.77,0.7899999920999764,0.78,0.79,0.79,0.75,0.7799999995319999,0.75,0.76,0.78,0.75,0.81,0.79,0.8,0.8299999845422973,0.8,0.8099999999834694,0.8,0.8099999988796674,0.81,0.81,,,,,,,,,,,,,,,,,,,,,,,,,,,,,,
522878,0x0b5d28cc85d295a39897b524329653628d7de3378920ab63247c8af9d7ee03d3,Will Trump meet with Putin or Zelenskyy first?,will-trump-meet-with-putin-or-zelenskyy-first,"[""Putin"", ""Zelenskyy""]","[""0"", ""1""]","[""5442743401928862894180841736263512191564084389996775978514134400673743050598"", ""55264189025055373090161890959631464405045385380191735792739072809428026021736""]",465247.688699,0.0,True,True,2025-12-31 04:00:00-08:00,2025-02-11 10:41:56.219533-08:00,,2026-02-03 22:25:04.398591,2025-02-11 10:41:56.219533,2025-12-31 04:00:00,will trump meet with putin or zelenskyy first? will-trump-meet-with-putin-or-zelenskyy-first,Putin,Zelenskyy,0.001,0.001,0.001,0.001,0.001,0.001,0.001,0.001,0.001,0.001,0.001,0.001,0.001,0.001,0.001,0.001,0.001,0.001,0.001,0.001,0.001,0.001,0.001,0.001,0.001,0.001,0.001,0.001,0.001,0.001,,,,,,,,,,,,,,,,,,,,,,,,,,,,,,,,,,,,,,,,,,,,,,,,,,,,,,,,,,,,,0.999,0.999,0.999,0.999,0.999,0.999,0.999,0.999,0.999,0.999,0.999,0.999,0.999,0.999,0.999,0.999,0.999,0.999,0.999,0.999,0.999,0.999,0.999,0.999,0.999,0.999,0.999,0.999,0.999,0.999
522894,0x07ee279bba9504331b98ed151db364f9562f5cf80baec6d7ab37b5e32221a6d6,Will Russia capture Kupiansk by April 30?,will-russia-capture-kupiansk-by-april-30,"[""Yes"", ""No""]","[""0"", ""1""]","[""81020312652589627285197771109762839746287006928172707150877539028691834065212"", ""108303820542127194670275571355095079674537367635794408292209711330192187534707""]",65384.620266,0.0,True,True,2025-04-30 05:00:00-07:00,2025-02-11 11:12:53.838311-08:00,,2026-02-03 22:25:04.398591,2025-02-11 11:12:53.838311,2025-04-30 05:00:00,will russia capture kupiansk by april 30? will-russia-capture-kupiansk-by-april-30,Yes,No,,,,,,,,,,,,,,,,,,,,,,,,,,,,,,,0.08919440854772834,0.07,0.06,0.05888978445235964,0.07,0.07,0.07,0.07,0.07,0.08,0.06,0.07000001860008333,0.06,0.06,0.06,0.06,0.06,0.06,0.05,0.06,0.05,0.05,0.05,0.06,0.05,0.05,0.05,0.05,0.05,0.05,0.92,0.9399998630077294,0.94,0.94,0.93,0.93,0.93,0.93,0.94,0.92,0.9399999806777771,0.9299999813999167,0.9399999806777771,0.9399999806777771,0.9399999806777771,0.9399999806777771,0.9399999806777771,0.9399999806777771,0.95,0.94,0.95,0.95,0.95,0.94,0.95,0.95,0.95,0.95,0.95,0.95,,,,,,,,,,,,,,,,,,,,,,,,,,,,,,
522895,0xe252404a63e04d8199105b91833a47471317be7307e2471a9349375694bc39c8,Will Russia capture Kupiansk by August 31?,will-russia-capture-kupiansk-by-august-31-961-273,"[""Yes"", ""No""]","[""0"", ""1""]","[""62643694748826312587911382162440534823433709821141516597510649054633548502810"", ""66339636783489562244427406324835042611372608866942882907689045655663784195972""]",830318.639654,0.0,True,True,2025-08-31 05:00:00-07:00,2025-02-11 11:13:47.985923-08:00,,2026-02-03 22:25:04.398591,2025-02-11 11:13:47.985923,2025-08-31 05:00:00,will russia capture kupiansk by august 31? will-russia-capture-kupiansk-by-august-31-961-273,Yes,No,,,,,,,,,,,,,,,,,,,,,,,,,,,,,,,0.3205607450161586,0.35,0.33,0.3299999590799969,0.33,0.33,0.33,0.33,0.33,0.33,0.37999987207912433,0.36999984953329423,0.34,0.37999987207912433,0.34,0.34,0.32,0.32,0.3206723128639226,0.32,0.29014012028024055,0.3206723128639226,0.2900000126604875,0.2900000126604875,0.3136885782750736,0.3136885782750736,0.32,0.3136885782750736,0.3,0.29000001547018495,0.650000008166667,0.67,0.67,0.6700000409200031,0.67,0.67,0.6503745964712809,0.67,0.6503745964712809,0.6503745964712809,0.6200001279208757,0.6300001504667058,0.66,0.6200001279208757,0.6699999731999944,0.6699999731999944,0.6900090567254044,0.6900090567254044,0.6700000102049052,0.6900090567254044,0.72,0.6700000102049052,0.7099999725656846,0.7099999873395125,0.7099999403917849,0.68,0.68,0.71,0.7,0.709999984529815,,,,,,,,,,,,,,,,,,,,,,,,,,,,,,
523197,0x70d6726f639283c79ff2394d67edeb20c343da15a16242abc0ca253938422adf,Will Trump visit Russia in first 100 days?,will-trump-visit-russia-in-first-100-days,"[""Yes"", ""No""]","[""0"", ""1""]","[""76517872896411850784270344965682992803318434169987777444136970978963357739156"", ""55509409310784585364116971076570089959207228118269642206238982520364239944605""]",735454.119765,0.0,True,True,2025-04-29 05:00:00-07:00,2025-02-12 13:46:09.799621-08:00,,2026-02-03 22:25:05.015331,2025-02-12 13:46:09.799621,2025-04-29 05:00:00,will trump visit russia in first 100 days? will-trump-visit-russia-in-first-100-days,Yes,No,,,,,,,,,,,,,,,,,,,,,,,,,,,,,,,0.036999998255449994,0.033,0.0341,0.036999998255449994,0.025915996639865595,0.0341,0.025,0.025,0.013,0.013,0.013,0.013,0.022,0.013,0.029,0.022,0.04,0.029999971199998848,0.03500000482505788,0.039,0.03,0.032,0.030409994422761127,0.03,0.02200000001257143,0.016646036121641086,0.016,0.016,0.018999981702999325,0.016,0.96300000174455,0.963,0.965,0.967,0.97,0.965,0.975,0.975,0.975,0.975,0.975,0.975,0.9774965488963302,0.975,0.971,0.972,0.96,0.9700000288000011,0.9649999951749422,0.963,0.968,0.968,0.975,0.968,0.982999998034,0.984,0.9839997772073874,0.984,0.981,0.984,,,,,,,,,,,,,,,,,,,,,,,,,,,,,,
523198,0xa503070c5f90c70e460260460637f50ded4d8886e0a3969c76c557d5377b42f3,Will Putin visit the U.S. before July?,will-putin-visit-the-us-before-july,"[""Yes"", ""No""]","[""0"", ""1""]","[""17636133037698655711537839367918666335877935696344385855077943944327611242596"", ""111048886296924495129741424280092672064807186679410610865674623733591163627018""]",141775.399659,0.0,True,True,2025-06-30 05:00:00-07:00,2025-02-12 13:58:11.712371-08:00,,2026-02-03 22:25:05.015331,2025-02-12 13:58:11.712371,2025-06-30 05:00:00,will putin visit the u.s. before july? will-putin-visit-the-us-before-july,Yes,No,,,,,,,,,,,,,,,,,,,,,,,,,,,,,,,0.06999997969999912,0.06999997969999912,0.06,0.06999997969999912,0.07,0.08,0.060000003760011265,0.07,0.060000003760011265,0.060000003760011265,0.060000003760011265,0.060000003760011265,0.060000003760011265,0.060000003760011265,0.06,0.060000003760011265,0.06,0.06,0.06,0.06,0.06,0.06,0.06,0.06,0.06,0.06,0.06,0.06,0.07,0.06,0.9300000203000008,0.9300000203000008,0.93,0.9300000203000008,0.93,0.92,0.9399999962399888,0.93,0.9399999962399888,0.9399999962399888,0.9399999962399888,0.9399999962399888,0.9399999962399888,0.9399999962399888,0.9399999962399888,0.9399999962399888,0.9399999962399888,0.9399999962399888,0.9399999962399888,0.9399999962399888,0.94,0.9399999962399888,0.94,0.94,0.94,0.94,0.94,0.94,0.93,0.94,,,,,,,,,,,,,,,,,,,,,,,,,,,,,,
523343,0xf3d74c153a35436ff82a5f78200104975c5841140ace763f2954adb340cca511,Ukraine election called in 2025?,ukraine-election-called-in-2025,"[""Yes"", ""No""]","[""0"", ""1""]","[""22255463452594162709449800579658835371746668793825841462318307382376621533755"", ""57160884655103428512814247631012981773015723019889832549493437551469480061242""]",982716.694339,0.0,True,True,2025-12-31 04:00:00-08:00,2025-02-13 11:39:17.849008-08:00,,2026-02-03 22:25:05.015331,2025-02-13 11:39:17.849008,2025-12-31 04:00:00,ukraine election called in 2025? ukraine-election-called-in-2025,Yes,No,,,,,,,,,,,,,,,,,,,,,,,,,,,,,,,0.64,0.6200000677227826,0.62,0.6200000258400035,0.61,0.64,0.63,0.61,0.6100001521000927,0.62,0.64,0.64,0.61,0.64,0.6299999975911763,0.6,0.62,0.64,0.6,0.6,0.56,0.5899998890486443,0.54,0.55,0.51,0.54,0.55,0.5,0.43,0.5,0.36,0.37999993227721746,0.3799999741599966,0.3799999741599966,0.39,0.36,0.37,0.38999999024999976,0.3899998478999072,0.38,0.36,0.3799999741599966,0.39,0.3799999950599998,0.37000000240882364,0.38,0.38,0.38,0.3989632988497178,0.3989632988497178,0.44,0.4189706462625881,0.46,0.44,0.49,0.46,0.45,0.5,0.565106168575024,0.53,,,,,,,,,,,,,,,,,,,,,,,,,,,,,,
523413,0x1b74c3efe140a09049e0eb6b6a2112e00fa4d199cdc718c1a58af1abf6d9e49d,Will any country leave NATO in 2025?,will-any-country-leave-nato-in-2025,"[""Yes"", ""No""]","[""0"", ""1""]","[""46975241878566226675389813084558441099978633579735672808077735156890286559886"", ""4274339277583331170231436480507835882687434608350779078862983050349942696879""]",277041.272422,0.0,True,True,2025-12-31 04:00:00-08:00,2025-02-13 14:27:44.964669-08:00,,2026-02-03 22:25:05.015331,2025-02-13 14:27:44.964669,2025-12-31 04:00:00,will any country leave nato in 2025? will-any-country-leave-nato-in-2025,Yes,No,,,,,,,,,,,,,,,,,,,,,,,,,,,,,,,0.14,0.15,0.15,0.14,0.16,0.15,0.15,0.16,0.16,0.15,0.15,0.17,0.15,0.15,0.1500000283333796,0.15,0.15,0.1500000850003315,0.15,0.15,0.15,0.15,0.14,0.16,0.14,0.14,0.1300348382509776,0.1300348382509776,0.1300348382509776,0.1300348382509776,0.86,0.85,0.85,0.8451938030509883,0.8399999663999946,0.85,0.85,0.8399999663999946,0.84,0.85,0.84,0.83,0.85,0.85,0.8499999716666203,0.85,0.8499999149996685,0.8499999149996685,0.83,0.83,0.8499999868636361,0.83,0.86,0.84,0.86,0.86,0.86,0.86,0.87,0.8699999570649316,,,,,,,,,,,,,,,,,,,,,,,,,,,,,,
523420,0x9388fd0115ced362ce81ba2d3433903f2ae5c78263355d7038ae74ac96c85ac1,"Ukraine election held by December 31, 2025?",ukraine-election-held-in-2025,"[""Yes"", ""No""]","[""0"", ""1""]","[""110303218457795832861589414223072133732424840017074962598980991451216787898529"", ""110513468504414111967623727967802735681305040958967125800368195228103949451183""]",1589428.067032,0.0,True,True,2025-12-31 04:00:00-08:00,2025-02-13 15:40:57.211688-08:00,,2026-02-03 22:25:05.015331,2025-02-13 15:40:57.211688,2025-12-31 04:00:00,"ukraine election held by december 31, 2025? ukraine-election-held-in-2025",Yes,No,,,,,,,,,,,,,,,,,,,,,,,,,,,,,,,0.46,0.39,0.44,0.45,0.42000001469874193,0.4499999797499989,0.4199998235998977,0.42,0.36,0.36,0.41,0.4335218471062764,0.3903388061117965,0.4,0.4100000727667062,0.3699999978821163,0.41000015340011353,0.41,0.39530984829004884,0.4199998235998977,0.3700000409252022,0.4,0.34,0.35,0.3395,0.339999829999915,0.36999997705999915,0.32,0.34,0.34,0.56,0.61,0.55,0.5499999559999947,0.5702327676483593,0.5500000202500012,0.59,0.58,0.64,0.64,0.59,0.59,0.61,0.6,0.5899999272332938,0.6300000021178837,0.5899998465998865,0.59,0.6,0.5800001764001023,0.6299999590747978,0.6,0.66,0.62,0.66,0.66,0.64,0.68,0.66,0.66,,,,,,,,,,,,,,,,,,,,,,,,,,,,,,
524021,0x79fe1c0701d145ed4b74e6b7b3658acbc9b016b70e7321afdb777ad14e8c236c,U.S. recognizes Russian sovereignty over Crimea in 2025? ,will-the-us-recognize-russian-sovereignty-over-crimea-in-2025,"[""Yes"", ""No""]","[""0"", ""1""]","[""97262919156133260921887403057581420516585464065308475066791456615017669503669"", ""22814991468805556116471270417641782171550309851492637070422109257339804109572""]",801266.380276,0.0,True,True,2025-12-31 04:00:00-08:00,2025-02-18 12:42:06.673333-08:00,,2026-02-03 22:25:05.501235,2025-02-18 12:42:06.673333,2025-12-31 04:00:00,u.s. recognizes russian sovereignty over crimea in 2025?  will-the-us-recognize-russian-sovereignty-over-crimea-in-2025,Yes,No,,,,,,,,,,,,,,,,,,,,,,,,,,,,,,,0.32,0.21,0.3299999811899992,0.35000009750003414,0.41,0.37999998410909014,0.35999999698744767,0.36,0.31,0.3300000037325926,0.33999994106665726,0.32,0.35,0.3299999590799969,0.37999994679998084,0.34,0.39,0.4,0.36,0.37000001197000215,0.36,0.36,0.35,0.35,0.32,0.35,0.33,0.339999829999915,0.3426573424793388,0.33,0.7,0.79,0.69,0.6499999024999659,0.5989039672170091,0.63,0.6400000030125523,0.64,0.69,0.6699999962674074,0.6600000589333428,0.68,0.67,0.6700000409200031,0.6299999914949993,0.66,0.61,0.6099999868560212,0.63,0.6299999880299978,0.64,0.64,0.64,0.65,0.6799999714399984,0.65,0.67,0.660000170000085,0.6500000006447368,0.66,,,,,,,,,,,,,,,,,,,,,,,,,,,,,,
524143,0x42b1922e8f436430a99511ad0a8029fd84a62d8bc91ac52b22455399ce598152,Will Trump audit Ukraine aid before May?,will-doge-audit-ukraine-aid-before-may,"[""Yes"", ""No""]","[""0"", ""1""]","[""1179039883486402183499490082435825463500517700553032674433043579228770785112"", ""32156304147657186738936334568719617978558036247795210919856751006394161293073""]",843458.400258,0.0,True,True,2025-04-30 05:00:00-07:00,2025-02-19 11:25:01.345821-08:00,,2026-02-03 22:25:06.020964,2025-02-19 11:25:01.345821,2025-04-30 05:00:00,will trump audit ukraine aid before may? will-doge-audit-ukraine-aid-before-may,Yes,No,,,,,,,,,,,,,,,,,,,,,,,,,,,,,,,0.16,0.17,0.16,0.17,0.16,0.16,0.08,0.1,0.1099999684666652,0.1099999684666652,0.11,0.11,0.1,0.10999999376666661,0.1,0.11,0.12,0.12,0.11,0.12,0.11,0.11336417157275021,0.1337537094125443,0.11,0.14,0.1337537094125443,0.14,0.13,0.16,0.14,0.84,0.83,0.84,0.8200003626191985,0.84,0.84,0.9,0.89,0.9,0.88,0.89,0.89,0.9,0.89,0.89,0.89,0.88,0.88,0.89,0.88,0.87,0.88,0.86,0.87,0.86,0.859999535599322,0.86,0.8599993857137495,0.86,0.86,,,,,,,,,,,,,,,,,,,,,,,,,,,,,,
524145,0xbd1c9c355583f950c76a09bb2e305789043712121800bb5a7abe491a5ee58871,Will Trump meet with Zelenskyy before July?,will-trump-meet-with-volodymyr-zelenskyy-before-july,"[""Yes"", ""No""]","[""1"", ""0""]","[""66356062315875533075062405949409720397580573066885585702377343083606583765118"", ""102062916030133807330186342894442541205582789480933958339342744794892413850627""]",183568.45293,0.0,True,True,2025-06-30 05:00:00-07:00,2025-02-19 11:45:56.258685-08:00,,2026-02-03 22:25:06.020964,2025-02-19 11:45:56.258685,2025-06-30 05:00:00,will trump meet with zelenskyy before july? will-trump-meet-with-volodymyr-zelenskyy-before-july,Yes,No,,,,,,,,,,,,,,,,,,,,,,,,,,,,,,,0.999,0.999,0.999,0.999,0.999,0.999,0.999,0.999,0.999,0.999,0.999,0.999,0.999,0.999,0.999,0.999,0.999,0.999,0.999,0.999,0.999,0.999,0.999,0.999,0.999,0.999,0.999,0.999,0.999,0.999,0.001,0.001,0.001,0.001,0.001,0.001,0.001,0.001,0.001,0.001,0.001,0.001,0.001,0.001,0.001,0.001,0.001,0.001,0.001,0.001,0.001,0.001,0.001,0.001,0.001,0.001,0.001,0.001,0.001,0.001,,,,,,,,,,,,,,,,,,,,,,,,,,,,,,
524147,0x83769fd5022537ff59ca1ccfdfb1c9915983788003e00e905508e22e67404f28,Will Trump meet with Volodymyr Zelenskyy in 2025?,will-trump-meet-with-volodymyr-zelenskyy-in-2025,"[""Yes"", ""No""]","[""1"", ""0""]","[""43469326409739858395690572881501444443817974097672167644298447954120789600137"", ""6436214359665115810717148929293436681245885613476937891713590935932389735242""]",129300.49074,0.0,True,True,2025-12-31 04:00:00-08:00,2025-02-19 11:49:57.167284-08:00,,2026-02-03 22:25:06.020964,2025-02-19 11:49:57.167284,2025-12-31 04:00:00,will trump meet with volodymyr zelenskyy in 2025? will-trump-meet-with-volodymyr-zelenskyy-in-2025,Yes,No,,,,,,,,,,,,,,,,,,,,,,,,,,,,,,,0.9988821436653187,0.9988821436653187,0.9988821436653187,0.9988821436653187,0.9988821436653187,0.9988821436653187,0.9988821436653187,0.9988821436653187,0.9988821436653187,0.9988821436653187,0.9988821436653187,0.9988821436653187,0.9988821436653187,0.9988821436653187,0.9988821436653187,0.9988821436653187,0.9988821436653187,0.9988821436653187,0.9988821436653187,0.9988821436653187,0.9988821436653187,0.9988821436653187,0.9988821436653187,0.9988821436653187,0.9988821436653187,0.9988821436653187,0.9988821436653187,0.9988821436653187,0.9988821436653187,0.9988821436653187,0.001,0.001,0.001,0.001,0.001,0.001,0.001,0.001,0.001,0.001,0.001,0.001,0.001,0.001,0.001,0.001,0.001,0.001,0.001,0.001,0.001,0.001,0.001,0.001,0.001,0.001,0.001,0.001,0.001,0.001,,,,,,,,,,,,,,,,,,,,,,,,,,,,,,
524285,0x1ecb710da7d97b76c1c99180d8f3d2afe052d09b68eca89b4cf3ce37a7a0a426,US recognizes Russian sovereignty over Ukraine?,us-recognizes-russian-sovereignty-over-ukraine,"[""Yes"", ""No""]","[""0"", ""1""]","[""65482627758879803524003778479202246178420046841505286705606240559010331503838"", ""107643187201000404038693592426566378917534508353468263334674357442312114112510""]",1238681.423725,0.0,True,True,2025-12-31 04:00:00-08:00,2025-02-20 08:41:56.546019-08:00,,2026-02-03 22:25:06.020964,2025-02-20 08:41:56.546019,2025-12-31 04:00:00,us recognizes russian sovereignty over ukraine? us-recognizes-russian-sovereignty-over-ukraine,Yes,No,,,,,,,,,,,,,,,,,,,,,,,,,,,,,,,0.37,0.28491047571025324,0.33000000067,0.39906317657628443,0.38,0.3752096,0.37000005460003166,0.38,0.3899999773799968,0.3500000024371955,0.40000000240000005,0.36,0.39,0.4,0.406694,0.41,0.4399999894399992,0.43,0.41000003245001443,0.41000001259379176,0.38,0.41,0.36,0.36,0.36,0.36,0.34,0.34000003651064403,0.34999999910865875,0.34,0.63,0.7100000076963909,0.66999999933,0.5500000098889803,0.62,0.62,0.6299999453999683,0.62,0.62,0.6499999990249999,0.5999999976,0.6339602601586954,0.6072243333333334,0.6,0.6,0.58,0.5600000105600008,0.57,0.5899999675499855,0.5899999874062082,0.63,0.59,0.64,0.64,0.64,0.6499997941665946,0.66,0.659999963489356,0.6500000112903228,0.64,,,,,,,,,,,,,,,,,,,,,,,,,,,,,,
524291,0x12da9018becd98b431fb377ae57087ebbe8ad4a1cf82c832fb0aed7c4b6b791d,Will Trump visit Russia before July?,will-trump-visit-russia-before-july,"[""Yes"", ""No""]","[""0"", ""1""]","[""106785705064968660332067023300536266535388124753272914243541205698423062856246"", ""6456202668171707900880212750943570928813250356351945554332572852984770395210""]",324865.427332,0.0,True,True,2025-06-30 05:00:00-07:00,2025-02-20 09:56:09.361837-08:00,,2026-02-03 22:25:06.020964,2025-02-20 09:56:09.361837,2025-06-30 05:00:00,will trump visit russia before july? will-trump-visit-russia-before-july,Yes,No,,,,,,,,,,,,,,,,,,,,,,,,,,,,,,,0.18,0.2,0.15,0.1417682552094239,0.14,0.14,0.0908788081099125,0.14,0.09,0.0908788081099125,0.09,0.09,0.1,0.1,0.11999999519999995,0.1,0.16,0.1717150903221375,0.14,0.14,0.13,0.14,0.13,0.13,0.13999988239998118,0.10567134552672622,0.13999998273333258,0.13999988239998118,0.17,0.13999998273333258,0.82,0.82,0.85,0.8300001972269886,0.86,0.85,0.88,0.86,0.91,0.88,0.91,0.91,0.9,0.9,0.89,0.9,0.84,0.85,0.89,0.876494012590276,0.87,0.89,0.87,0.87,0.8600001176000188,0.9,0.86,0.8600001176000188,0.83,0.86,,,,,,,,,,,,,,,,,,,,,,,,,,,,,,
524292,0x58f04e4d6d4207be5ffcaa8e12ceaaff491bea2f66a67f1c701744e59c3a920c,Will Trump withdraw the U.S. from NATO in 2025?,will-trump-withdraw-the-us-from-nato-in-2025,"[""Yes"", ""No""]","[""0"", ""1""]","[""23363560824318474668781482335102625289561748638527872548758492627125630990827"", ""9014695769446700891659134648259488341557414914618690658701879241952037527074""]",228935.133447,0.0,True,True,2025-12-31 04:00:00-08:00,2025-02-20 10:23:30.223532-08:00,,2026-02-03 22:25:06.020964,2025-02-20 10:23:30.223532,2025-12-31 04:00:00,will trump withdraw the u.s. from nato in 2025? will-trump-withdraw-the-us-from-nato-in-2025,Yes,No,,,,,,,,,,,,,,,,,,,,,,,,,,,,,,,0.1,0.1,0.11,0.11,0.11,0.11,0.15,0.11,0.15,0.14,0.16999999717322667,0.14,0.16,0.15,0.1699999758599986,0.16,0.1699999758599986,0.1699999758599986,0.14000001720000538,0.1699999758599986,0.15,0.14,0.15,0.15,0.15,0.15,0.13,0.13,0.11999989919998387,0.10707843137254902,0.9,0.9,0.88,0.89,0.88,0.88,0.85,0.88,0.85,0.86,0.85,0.85,0.84,0.85,0.84,0.84,0.85,0.84,0.8599999827999946,0.85,0.85,0.86,0.85,0.85,0.85,0.85,0.8792735129921917,0.8792735129921917,0.8800001008000161,0.9,,,,,,,,,,,,,,,,,,,,,,,,,,,,,,
524310,0x97004cec761044f6eb772191377b3a352d3ec05ec0249a1bf5ca442ba1fac097,Will Ukraine agree to pay back U.S. aid before July?,will-ukraine-agree-to-payback-us-aid-before-july,"[""Yes"", ""No""]","[""1"", ""0""]","[""82246973513888061559569421022652964687465272762066736721360354291228748283806"", ""6800060988333615171942817578522303119129729510028069894794248047438283072436""]",1529637.779795,0.0,True,True,2025-06-30 05:00:00-07:00,2025-02-20 11:47:32.053121-08:00,,2026-02-03 22:25:06.020964,2025-02-20 11:47:32.053121,2025-06-30 05:00:00,will ukraine agree to pay back u.s. aid before july? will-ukraine-agree-to-payback-us-aid-before-july,Yes,No,,,,,,,,,,,,,,,,,,,,,,,,,,,,,,,0.7180001793520653,0.7210000080558759,0.71400016359207,0.7190001340370701,0.5799999981061223,0.688,0.73,0.5499999582429442,0.704,0.741,0.717,0.71,0.6926503074739829,0.742,0.76,0.72,0.999,0.999,0.999,0.999,0.999,0.999,0.999,0.999,0.999,0.999,0.999,0.999,0.999,0.999,0.2819998206479347,0.27844310832586316,0.28599983640793,0.2809998659629299,0.43642470544919,0.3232311477238808,0.2591863503256261,0.46,0.29599997395199706,0.25865178918873194,0.283,0.29,0.319,0.2710000866851595,0.24445473336089293,0.30806812262424327,0.001,0.001,0.001,0.001,0.001,0.001,0.001,0.001,0.001,0.001,0.001,0.001,0.001,0.001,,,,,,,,,,,,,,,,,,,,,,,,,,,,,,
524348,0x827af1ac5895766ceda8258b54844be5f1a31428a3b4bc4a8be8259776d44700,"Will Karoline Leavitt say ""Putin"" 3+ times during next White House press briefing?",will-karoline-leavitt-say-putin-3-times-during-next-white-house-press-briefing-02202025,"[""Yes"", ""No""]","[""0"", ""1""]","[""52960782840877996381169383667062216635147767148703288363719115614339176853095"", ""73984012795437798473481687953253285098754321969692105101879063972760068638228""]",3408.054773,0.0,True,True,2025-12-31 04:00:00-08:00,2025-02-20 14:35:53.285157-08:00,,2026-02-03 22:25:06.020964,2025-02-20 14:35:53.285157,2025-12-31 04:00:00,"will karoline leavitt say ""putin"" 3+ times during next white house press briefing? will-karoline-leavitt-say-putin-3-times-during-next-white-house-press-briefing-02202025",Yes,No,,,,,,,,,,,,,,,,,,,,,,,,,,,,,,,0.001,0.001,0.001,0.001,0.001,0.001,0.001,0.001,0.001,0.001,0.001,0.001,0.001,0.001,0.001,0.001,0.001,0.001,0.001,0.001,0.001,0.001,0.001,0.001,0.001,0.001,0.001,0.001,0.001,0.001,0.999,0.999,0.999,0.999,0.999,0.999,0.999,0.999,0.999,0.999,0.999,0.999,0.999,0.999,0.999,0.999,0.999,0.999,0.999,0.999,0.999,0.999,0.999,0.999,0.999,0.999,0.999,0.999,0.999,0.999,,,,,,,,,,,,,,,,,,,,,,,,,,,,,,
524477,0x2820f9e0e7fac7f3cc909bccdd212c6f3de818a6b0e4ca401c24beba941a2249,Trump in Russia on Victory Day May 9?,will-trump-visit-russia-by-may-9,"[""Yes"", ""No""]","[""0"", ""1""]","[""83547673164506671794819260938344653989875088069034224812175182562166039721574"", ""75533964938719028696952998369094361524498526879485856631877081096914627658644""]",1143264.619709,0.0,True,True,2025-05-09 05:00:00-07:00,2025-02-21 10:25:09.107922-08:00,,2026-02-03 22:25:06.020964,2025-02-21 10:25:09.107922,2025-05-09 05:00:00,trump in russia on victory day may 9? will-trump-visit-russia-by-may-9,Yes,No,,,,,,,,,,,,,,,,,,,,,,,,,,,,,,,0.08,0.08,0.07,0.0667214,0.08,0.08,0.07,0.07,0.08,0.08,0.08,0.08,0.07,0.07,0.04,0.05,0.030000001940002324,0.04,0.030000001940002324,0.030000001940002324,0.020931677018633542,0.028846126386833,0.029,0.029,0.029,0.029,0.029,0.029,0.024,0.029,0.92,0.92,0.93,0.94,0.9333345020150344,0.91,0.92,0.93,0.92,0.92,0.9299997767998304,0.9299997767998304,0.93,0.93,0.95,0.95,0.9699999980599977,0.96,0.9699999980599977,0.9699999980599977,0.975,0.970000098275879,0.971,0.971,0.971,0.971,0.971,0.971,0.9756668889629877,0.9749998244999614,,,,,,,,,,,,,,,,,,,,,,,,,,,,,,
525157,0xb58d0e3b3dd34b2b8d8997e6ce36ca3873bdd6034fe0dde633f11e50d4b18c69,Zelensky resigns in 2025?,zelensky-resigns-in-2025,"[""Yes"", ""No""]","[""0"", ""1""]","[""74129046843921940913413587682588886122583847748489066762857187137233978267670"", ""64545313588399663482682286511585103428301403511234717343459455007091083337075""]",639799.279247,0.0,True,True,2025-12-31 04:00:00-08:00,2025-02-24 15:06:16.266385-08:00,,2026-02-03 22:25:06.587661,2025-02-24 15:06:16.266385,2025-12-31 04:00:00,zelensky resigns in 2025? zelensky-resigns-in-2025,Yes,No,,,,,,,,,,,,,,,,,,,,,,,,,,,,,,,0.23999999183999987,0.24,0.2599999927199999,0.24,0.2551885456885457,0.25,0.25,0.2551885456885457,0.25,0.25,0.25,0.25,0.25,0.25,0.25,0.25,0.23,0.23,0.2399999673599979,0.23999999673599998,0.2399999673599979,0.2399999673599979,0.2399999673599979,0.2399999673599979,0.21,0.22,0.21,0.21,0.21999995306666104,0.19,0.7600000081600001,0.7899999739299982,0.75,0.75,0.75,0.75,0.75,0.75,0.75,0.75,0.75,0.75,0.75,0.75,0.75,0.75,0.760004797979798,0.7537535901289082,0.78,0.760000003264,0.76,0.76,0.7799998595999691,0.7799999535714037,0.79,0.7899995338993427,0.79,0.79,0.78,0.8,,,,,,,,,,,,,,,,,,,,,,,,,,,,,,
525231,0x216cfc5952a75a6c2005fa90a1f49524401abdde826aaa916af4c88a70426363,Trump agrees to send U.S. peacekeeping force to Ukraine?,trump-agrees-to-send-us-peacekeeping-force-to-ukraine,"[""Yes"", ""No""]","[""0"", ""1""]","[""27854589915558666949911110700107109304807510472832754346848714713106576041207"", ""83742739530586820493605246339344277590673217105618245459443915506041800643469""]",96453.374455,0.0,True,True,2025-12-31 04:00:00-08:00,2025-02-25 14:26:52.989952-08:00,,2026-02-03 22:25:07.060178,2025-02-25 14:26:52.989952,2025-12-31 04:00:00,trump agrees to send u.s. peacekeeping force to ukraine? trump-agrees-to-send-us-peacekeeping-force-to-ukraine,Yes,No,,,,,,,,,,,,,,,,,,,,,,,,,,,,,,,0.09,0.09,0.09,0.09,0.08,0.09,0.08,0.08,0.08,0.08,0.08,0.08,0.08,0.08,0.08,0.08,0.08,0.08,0.08,0.08,0.08,0.08,0.1,0.08,0.1,0.08,0.1,0.1,0.08,0.1,0.909999930233327,0.909999930233327,0.91,0.909999930233327,0.91,0.91,0.91,0.91,0.91,0.91,0.91,0.91,0.92,0.91,0.91,0.91,0.91,0.91,0.91,0.91,0.91,0.91,0.9,0.91,0.9,0.9,0.9,0.9,0.92,0.9,,,,,,,,,,,,,,,,,,,,,,,,,,,,,,
525232,0x235acc369ccd9f0c10a74aa4cb6e5c0c6783eaec22b4843f6fe0e171ad8e4057,EU/NATO country announces peacekeeping force in Ukraine in 2025?,eunato-country-announces-peacekeeping-force-in-ukraine,"[""Yes"", ""No""]","[""0"", ""1""]","[""73663957466489274595176785305097386128325404078001917490010407904837134882577"", ""31566724138998405553508313449766802786847999037726188458982786371622924711878""]",133019.206562,0.0,True,True,2025-12-31 04:00:00-08:00,2025-02-25 14:31:00.303884-08:00,,2026-02-03 22:25:07.060178,2025-02-25 14:31:00.303884,2025-12-31 04:00:00,eu/nato country announces peacekeeping force in ukraine in 2025? eunato-country-announces-peacekeeping-force-in-ukraine,Yes,No,,,,,,,,,,,,,,,,,,,,,,,,,,,,,,,0.4,0.4299999931199994,0.39000014030010804,0.41,0.39,0.4,0.36,0.38,0.32,0.32,0.31,0.3399999973012418,0.31,0.3699999839130422,0.2799999514666589,0.24,0.28,0.27999999159999983,0.2753708133971292,0.25,0.299999819999928,0.2753708133971292,0.28,0.299999819999928,0.25,0.28,0.25,0.26999998055999946,0.26999998055999946,0.25,0.6,0.5700000068800006,0.609999859699892,0.59,0.61,0.609999859699892,0.65,0.62,0.68,0.68,0.69,0.6600000208506437,0.7,0.6500000261733849,0.72,0.76,0.72,0.72,0.72,0.75,0.700000180000072,0.72,0.72,0.700000180000072,0.7499998874999719,0.72,0.75,0.7300000194400006,0.75,0.75,,,,,,,,,,,,,,,,,,,,,,,,,,,,,,
525437,0x5b2e8b20438de32ab995a59630103b9ad71e87d7488b49ff417bbd348a026326,Will Karoline Leavitt say Zelensky 3+ times during next White House press briefing?-02262025,will-karoline-leavitt-say-zelensky-3-times-during-next-white-house-press-briefing-02262025,"[""Yes"", ""No""]","[""1"", ""0""]","[""12198166341436727947405729209814148041740036263965322192437253954048906701116"", ""10316592426452860464899722692398677096383513371344164830735417650138017205817""]",1646.182951,0.0,True,True,2025-12-31 04:00:00-08:00,2025-02-26 10:57:55.551434-08:00,,2026-02-03 22:25:07.060178,2025-02-26 10:57:55.551434,2025-12-31 04:00:00,will karoline leavitt say zelensky 3+ times during next white house press briefing?-02262025 will-karoline-leavitt-say-zelensky-3-times-during-next-white-house-press-briefing-02262025,Yes,No,,,,,,,,,,,,,,,,,,,,,,,,,,,,,,,0.99,0.99,0.99,0.99,0.99,0.99,0.99,0.99,0.99,0.99,0.99,0.99,0.99,0.99,0.99,0.99,0.99,0.99,0.99,0.99,0.99,0.99,0.99,0.99,0.99,0.99,0.99,0.99,0.99,0.99,0.01,0.01,0.01,0.01,0.01,0.01,0.01,0.01,0.01,0.01,0.01,0.01,0.01,0.01,0.01,0.01,0.01,0.01,0.01,0.01,0.01,0.01,0.01,0.01,0.01,0.01,0.01,0.01,0.01,0.01,,,,,,,,,,,,,,,,,,,,,,,,,,,,,,
525442,0x322afd91e6bedddd2526aa648a69bcf28e99478703585573a560660b012d9f9a,Will Karoline Leavitt say NATO during next White House press briefing?-02262025,will-karoline-leavitt-say-nato-during-next-white-house-press-briefing-02262025,"[""Yes"", ""No""]","[""0"", ""1""]","[""108057916747365167542504013787062021441684619476265070483570121865318046932052"", ""17526688879266974475993857941710252477836369992267558391595367358065513215277""]",2278.299285,0.0,True,True,2025-12-31 04:00:00-08:00,2025-02-26 10:57:59.430322-08:00,,2026-02-03 22:25:07.060178,2025-02-26 10:57:59.430322,2025-12-31 04:00:00,will karoline leavitt say nato during next white house press briefing?-02262025 will-karoline-leavitt-say-nato-during-next-white-house-press-briefing-02262025,Yes,No,,,,,,,,,,,,,,,,,,,,,,,,,,,,,,,0.001,0.001,0.001,0.001,0.001,0.001,0.001,0.001,0.001,0.001,0.001,0.001,0.001,0.001,0.001,0.001,0.001,0.001,0.001,0.001,0.001,0.001,0.001,0.001,0.001,0.001,0.001,0.001,0.001,0.001,0.999,0.999,0.999,0.999,0.999,0.999,0.999,0.999,0.999,0.999,0.999,0.999,0.999,0.999,0.999,0.999,0.999,0.999,0.999,0.999,0.999,0.999,0.999,0.999,0.999,0.999,0.999,0.999,0.999,0.999,,,,,,,,,,,,,,,,,,,,,,,,,,,,,,
526229,0xf73ebbd375f4b32f1ac0aee1724fa07288530b0cd3d2fbfbcfc7412d0c6bcb82,Trump severs ties with Ukraine before May?,trump-severs-ties-with-ukraine-before-may,"[""Yes"", ""No""]","[""0"", ""1""]","[""88551081062941956754624270296481102277138087249231124901142839087117648363109"", ""86304131703011980721755979925817881408007934797292837200662297834354514178950""]",140572.146211,0.0,True,True,2025-04-30 05:00:00-07:00,2025-02-28 11:53:55.201777-08:00,,2026-02-03 22:25:07.692186,2025-02-28 11:53:55.201777,2025-04-30 05:00:00,trump severs ties with ukraine before may? trump-severs-ties-with-ukraine-before-may,Yes,No,,,,,,,,,,,,,,,,,,,,,,,,,,,,,,,0.026975797208926042,0.026975797208926042,0.030999994103799944,0.026975797208926042,0.029,0.03099997045699861,0.017798042642432715,0.031,0.027,0.028492641679788815,0.025,0.031,0.027,0.025,0.021,0.024734,0.024,0.021,0.027166666666666665,0.027166666666666665,0.027166666666666665,0.027166666666666665,0.02,0.027166666666666665,0.01604998,0.019,0.021,0.021,0.02254901524394461,0.019,0.972,0.972,0.972,0.972,0.971,0.972,0.985,0.972,0.973,0.9690000069307144,0.9749662347188264,0.9739995431937575,0.973,0.975,0.979,0.973,0.977,0.98,0.972,0.972,0.972,0.972,0.98,0.972,0.984,0.981,0.983999990815997,0.979,0.983,0.979,,,,,,,,,,,,,,,,,,,,,,,,,,,,,,
526814,0x1b07e957981a04e688191208a4fc8b8349a93d6de03eba460fda38e647dafa5b,Sea/Air ceasefire in Ukraine before May? ,seaair-ceasefire-in-ukraine-before-may,"[""Yes"", ""No""]","[""1"", ""0""]","[""105039045108735350701067761926660919174556796573940954887933194396971464305066"", ""65961864506371256053813328069691531595710124813443748296296270747497043580971""]",1547772.010237,0.0,True,True,2025-04-30 05:00:00-07:00,2025-03-04 08:27:13.526679-08:00,,2026-02-03 22:25:08.200623,2025-03-04 08:27:13.526679,2025-04-30 05:00:00,sea/air ceasefire in ukraine before may?  seaair-ceasefire-in-ukraine-before-may,Yes,No,,,,,,,,,,,,,,,,,,,,,,,,,,,,,,,0.46,0.4343873067328513,0.42000000369343116,0.41,0.35000000085526317,0.4,0.3800000096875006,0.4,0.4,0.4,0.41,0.42,0.42,0.41,0.42,0.42,0.999,0.42,0.999,0.999,0.999,0.999,0.999,0.999,0.999,0.999,0.999,0.999,0.999,0.999,0.54,0.56,0.5799999981754631,0.59,0.6499999991447368,0.62,0.6199999903124994,0.61,0.6,0.6099999666533307,0.59,0.58,0.58,0.58,0.58,0.58,0.001,0.5500000440217444,0.001,0.001,0.001,0.001,0.001,0.001,0.001,0.001,0.001,0.001,0.001,0.001,,,,,,,,,,,,,,,,,,,,,,,,,,,,,,
526861,0xb8498bb4d013be50bd4af336c0cadf62ab0f2885cc968b742304d6edccfc7190,Will Trump sign mineral deal without Zelenskyy apology?,will-trump-sign-mineral-deal-without-zelenskyy-apology,"[""Yes"", ""No""]","[""1"", ""0""]","[""32921044856076201189154703786849418887213408387521621721061527935861828024828"", ""65449845407755668776897976670879705991692250175624922195548093200952844680115""]",973016.213858,0.0,True,True,2025-07-31 05:00:00-07:00,2025-03-04 14:06:50.110242-08:00,,2026-02-03 22:25:08.200623,2025-03-04 14:06:50.110242,2025-07-31 05:00:00,will trump sign mineral deal without zelenskyy apology? will-trump-sign-mineral-deal-without-zelenskyy-apology,Yes,No,,,,,,,,,,,,,,,,,,,,,,,,,,,,,,,0.7299999684324253,0.72,0.72,0.7299999684324253,0.49,0.7,0.68,0.41,0.68,0.65,0.74,0.64,0.7,0.67,0.77,0.68,0.75,0.81,0.83,0.76,0.8,0.83,0.7149886621315192,0.7400000178281062,0.7,0.7,0.5605855250840134,0.52,0.61,0.610000109200024,0.27000233603924545,0.28,0.27,0.27,0.57,0.33,0.32,0.59,0.32,0.35,0.26,0.36,0.3,0.33,0.25,0.32,0.31,0.19,0.146385,0.24,0.2,0.18,0.24680040802448147,0.22580323979803782,0.32,0.2643055073268977,0.459999999494,0.43,0.3899999773799968,0.389999890799976,,,,,,,,,,,,,,,,,,,,,,,,,,,,,,
527005,0x6ee44a32b167a5d5d05a4b6522d7304a27b8682e3314528afbd99a9cf22a3ef6,U.S. announces resumption of direct flights to Russia before May?,us-announces-resumption-of-direct-flights-to-russia-before-may,"[""Yes"", ""No""]","[""0"", ""1""]","[""100121345789532362055123879793212027312379236056429540221720415709850532973373"", ""96618036676034164847772351078297997221316377064022855127438030193903015078566""]",22139.902349,0.0,True,True,2025-04-30 05:00:00-07:00,2025-03-06 09:38:55.303143-08:00,,2026-02-03 22:25:08.525485,2025-03-06 09:38:55.303143,2025-04-30 05:00:00,u.s. announces resumption of direct flights to russia before may? us-announces-resumption-of-direct-flights-to-russia-before-may,Yes,No,,,,,,,,,,,,,,,,,,,,,,,,,,,,,,,0.15,0.15,0.15629375411085134,0.15,0.15629375411085134,0.15629375411085134,0.17,0.15629375411085134,0.17,0.17,0.14941176470588236,0.14941176470588236,0.14941176470588236,0.14941176470588236,0.16,0.14941176470588236,0.17,0.16,0.17,0.17,0.18,0.18,0.18,0.18,0.2,0.18,0.17000000090270914,0.17000000090270914,0.17000000090270914,0.17000000090270914,0.85,0.8799995071992903,0.84,0.85,0.84,0.84,0.83,0.84,0.83,0.83,0.86,0.86,0.86,0.86,0.84,0.86,0.8146975331035734,0.84,0.8146975331035734,0.8146975331035734,0.82,0.82,0.82,0.82,0.8,0.82,0.83,0.8299999990972908,0.8399996471997954,0.8399996471997954,,,,,,,,,,,,,,,,,,,,,,,,,,,,,,
527032,0x02c656172e040722a0a53c5aa8a2e597e96ddcb96cd0caa36d2cb88018b0113e,"Will Karoline Leavitt say ""Zelensky"" 3+ times during next White House press briefing?",will-karoline-leavitt-say-zelensky-3-times-during-next-white-house-press-briefing-03062025,"[""Yes"", ""No""]","[""0"", ""1""]","[""90544185197348445762400462367487730947998989538649021442756705113012034127717"", ""52520991936301939851844268554264807330714499642654844594240746592838266792432""]",1266.814548,0.0,True,True,2025-12-31 04:00:00-08:00,2025-03-06 11:18:56.713064-08:00,,2026-02-03 22:25:08.525485,2025-03-06 11:18:56.713064,2025-12-31 04:00:00,"will karoline leavitt say ""zelensky"" 3+ times during next white house press briefing? will-karoline-leavitt-say-zelensky-3-times-during-next-white-house-press-briefing-03062025",Yes,No,,,,,,,,,,,,,,,,,,,,,,,,,,,,,,,0.01,0.01,0.01,0.01,0.01,0.01,0.01,0.01,0.01,0.01,0.01,0.01,0.01,0.01,0.01,0.01,0.01,0.01,0.01,0.01,0.01,0.01,0.01,0.01,0.01,0.01,0.01,0.01,0.01,0.01,0.999,0.999,0.999,0.999,0.999,0.999,0.999,0.999,0.999,0.999,0.999,0.999,0.999,0.999,0.999,0.999,0.999,0.999,0.999,0.999,0.999,0.999,0.999,0.999,0.999,0.999,0.999,0.999,0.999,0.999,,,,,,,,,,,,,,,,,,,,,,,,,,,,,,
527081,0x3ce5ee714234737803479a56eb108db5773073f9171c09f089c8d299c5e5d6c7,Will Trump meet with Putin in Saudi Arabia before June?,will-trump-meet-with-putin-in-saudi-arabia-before-june,"[""Yes"", ""No""]","[""0"", ""1""]","[""85329416514471004297478005149625146014624743562622421967455557722819447174298"", ""17189149212865445714213344530377307644873493103595435170459256971807866915825""]",1219774.204101,0.0,True,True,2025-05-31 05:00:00-07:00,2025-03-06 14:00:04.633516-08:00,,2026-02-03 22:25:08.525485,2025-03-06 14:00:04.633516,2025-05-31 05:00:00,will trump meet with putin in saudi arabia before june? will-trump-meet-with-putin-in-saudi-arabia-before-june,Yes,No,,,,,,,,,,,,,,,,,,,,,,,,,,,,,,,0.4099999946699998,0.45,0.45,0.4499999647058782,0.45999999003333314,0.63,0.4699999932319998,0.4699999469145919,0.3900000244000039,0.4300000001284301,0.39000014030010804,0.3900000244000039,0.31,0.4,0.29,0.26,0.22000000054544083,0.29,0.32,0.32,0.32,0.32,0.28,0.26,0.25,0.28,0.23,0.25,0.25,0.23,0.57,0.57999999884,0.55,0.5567142857142857,0.5400000099666669,0.37,0.5300000067680002,0.5300000530854081,0.6099999755999961,0.54,0.609999859699892,0.6099999755999961,0.66,0.6,0.6999999766666597,0.74,0.7375952867129686,0.71,0.6899995930766414,0.6899995930766414,0.69,0.68,0.72,0.75,0.75,0.74,0.77,0.75,0.7699999874233328,0.77,,,,,,,,,,,,,,,,,,,,,,,,,,,,,,
527278,0xcc8881bf9d7af55bb753b1c9381a8a03de4670b25df883ae6fa21856778938a4,Will the US sanction Russia before May?,will-the-us-sanction-russia-before-may,"[""Yes"", ""No""]","[""1"", ""0""]","[""76683579252562835143863542840343898007243510337054657506558517873008498105093"", ""33787629600621860180939604657495798919073059313987957113657471584613393310606""]",62934.400328,0.0,True,True,2025-04-30 05:00:00-07:00,2025-03-07 11:45:36.524014-08:00,,2026-02-03 22:25:08.525485,2025-03-07 11:45:36.524014,2025-04-30 05:00:00,will the us sanction russia before may? will-the-us-sanction-russia-before-may,Yes,No,,,,,,,,,,,,,,,,,,,,,,,,,,,,,,,0.999,0.999,0.999,0.999,0.999,0.999,0.999,0.999,0.999,0.999,0.999,0.999,0.999,0.999,0.999,0.999,0.999,0.999,0.999,0.999,0.999,0.999,0.999,0.999,0.999,0.999,0.999,0.999,0.999,0.999,0.001,0.001,0.001,0.001,0.001,0.001,0.001,0.001,0.001,0.001,0.001,0.001,0.001,0.001,0.001,0.001,0.001,0.001,0.001,0.001,0.001,0.001,0.001,0.001,0.001,0.001,0.001,0.001,0.001,0.001,,,,,,,,,,,,,,,,,,,,,,,,,,,,,,
527279,0x515b15f2d8fb8a3af69e2dcb7283a3078914f3ee6429e8c8806017b39bef190b,Will Russia recapture Sudzha by March 31?,will-russia-recapture-sudzha-by-march-31,"[""Yes"", ""No""]","[""1"", ""0""]","[""40001158490980829331315202760805197309678407198352511114569399283632572307422"", ""22752183918002848078277748029145662550669719932108767430775139318472934671798""]",452812.374945,0.0,True,True,2025-04-30 05:00:00-07:00,2025-03-07 12:20:49.344779-08:00,,2026-02-03 22:25:08.525485,2025-03-07 12:20:49.344779,2025-04-30 05:00:00,will russia recapture sudzha by march 31? will-russia-recapture-sudzha-by-march-31,Yes,No,,,,,,,,,,,,,,,,,,,,,,,,,,,,,,,0.998,0.998,0.998,0.998,0.998,0.998,0.998,0.998,0.998,0.998,0.998,0.998,0.998,0.998,0.998,0.998,0.998,0.998,0.998,0.998,0.998,0.998,0.998,0.998,0.998,0.998,0.998,0.998,0.998,0.998,0.002,0.002,0.002,0.002,0.002,0.002,0.002,0.002,0.002,0.002,0.002,0.002,0.002,0.002,0.002,0.002,0.002,0.002,0.002,0.002,0.002,0.002,0.002,0.002,0.002,0.002,0.002,0.002,0.002,0.002,,,,,,,,,,,,,,,,,,,,,,,,,,,,,,
